system:index,BuiltUp,Curvature,DistRiver,Elevation,Flood,FlowAccum,HAND,LandCover,NDVI,NDWI,Slope,random,.geo
0,13.149684,1.3107452,3755.8755,25.598917,0,0.012566873,10.177879,30.0,0.5204598,-0.5474965,1.689509,0.35703215811895417,"{""geodesic"":false,""type"":""Point"",""coordinates"":[-75.88680752666693,9.116078334187069]}"
1,13.315194,-0.80874825,189.73666,14.691923,0,0.00930446,1.8709435,30.0,0.62144476,-0.5843581,0.94734555,0.37579949052675177,"{""geodesic"":false,""type"":""Point"",""coordinates"":[-75.85991431569634,8.825012373539769]}"
2,0.0,22.938599,6855.837,92.57021,0,0.008452752,25.550755,30.0,0.6885832,-0.66116375,13.054238,0.3889083386697214,"{""geodesic"":false,""type"":""Point"",""coordinates"":[-76.12504171885861,8.640908417856549]}"
3,0.0,-8.064232,270.0,32.838337,0,0.013640944,2.7220304,30.0,0.6603102,-0.6231668,3.7159982,0.4855908374105985,"{""geodesic"":false,""type"":""Point"",""coordinates"":[-75.95017064836387,8.485642525151702]}"
4,0.0,-3.7536125,1390228.5,36.250538,0,0.08510293,0.35256803,30.0,0.3486742,-0.43678448,2.9928825,0.319764209536079,"{""geodesic"":false,""type"":""Point"",""coordinates"":[-75.756096107655,8.609796525926557]}"
5,0.0,-0.60821295,1221.188,6.1431484,0,1.24476,0.94293016,30.0,0.7461522,-0.6514457,0.53520876,0.583292078616556,"{""geodesic"":false,""type"":""Point"",""coordinates"":[-75.62906065450004,8.941331797055211]}"
6,0.0,-0.0069389343,1390228.5,62.32836,0,0.008440155,18.561985,30.0,0.7935285,-0.6865491,7.7524977,0.05543999127821053,"{""geodesic"":false,""type"":""Point"",""coordinates"":[-76.04756169836664,9.196500513524628]}"
7,0.0,0.09700537,1622.498,3.5,0,0.21623431,0.0,30.0,0.5425087,-0.480602,0.6061351,0.3819862469591706,"{""geodesic"":false,""type"":""Point"",""coordinates"":[-75.80204473531269,9.178679835171586]}"
8,0.0,1.6178541,1532.6448,3.0,0,0.98248607,1.0841863,90.0,0.5106539,-0.45609066,0.77456313,0.10210230445580648,"{""geodesic"":false,""type"":""Point"",""coordinates"":[-75.82382106941803,9.149327922598443]}"
10,1.4176161,4.0546417,1390228.5,73.9823,0,0.017507883,5.5414963,30.0,0.47965345,-0.5302742,3.9823744,0.002036805757734017,"{""geodesic"":false,""type"":""Point"",""coordinates"":[-75.45029227507894,9.138045170500082]}"
11,179.71915,-33.809967,9759.964,114.68017,0,0.030384442,6.525928,10.0,0.5340816,-0.5064516,1.8674233,0.5623947120233393,"{""geodesic"":false,""type"":""Point"",""coordinates"":[-76.11533751315508,8.678377322207384]}"
15,0.0,0.42153454,1520.855,10.14247,0,0.10913038,2.7970412,30.0,0.6101401,-0.55877036,0.35625747,0.09557767825240948,"{""geodesic"":false,""type"":""Point"",""coordinates"":[-75.58049632852592,8.946837825815425]}"
16,0.0,-2.7577324,1390228.5,44.525654,0,2.7073812,0.84172475,30.0,0.611464,-0.58892936,3.1170614,0.10730116270488455,"{""geodesic"":false,""type"":""Point"",""coordinates"":[-75.74828103526954,9.320970432108789]}"
18,0.0,-1.7813721,1390228.5,81.11431,0,0.010192654,20.326557,30.0,0.6173611,-0.5511156,1.9440407,0.5322011570285217,"{""geodesic"":false,""type"":""Point"",""coordinates"":[-75.96606463912595,8.94440522211227]}"
19,0.0,4.2828636,1390228.5,50.337093,0,0.03518589,13.569606,30.0,0.61752987,-0.5984252,2.629109,0.1811179167319349,"{""geodesic"":false,""type"":""Point"",""coordinates"":[-76.00540186545994,9.157280498146527]}"
20,0.0,-6.142372,7430.377,30.86374,0,0.33590683,0.55879176,10.0,0.8272506,-0.7220382,1.9022249,0.30201809363233734,"{""geodesic"":false,""type"":""Point"",""coordinates"":[-75.68019127112977,9.283934786294925]}"
21,0.0,-4.650818,8913.636,101.575745,0,0.008451573,46.275337,30.0,0.79181284,-0.7107761,15.676721,0.4356409581557078,"{""geodesic"":false,""type"":""Point"",""coordinates"":[-76.08157354500386,8.694210550136173]}"
22,0.0,4.600464,10143.594,67.832726,0,0.020708483,12.244783,30.0,0.6059547,-0.54900736,5.5984683,0.18938748453851606,"{""geodesic"":false,""type"":""Point"",""coordinates"":[-75.8052308602386,8.638729337224802]}"
23,0.0,0.15900421,11317.159,47.147484,0,0.02050897,7.3928123,30.0,0.6332795,-0.6254019,1.0063292,0.10528111603417467,"{""geodesic"":false,""type"":""Point"",""coordinates"":[-75.96291532909119,8.88797943738788]}"
24,0.0,0.6523237,6062.45,10.903217,0,0.12602854,1.3892881,30.0,0.7000579,-0.6531532,0.28769532,0.0059998970932523266,"{""geodesic"":false,""type"":""Point"",""coordinates"":[-75.7812624636206,8.911467364536001]}"
25,0.0,14.031639,1390228.5,122.46261,0,0.34417176,4.747045,30.0,0.6383208,-0.5821206,2.921769,0.14405978937700792,"{""geodesic"":false,""type"":""Point"",""coordinates"":[-76.09199363303412,8.900375178074865]}"
26,0.0,5.48452,1390228.5,47.099705,0,0.07796099,9.21395,30.0,0.8101604,-0.74980617,7.0379925,0.4704037955475411,"{""geodesic"":false,""type"":""Point"",""coordinates"":[-76.0014528410436,9.209383032314628]}"
27,0.0,7.6784935,954.82983,11.657386,0,0.00905972,0.7384749,10.0,0.85441464,-0.760841,1.926714,0.5722072806687892,"{""geodesic"":false,""type"":""Point"",""coordinates"":[-75.88154968411273,8.861048314319694]}"
28,0.0,-1.0488644,2678.0776,5.105392,0,0.047646716,0.4100042,30.0,0.6218182,-0.60587174,0.4188604,0.31147058636693814,"{""geodesic"":false,""type"":""Point"",""coordinates"":[-75.70504387189256,9.00495843677587]}"
29,0.0,3.3958397,3908.9897,19.715273,0,0.008450785,0.36552098,30.0,0.5019806,-0.5234137,0.1273607,0.06477086528347065,"{""geodesic"":false,""type"":""Point"",""coordinates"":[-75.73179179926103,8.730045488496252]}"
30,0.0,-0.1104126,7097.394,9.523076,0,0.01519955,1.7284032,30.0,0.39363676,-0.4842729,0.44119963,0.27383047183580334,"{""geodesic"":false,""type"":""Point"",""coordinates"":[-75.64933410054388,8.831947762626232]}"
31,7.76774,4.391243,1390228.5,75.28636,0,0.9519105,1.8005675,30.0,0.61006635,-0.6069556,3.5496893,0.03624457820349791,"{""geodesic"":false,""type"":""Point"",""coordinates"":[-75.99001620149734,8.922094188914599]}"
33,0.0,1.7009363,4643.027,8.332979,0,0.08627407,0.6987813,30.0,0.5214119,-0.53415334,1.2283047,0.5188960658003096,"{""geodesic"":false,""type"":""Point"",""coordinates"":[-75.80018191066173,8.954025690856243]}"
35,0.0,-1.387564,1851.513,5.21396,0,0.01257138,0.64181525,30.0,0.460047,-0.50903296,2.3016202,0.5422554594962442,"{""geodesic"":false,""type"":""Point"",""coordinates"":[-75.70689403275807,9.113759053432174]}"
36,0.0,0.733181,3971.4607,18.682959,0,0.010283654,2.9256916,30.0,0.49247938,-0.50489235,0.90751714,0.43659242845768587,"{""geodesic"":false,""type"":""Point"",""coordinates"":[-75.68468651071024,8.77137675637402]}"
38,0.0,3.8105927,1390228.5,83.06077,0,0.008441825,20.478855,30.0,0.4062646,-0.47934425,5.379189,0.5494880860360085,"{""geodesic"":false,""type"":""Point"",""coordinates"":[-75.49805504050353,9.12468707541398]}"
39,0.0,1.5379624,2190.8218,7.5494175,0,0.041361783,0.32207474,30.0,0.4795076,-0.49160463,0.21517253,0.19641144486607165,"{""geodesic"":false,""type"":""Point"",""coordinates"":[-75.7477793955182,8.814941805077279]}"
40,0.0,0.7175331,1390228.5,58.54806,0,0.048341636,10.8632345,30.0,0.34193358,-0.42631993,3.0984263,0.04169702908288797,"{""geodesic"":false,""type"":""Point"",""coordinates"":[-75.54721579695564,9.13546995705448]}"
41,0.0,1.29461,5417.056,10.625299,0,0.012507957,2.111966,30.0,0.52679354,-0.54420257,0.32207018,0.34425729295644236,"{""geodesic"":false,""type"":""Point"",""coordinates"":[-75.62873170806284,9.222436321037488]}"
42,0.0,4.458336,1390228.5,119.082054,0,0.015180694,17.253307,30.0,0.7113916,-0.6581609,8.851843,0.6694221669375509,"{""geodesic"":false,""type"":""Point"",""coordinates"":[-75.43698447085502,9.196128770738744]}"
43,0.0,4.544702,6413.2676,4.581817,0,0.0084383255,3.0773487,30.0,0.70869565,-0.6632406,0.40962943,0.3302789364143731,"{""geodesic"":false,""type"":""Point"",""coordinates"":[-75.9765085970826,9.273752329651344]}"
44,0.0,-1.4240446,1328.4954,5.351389,0,0.028992387,0.87444,30.0,0.55050117,-0.554296,0.836829,0.23359275989335593,"{""geodesic"":false,""type"":""Point"",""coordinates"":[-75.70814929087294,9.057862298445865]}"
45,0.0,-0.9801483,11295.667,69.618576,0,0.0203336,9.590264,30.0,0.4244059,-0.47716963,2.5421705,0.49484625001783167,"{""geodesic"":false,""type"":""Point"",""coordinates"":[-75.47777059128275,9.063933625101013]}"
47,4.8508887,2.1538599,0.0,2.5,0,12632.037,0.32958665,10.0,0.6309259,-0.5125406,12.206153,0.4738110548949753,"{""geodesic"":false,""type"":""Point"",""coordinates"":[-75.84419828264026,9.22253793953065]}"
48,101.35923,-9.790955,1390228.5,109.0876,0,0.008778059,9.032321,30.0,0.34557688,-0.42615157,4.7780128,0.07094487406253558,"{""geodesic"":false,""type"":""Point"",""coordinates"":[-75.45913168914656,9.217537232088425]}"
49,0.0,8.279648,4920.0,37.491135,0,0.41856092,1.9009775,10.0,0.7433315,-0.689305,4.3596635,0.021114245124939646,"{""geodesic"":false,""type"":""Point"",""coordinates"":[-75.75063658072348,9.272669435533139]}"
51,0.0,2.1082172,1090.7795,26.011972,0,0.7027292,0.43904123,30.0,0.6848485,-0.6486286,1.0846809,0.3990017212885165,"{""geodesic"":false,""type"":""Point"",""coordinates"":[-76.07391126757737,8.58814921190344]}"
52,0.0,11.9275055,16685.96,90.71298,0,0.008746369,22.361681,30.0,0.26820013,-0.3961624,5.675081,0.0616059991520318,"{""geodesic"":false,""type"":""Point"",""coordinates"":[-75.68140382485204,8.615091594721179]}"
54,0.0,-0.14051819,1390228.5,40.875137,0,2.2071948,2.909492,30.0,0.68732524,-0.6340253,5.0741076,0.6659407790657279,"{""geodesic"":false,""type"":""Point"",""coordinates"":[-76.04458926511754,9.207090091566183]}"
55,0.0,3.005436,4951.5454,49.22816,0,0.010168596,3.8299804,30.0,0.55250597,-0.5684147,2.625318,0.3346305792588643,"{""geodesic"":false,""type"":""Point"",""coordinates"":[-76.09423267018747,8.64018370995143]}"
56,0.0,-0.20134068,551.5433,9.6359825,0,0.014683015,0.5878493,90.0,0.57227457,-0.5603045,0.5340195,0.00480563523286115,"{""geodesic"":false,""type"":""Point"",""coordinates"":[-75.74822098947129,8.763116213216696]}"
58,0.0,7.0448685,1390228.5,49.205074,0,0.06635908,8.549231,30.0,0.8598625,-0.7372191,10.04005,0.2949034225927121,"{""geodesic"":false,""type"":""Point"",""coordinates"":[-76.00308430049975,9.206936704529314]}"
62,0.0,1.6207199,270.0,15.146586,0,0.20856602,0.2851762,30.0,0.47196,-0.5196331,2.8709695,0.2554084288515408,"{""geodesic"":false,""type"":""Point"",""coordinates"":[-75.95623947630287,8.731988067599968]}"
63,0.0,-3.3782654,1390228.5,89.425095,0,0.008445978,24.088926,30.0,0.43914893,-0.49778566,1.260688,0.505673190399375,"{""geodesic"":false,""type"":""Point"",""coordinates"":[-75.97888686508101,8.943557627419858]}"
67,0.0,1.04421,3927.7092,7.4600277,0,0.008440633,3.364054,30.0,0.57060355,-0.54891074,0.5331214,0.14804140982122127,"{""geodesic"":false,""type"":""Point"",""coordinates"":[-75.63574831378882,9.175483243588307]}"
68,0.0,13.091019,657.95135,40.15771,0,0.0154835135,17.148468,10.0,0.43956417,-0.49610758,12.887057,0.23638830555661083,"{""geodesic"":false,""type"":""Point"",""coordinates"":[-75.92770778932635,8.662871579851767]}"
70,0.0,-10.800232,1390228.5,40.009377,0,0.008440318,17.849138,30.0,0.52764505,-0.5753167,3.9306493,0.16856840441553522,"{""geodesic"":false,""type"":""Point"",""coordinates"":[-75.96644678757278,9.189401484952668]}"
71,0.0,1.0763211,6011.7637,5.608541,0,3.2154336,0.46667373,90.0,0.7675362,-0.67896473,0.69881797,0.29652976820663723,"{""geodesic"":false,""type"":""Point"",""coordinates"":[-75.91540229346077,9.195503486537554]}"
72,0.0,0.068538666,1390228.5,11.597525,0,0.9285971,0.9075718,30.0,0.41260746,-0.46312508,0.6443683,0.6119869096016333,"{""geodesic"":false,""type"":""Point"",""coordinates"":[-75.59878348157082,9.114495656582513]}"
74,13.42151,-2.0466805,2047.4862,18.459377,0,0.22966035,1.0121208,30.0,0.5750452,-0.58124053,1.388293,0.23856820826320124,"{""geodesic"":false,""type"":""Point"",""coordinates"":[-76.00230235512294,8.72291569035386]}"
75,0.0,-3.0653687,1390228.5,65.802536,0,0.016700257,1.9783185,30.0,0.42857143,-0.49522293,3.2201247,0.5821724464779063,"{""geodesic"":false,""type"":""Point"",""coordinates"":[-75.47292067087825,9.112510246367554]}"
76,0.0,-1.1170502,7937.3105,45.649326,0,0.018273365,5.6521297,30.0,0.6966646,-0.6255653,0.6867679,0.42826481954841644,"{""geodesic"":false,""type"":""Point"",""coordinates"":[-76.05810662980039,8.491333543937643]}"
77,0.0,0.62905216,1390228.5,12.798971,0,0.010759475,2.0721345,30.0,0.4292054,-0.5093732,0.43212247,0.10251558730578503,"{""geodesic"":false,""type"":""Point"",""coordinates"":[-75.59717022104644,9.129421832543729]}"
78,29.162218,-27.689812,8130.221,122.65496,0,0.008452168,65.03584,30.0,0.54310346,-0.48918468,7.5316806,0.6345671275965294,"{""geodesic"":false,""type"":""Point"",""coordinates"":[-75.82601477753568,8.667446154331428]}"
79,0.0,4.016979,1865.315,9.943352,0,0.011263041,3.740634,30.0,0.5796401,-0.55191976,0.4458015,0.1604668237090614,"{""geodesic"":false,""type"":""Point"",""coordinates"":[-75.59671378086692,9.018445525911284]}"
80,0.0,1.3173904,10624.617,74.000694,0,0.029781047,12.801544,30.0,0.6360623,-0.62101805,14.186333,0.6303279858024589,"{""geodesic"":false,""type"":""Point"",""coordinates"":[-76.06733579899665,8.769403967573364]}"
81,0.0,-0.047981977,6875.7617,2.5923805,0,0.018828187,0.2049954,90.0,0.6637765,-0.5913384,0.11700062,0.454219180004402,"{""geodesic"":false,""type"":""Point"",""coordinates"":[-75.96417647323084,9.258320979714833]}"
83,0.0,1.3626738,926.6067,8.143286,0,0.016504282,1.8737141,30.0,0.35431126,-0.3157846,1.0758462,0.6633638142354815,"{""geodesic"":false,""type"":""Point"",""coordinates"":[-75.72873213309612,8.839127959232455]}"
84,0.0,0.450284,666.1081,5.834653,0,0.066138566,0.7006117,30.0,0.63360846,-0.5799529,0.5026897,0.38091506613033577,"{""geodesic"":false,""type"":""Point"",""coordinates"":[-75.6097480810259,8.97853745043207]}"
86,0.0,1.3632472,1909.6597,3.0,0,0.019097451,0.5,30.0,0.49047086,-0.49739546,0.0,0.06450897128585786,"{""geodesic"":false,""type"":""Point"",""coordinates"":[-75.70197410186351,9.11078392890032]}"
87,0.0,-4.1329613,10624.745,57.62084,0,0.009806841,22.88601,30.0,0.39963883,-0.46007824,6.708606,0.559568765030798,"{""geodesic"":false,""type"":""Point"",""coordinates"":[-75.61304193595394,8.82603933483899]}"
88,185.882,-2.0115814,4763.2974,7.421674,0,0.010870278,1.8483464,30.0,0.7401494,-0.67522,3.33973,0.24119318071425333,"{""geodesic"":false,""type"":""Point"",""coordinates"":[-75.63718726823242,8.906858024511683]}"
89,0.0,-6.2254257,1390228.5,90.724495,0,0.009333342,27.017164,30.0,0.5583448,-0.5390277,2.905561,0.3507542942790769,"{""geodesic"":false,""type"":""Point"",""coordinates"":[-75.79474960295506,8.580957236451615]}"
90,0.0,-7.4146686,8142.389,16.372698,0,0.019975942,2.8172426,95.0,0.83016306,-0.7380645,14.915048,0.1274235347384206,"{""geodesic"":false,""type"":""Point"",""coordinates"":[-75.84126391371383,9.366073310157093]}"
91,0.0,1.9650269,11606.123,75.89399,0,0.008451897,18.714005,30.0,0.44645247,-0.47232157,14.777984,0.5464642540236522,"{""geodesic"":false,""type"":""Point"",""coordinates"":[-75.68615602317405,8.679933183079871]}"
92,0.0,-13.589516,10099.312,89.113464,0,0.0136685,21.997038,30.0,0.47055888,-0.5518694,2.503564,0.22479089249361317,"{""geodesic"":false,""type"":""Point"",""coordinates"":[-75.82590727326316,8.618064187276781]}"
93,85.52031,-5.3126755,1390228.5,119.141205,0,0.008440299,34.79127,10.0,0.2999728,-0.3457207,5.1065354,0.04819971865898964,"{""geodesic"":false,""type"":""Point"",""coordinates"":[-75.4844923545704,9.190098611795424]}"
94,0.0,-32.47872,1390228.5,136.65776,0,0.008449679,12.587841,10.0,0.47755992,-0.46022177,10.83504,0.4724898825881222,"{""geodesic"":false,""type"":""Point"",""coordinates"":[-75.58187018803326,8.779418092905342]}"
95,0.0,-0.2761116,1390228.5,50.848057,0,0.010210923,6.989226,30.0,0.46936512,-0.5031197,1.6452794,0.6576930586653584,"{""geodesic"":false,""type"":""Point"",""coordinates"":[-75.64228635099877,9.317650058004618]}"
96,0.0,-0.15422058,1390228.5,262.40875,0,0.009198835,136.60368,30.0,0.7365061,-0.66546065,18.752447,0.43733656645081764,"{""geodesic"":false,""type"":""Point"",""coordinates"":[-76.12574196483669,8.692997341596412]}"
98,30.502083,0.55955505,11065.446,69.24028,0,0.04996362,9.352992,30.0,0.41248184,-0.47186932,1.8701892,0.24161062357696972,"{""geodesic"":false,""type"":""Point"",""coordinates"":[-75.47637890765238,9.043584718517545]}"
99,0.0,-1.5707321,6689.1255,16.772177,0,0.012816552,4.8704567,30.0,0.5205219,-0.5328127,2.6960557,0.4305692219324849,"{""geodesic"":false,""type"":""Point"",""coordinates"":[-75.60202195429733,9.091969353795681]}"
100,36.876358,0.6586914,10996.627,45.13553,0,0.039008662,5.0167994,30.0,0.40707162,-0.37345132,1.6276392,0.6039739986017134,"{""geodesic"":false,""type"":""Point"",""coordinates"":[-75.97025573507202,8.878192991869572]}"
101,0.0,-5.517494,1390228.5,84.42114,0,0.03629166,25.05981,60.0,0.49638888,-0.5475438,12.002844,0.68193284331229,"{""geodesic"":false,""type"":""Point"",""coordinates"":[-75.71900483160228,8.60281288517909]}"
102,0.0,-0.4562378,1390228.5,36.422626,0,0.01161639,4.339035,10.0,0.63376844,-0.5824176,4.942894,0.6581298395743429,"{""geodesic"":false,""type"":""Point"",""coordinates"":[-75.77626742866495,8.608128328126215]}"
103,0.0,-1.5419998,4291.678,17.772669,0,0.017661853,6.2480145,30.0,0.7408306,-0.6636661,5.049203,0.15281231904110093,"{""geodesic"":false,""type"":""Point"",""coordinates"":[-75.66728518601145,8.802069113941151]}"
107,0.0,-4.293943,2324.1772,9.649441,0,0.0084449295,0.87437856,30.0,0.5637646,-0.5492787,2.3589435,0.43148688175486505,"{""geodesic"":false,""type"":""Point"",""coordinates"":[-75.81581600250026,8.989806704067494]}"
109,0.0,-0.007881165,1390228.5,46.883377,0,0.012240838,14.221294,30.0,0.4737933,-0.52973723,2.7675288,0.3906568431328521,"{""geodesic"":false,""type"":""Point"",""coordinates"":[-75.5749018304539,9.203804139570854]}"
110,0.0,-0.23175931,60.0,3.5,0,0.06706168,0.81877905,30.0,0.3765324,-0.45555556,0.54760045,0.3220861785173669,"{""geodesic"":false,""type"":""Point"",""coordinates"":[-75.74626928993617,9.143797941248353]}"
111,0.0,-9.763527,7048.723,79.7496,0,0.017060192,20.993399,30.0,0.4866868,-0.5213483,7.696965,0.6030460021869763,"{""geodesic"":false,""type"":""Point"",""coordinates"":[-76.10926756793144,8.653977237336369]}"
112,0.0,0.12732983,1733.2628,11.600011,0,0.23072822,0.2510182,30.0,0.4685624,-0.46025762,0.03625938,0.6490799488765909,"{""geodesic"":false,""type"":""Point"",""coordinates"":[-75.84484115897692,8.794115296205394]}"
114,0.0,16.975609,1390228.5,107.00027,0,0.06417062,26.363148,10.0,0.6170645,-0.6102495,6.275164,0.667275189057286,"{""geodesic"":false,""type"":""Point"",""coordinates"":[-75.64138846732216,8.652334267426278]}"
115,0.0,-7.2474036,4610.6396,7.006462,0,0.03404115,0.84949464,95.0,0.5821326,-0.5735168,2.3687935,0.11530743714006086,"{""geodesic"":false,""type"":""Point"",""coordinates"":[-75.88737037053677,9.341271096104835]}"
116,0.0,0.298254,180.0,26.50901,0,0.016707644,5.3731465,30.0,0.6789895,-0.6465257,2.768357,0.5353298399390443,"{""geodesic"":false,""type"":""Point"",""coordinates"":[-75.96604792559792,8.513821081730676]}"
118,0.0,-1.8929424,827.58685,14.6917515,0,0.014737665,1.302387,30.0,0.7911624,-0.6856046,6.997984,0.07127769315600874,"{""geodesic"":false,""type"":""Point"",""coordinates"":[-75.7839057675657,8.741880006149938]}"
121,0.0,-0.37809753,1546.3829,149.17079,0,0.0154961385,109.24774,10.0,0.6202805,-0.6144751,12.673598,0.5861975282154438,"{""geodesic"":false,""type"":""Point"",""coordinates"":[-75.92350108217164,8.614857412042893]}"
122,6.380613,-4.5236664,1390228.5,117.18004,0,0.008456221,4.5599875,30.0,0.6529873,-0.61165047,5.0414944,0.38777913374309325,"{""geodesic"":false,""type"":""Point"",""coordinates"":[-76.17335310029189,8.481507914830496]}"
124,0.0,-1.8540955,6920.188,15.683346,0,0.012402107,3.0146556,30.0,0.5159843,-0.5392938,0.83651495,0.3251446974383757,"{""geodesic"":false,""type"":""Point"",""coordinates"":[-75.61605172015778,9.154353186656778]}"
125,0.0,0.10896778,3164.2534,6.5979853,0,0.009177286,0.79261416,30.0,0.60733765,-0.56896275,0.44510868,0.05033558885403544,"{""geodesic"":false,""type"":""Point"",""coordinates"":[-75.81900509057671,8.95154258552612]}"
126,0.0,11.73645,13596.224,63.56484,0,0.008452909,13.75087,30.0,0.7097257,-0.6673152,7.0180116,0.5548332447892985,"{""geodesic"":false,""type"":""Point"",""coordinates"":[-75.70324903280792,8.633503257056173]}"
127,0.0,-6.1988974,6220.1367,8.997286,0,0.021413859,5.2482457,30.0,0.64211136,-0.6144853,1.4408219,0.30341028887105925,"{""geodesic"":false,""type"":""Point"",""coordinates"":[-75.90144838777411,9.184414589101147]}"
128,0.0,8.109604,4392.414,52.955605,0,0.009174705,33.156822,30.0,0.61539495,-0.5288742,18.36727,0.13435126350911564,"{""geodesic"":false,""type"":""Point"",""coordinates"":[-75.70292415726777,8.75180701956577]}"
130,40.584465,4.4513526,1200.0,5.07771,0,0.057683326,2.595537,30.0,0.6038214,-0.5241801,3.2492397,0.6326538783173987,"{""geodesic"":false,""type"":""Point"",""coordinates"":[-75.77867404306467,9.229740178320952]}"
131,57.996098,4.1502686,8612.561,28.483126,0,0.036016427,1.7655965,30.0,0.6948748,-0.6081012,0.6925621,0.11481057862897137,"{""geodesic"":false,""type"":""Point"",""coordinates"":[-75.52288557181983,8.924944840203757]}"
132,0.0,0.22044706,4821.8877,6.090149,0,0.17355746,0.2212436,30.0,0.5707508,-0.5857988,0.80013406,0.4150180334338651,"{""geodesic"":false,""type"":""Point"",""coordinates"":[-75.88259873928574,9.180662667579021]}"
133,0.0,0.36311722,10531.196,55.962234,0,0.026470516,8.707185,30.0,0.6193926,-0.6376444,9.418352,0.09855294142319737,"{""geodesic"":false,""type"":""Point"",""coordinates"":[-75.94824526996759,9.121349710879803]}"
136,0.0,8.727798,1390228.5,116.120316,0,0.5096745,2.1809182,30.0,0.4733078,-0.5509546,7.8505807,0.5708957218742261,"{""geodesic"":false,""type"":""Point"",""coordinates"":[-76.00534955951743,8.941858906890927]}"
140,0.0,-0.19620514,94.86833,1.5753564,0,0.008435676,0.6740577,90.0,0.6283137,-0.60247445,0.88411283,0.45304639470202634,"{""geodesic"":false,""type"":""Point"",""coordinates"":[-75.9210871300688,9.385680775875983]}"
141,0.0,-0.48371077,591.6925,9.928366,0,0.07368177,2.0016391,95.0,0.9405992,-0.8412154,6.507824,0.017196966698397542,"{""geodesic"":false,""type"":""Point"",""coordinates"":[-75.92064691549947,9.425836281531996]}"
143,0.0,-0.14284277,5600.4463,5.540337,0,0.90626067,0.16120927,30.0,0.48230913,-0.49106628,0.8876414,0.4765171518078666,"{""geodesic"":false,""type"":""Point"",""coordinates"":[-75.64405135333159,9.085385530073456]}"
144,0.0,1.3699579,6840.5923,6.69599,0,0.02220525,1.687467,30.0,0.46314567,-0.5168472,0.66277766,0.4465123965579765,"{""geodesic"":false,""type"":""Point"",""coordinates"":[-75.9123688383052,9.183844537591018]}"
145,0.0,3.599121,10679.494,90.40303,0,0.008450892,20.795446,30.0,0.61462015,-0.6321018,5.321802,0.1972519499660822,"{""geodesic"":false,""type"":""Point"",""coordinates"":[-75.64560241451944,8.724775139840002]}"
147,0.0,-1.0172329,6977.1772,24.504637,0,0.008444247,9.319644,30.0,0.59383583,-0.58826214,0.46160075,0.387089456929811,"{""geodesic"":false,""type"":""Point"",""coordinates"":[-75.91031467356157,9.019430733222665]}"
149,2.9264061,0.8636422,4322.6035,6.1700416,0,3.8158724,0.0,30.0,0.5224078,-0.5282843,0.27737522,0.6796602130428889,"{""geodesic"":false,""type"":""Point"",""coordinates"":[-75.75069106665889,8.905561029144575]}"
150,0.0,0.959898,2648.8489,4.0,0,0.013359497,0.53206867,30.0,0.63058823,-0.5266719,0.5547826,0.23494813090801403,"{""geodesic"":false,""type"":""Point"",""coordinates"":[-75.66119045135821,9.053066094154467]}"
151,0.0,-0.28205013,2400.0,10.361675,0,0.00844659,0.6933781,30.0,0.781064,-0.7139161,0.25103498,0.05470584324532146,"{""geodesic"":false,""type"":""Point"",""coordinates"":[-75.82820446416763,8.916792330741712]}"
152,0.0,3.8199158,1390228.5,133.74704,0,0.036419913,18.17509,30.0,0.59644735,-0.62016,12.090943,0.2474412763316809,"{""geodesic"":false,""type"":""Point"",""coordinates"":[-75.5799200300696,8.753100846789016]}"
153,0.0,9.630417,1390228.5,90.45098,0,0.02143856,17.177608,30.0,0.5559432,-0.5883999,7.82216,0.17776662740583815,"{""geodesic"":false,""type"":""Point"",""coordinates"":[-76.01817503367671,9.136625293450221]}"
155,0.0,0.3592329,3251.2305,7.2467384,0,0.17903015,0.6880839,40.0,0.46473455,-0.47647363,0.5439881,0.5611256779095545,"{""geodesic"":false,""type"":""Point"",""coordinates"":[-75.80569212714234,8.977890561519452]}"
156,0.0,-0.13359833,1390228.5,33.16879,0,0.014641053,5.969922,30.0,0.437271,-0.5021788,3.9115517,0.20004513462651086,"{""geodesic"":false,""type"":""Point"",""coordinates"":[-75.57758033668608,9.17151078403524]}"
157,3764.218,-0.47369766,484.66483,18.724262,0,0.0338163,1.8239062,50.0,0.17779091,-0.20374283,0.6110369,0.5307779789707349,"{""geodesic"":false,""type"":""Point"",""coordinates"":[-75.89626919233936,8.742716175684732]}"
158,0.0,0.31907415,3267.2466,3.5,0,0.3783571,1.5427767,30.0,0.63742524,-0.5558863,0.0,0.22239697012585058,"{""geodesic"":false,""type"":""Point"",""coordinates"":[-75.79109691213661,9.167036968413106]}"
159,0.0,-0.05983162,342.0526,21.667606,0,0.008640718,1.8254555,30.0,0.5395418,-0.5697061,1.1096039,0.6461414462597325,"{""geodesic"":false,""type"":""Point"",""coordinates"":[-75.96571540180233,8.598203049960482]}"
161,0.0,4.676964,1390228.5,71.87823,0,0.24065222,2.5343893,30.0,0.6931142,-0.65397924,1.5405449,0.6807892770519309,"{""geodesic"":false,""type"":""Point"",""coordinates"":[-75.45139570020935,9.146998104463743]}"
164,0.0,-0.23758125,2254.9944,10.887273,0,0.021904208,1.3597139,40.0,0.36010364,-0.44787645,0.35604668,0.6640533733941513,"{""geodesic"":false,""type"":""Point"",""coordinates"":[-75.79891078495115,8.744290645140184]}"
167,0.0,2.4445953,1390228.5,91.19092,0,0.02386331,5.732201,30.0,0.712225,-0.68329,3.5376835,0.5557956815849069,"{""geodesic"":false,""type"":""Point"",""coordinates"":[-76.01318828679793,9.013464041025268]}"
168,0.0,-0.79391,2070.8694,10.017541,0,0.019551873,1.3202374,30.0,0.3903017,-0.46236917,0.7559636,0.6818695730818691,"{""geodesic"":false,""type"":""Point"",""coordinates"":[-75.80296566730102,8.727459552229098]}"
169,0.0,2.3508883,1614.4349,11.521282,0,0.17881203,0.8284179,30.0,0.76516074,-0.70690024,1.0720627,0.4240267659876418,"{""geodesic"":false,""type"":""Point"",""coordinates"":[-75.76831658694957,8.720476616694532]}"
170,0.0,4.461399,3032.2268,11.510677,0,0.014014038,1.5908499,30.0,0.4660047,-0.49570847,0.1988224,0.5108515254468364,"{""geodesic"":false,""type"":""Point"",""coordinates"":[-75.55378456197704,8.967500645319515]}"
174,0.0,1.7603264,10827.382,40.517826,0,4.861629,0.17436138,30.0,0.6808033,-0.6438816,2.246805,0.5862402012848478,"{""geodesic"":false,""type"":""Point"",""coordinates"":[-75.60893265660006,8.815463738473358]}"
175,1748.2717,13.009426,1243.101,12.181569,0,0.029259365,4.4841733,50.0,0.22538042,-0.25751325,5.7507696,0.003759190870685769,"{""geodesic"":false,""type"":""Point"",""coordinates"":[-75.69510920856365,8.802561431376809]}"
176,545.59174,-0.59051704,5291.663,12.773884,0,0.012661987,0.6327607,10.0,0.45561904,-0.41649675,3.46533,0.20398869951163756,"{""geodesic"":false,""type"":""Point"",""coordinates"":[-75.80552802135664,8.7776502751151]}"
177,0.0,-17.00045,1390228.5,77.064735,0,0.013107963,23.434338,30.0,0.61342794,-0.57420224,18.930414,0.2775730200719482,"{""geodesic"":false,""type"":""Point"",""coordinates"":[-75.71709235090698,8.600645749536698]}"
178,0.0,-3.8368912,1390228.5,88.92787,0,0.0445035,22.13741,30.0,0.54053676,-0.55628103,15.078227,0.1492464404038335,"{""geodesic"":false,""type"":""Point"",""coordinates"":[-75.59254459241923,8.802465537116696]}"
179,1.5953745,-1.9831104,241.86774,6.979233,0,0.011791011,0.7570612,30.0,0.7095244,-0.629521,0.110796556,0.6656201984476297,"{""geodesic"":false,""type"":""Point"",""coordinates"":[-75.69426269099176,8.932804055171754]}"
180,0.0,-0.13422942,600.0,0.51234674,0,0.049452092,0.100000024,40.0,0.3345502,-0.45936698,0.3604424,0.022573603644730822,"{""geodesic"":false,""type"":""Point"",""coordinates"":[-75.93127896516296,9.416855033231368]}"
181,143.39984,-1.3408203,1390228.5,139.39076,0,0.0085865455,48.454453,30.0,0.35321352,-0.47033584,2.3002524,0.684659141992936,"{""geodesic"":false,""type"":""Point"",""coordinates"":[-75.51341813186885,8.78820049192515]}"
182,0.0,-2.612896,6152.634,31.34727,0,0.033935454,4.128686,30.0,0.5784876,-0.55179816,4.8820004,0.03728825172816819,"{""geodesic"":false,""type"":""Point"",""coordinates"":[-76.05969921697873,8.672567020650838]}"
184,156.81213,-4.2592163,5621.539,11.834444,0,0.009813325,2.0923283,10.0,0.727331,-0.64359754,4.0592217,0.5205503741905375,"{""geodesic"":false,""type"":""Point"",""coordinates"":[-75.74888412007807,8.956032332257458]}"
185,0.0,-1.0793304,5820.0,37.741833,0,0.24218233,0.5255833,30.0,0.45162243,-0.51882714,4.447953,0.017700041549317924,"{""geodesic"":false,""type"":""Point"",""coordinates"":[-75.5413923291119,9.075783980918645]}"
186,0.0,1.3139067,408.04413,2.5,0,0.030082518,0.72558945,30.0,0.64118963,-0.4849537,0.9400903,0.15724826457554053,"{""geodesic"":false,""type"":""Point"",""coordinates"":[-75.89233375391174,9.25172409476213]}"
189,10.589087,-3.055481,5436.957,76.65962,0,0.008455474,14.709363,30.0,0.63381666,-0.61830574,7.545845,0.2139099799860643,"{""geodesic"":false,""type"":""Point"",""coordinates"":[-75.9071835411037,8.516676184053805]}"
190,0.0,0.49453068,342.0526,10.48878,0,0.01548318,0.9274347,30.0,0.5912216,-0.5667795,0.38735023,0.33144391984759036,"{""geodesic"":false,""type"":""Point"",""coordinates"":[-75.84998726977038,8.897207724260713]}"
191,0.0,2.1108465,726.2231,4.208438,0,0.062252045,0.87851894,30.0,0.62736535,-0.5722322,0.15869239,0.6595604940200575,"{""geodesic"":false,""type"":""Point"",""coordinates"":[-75.64523957377858,8.986074557659817]}"
192,0.0,-1.4919682,1390228.5,23.4562,0,0.019886333,7.918578,20.0,0.5367783,-0.5713708,1.111844,0.11373752900962364,"{""geodesic"":false,""type"":""Point"",""coordinates"":[-75.6002718246565,9.188025325963924]}"
193,0.0,-8.858192,10895.99,94.97574,0,0.014330034,19.448723,30.0,0.5392938,-0.5340522,13.426119,0.30366049251303195,"{""geodesic"":false,""type"":""Point"",""coordinates"":[-76.06979185355746,8.769939640879452]}"
194,0.0,4.749359,1390228.5,49.43372,0,0.03741746,3.0235236,30.0,0.70321906,-0.6653019,6.402032,0.5289052554088921,"{""geodesic"":false,""type"":""Point"",""coordinates"":[-75.6775288095711,9.319755416076205]}"
195,0.0,-2.993908,12504.243,65.07722,0,0.010364492,19.411024,30.0,0.5143577,-0.55590063,2.9774053,0.48527459296469544,"{""geodesic"":false,""type"":""Point"",""coordinates"":[-75.66272215469725,8.68974284215452]}"
197,0.0,3.17947,6679.2964,39.64567,0,6.9537687,2.3009777,10.0,0.66729534,-0.6455696,3.484525,0.6548637557428819,"{""geodesic"":false,""type"":""Point"",""coordinates"":[-75.52418122427261,9.066854828528022]}"
198,0.0,-0.12801552,3501.7852,2.8692048,0,0.008441359,0.63616115,90.0,0.4596422,-0.5253938,0.31595954,0.1009423530685275,"{""geodesic"":false,""type"":""Point"",""coordinates"":[-75.79131954722608,9.144245124952947]}"
199,1.532588,-1.641077,2599.4614,20.963474,0,0.01057784,1.3185436,30.0,0.6286442,-0.5996664,1.6488512,0.3645241303738397,"{""geodesic"":false,""type"":""Point"",""coordinates"":[-76.02456210076099,8.68568607698122]}"
200,0.0,0.20481777,2568.988,5.2988553,0,0.07052497,0.14976765,30.0,0.4216099,-0.49483567,0.4261637,0.030883575298238042,"{""geodesic"":false,""type"":""Point"",""coordinates"":[-75.64479529334774,9.043327241067855]}"
201,0.0,0.88399315,5834.595,6.369686,0,36.02376,0.43267262,30.0,0.6210947,-0.56477684,0.4993147,5.877574703322397E-4,"{""geodesic"":false,""type"":""Point"",""coordinates"":[-75.95045673834844,9.234210729371185]}"
204,0.0,0.4016533,2141.5881,9.715289,0,0.022104941,1.1111621,30.0,0.7519076,-0.66825825,0.11451109,0.24944099683406906,"{""geodesic"":false,""type"":""Point"",""coordinates"":[-75.83064785311295,8.911360345600412]}"
205,0.0,5.878414,9102.664,29.54615,0,0.36262128,1.2131937,30.0,0.22135873,-0.22751322,1.7673268,0.33807327802826825,"{""geodesic"":false,""type"":""Point"",""coordinates"":[-75.78834127802126,8.645819111042538]}"
207,0.0,-0.89854527,2837.8162,7.297407,0,98.92963,0.46401593,30.0,0.49882317,-0.5106753,0.72289234,0.18354634692843408,"{""geodesic"":false,""type"":""Point"",""coordinates"":[-75.68275623644338,8.908133882416742]}"
208,66.83476,-12.53915,4701.968,39.73959,0,0.008438372,19.604391,30.0,0.5643866,-0.56222343,3.3420181,0.6778431125045598,"{""geodesic"":false,""type"":""Point"",""coordinates"":[-75.78996514072314,9.272042145752659]}"
209,0.0,0.5069003,123.69317,2.4645133,0,0.38720375,0.0843604,30.0,0.7226655,-0.6395731,0.48101822,0.4645789942087175,"{""geodesic"":false,""type"":""Point"",""coordinates"":[-75.89845580669154,9.296476082265738]}"
210,0.0,-3.4267197,1465.401,13.973217,0,0.015503295,2.8847768,95.0,0.8715228,-0.7757823,4.4074144,0.027743050896031574,"{""geodesic"":false,""type"":""Point"",""coordinates"":[-75.91465080722764,9.431549479789041]}"
211,21.979492,3.076582,1145.513,10.682141,0,0.008449408,1.3549339,30.0,0.7441571,-0.67046356,3.7316067,0.23757585706466677,"{""geodesic"":false,""type"":""Point"",""coordinates"":[-75.73545765142588,8.791360048288036]}"
212,36.49362,-23.782677,1390228.5,135.80821,0,0.010924184,27.981857,30.0,0.40652302,-0.49304482,9.734527,0.3344764630377809,"{""geodesic"":false,""type"":""Point"",""coordinates"":[-76.09953444309426,8.775280389642143]}"
214,0.0,0.97783566,7486.8486,4.766537,0,0.023669716,2.4838758,30.0,0.48617965,-0.5540645,0.09427351,0.2145622739867924,"{""geodesic"":false,""type"":""Point"",""coordinates"":[-75.9986633783812,9.285357485709866]}"
216,0.0,1.8189468,11813.298,68.18892,0,0.018109053,8.369722,30.0,0.39178818,-0.4604389,2.6655018,0.5750177969016436,"{""geodesic"":false,""type"":""Point"",""coordinates"":[-75.47915852668733,9.081297734405005]}"
217,0.0,-4.997525,456.94638,7.138892,0,5.585876,0.39592296,30.0,0.7776246,-0.6991656,2.787329,0.10058002599072957,"{""geodesic"":false,""type"":""Point"",""coordinates"":[-75.85187707186286,9.23608587352349]}"
218,0.0,1.0637045,5119.8145,10.473642,0,2.2875326,0.7114728,30.0,0.31935883,-0.43778554,0.29959178,0.4445186205663576,"{""geodesic"":false,""type"":""Point"",""coordinates"":[-75.78851801786882,8.859356739656969]}"
219,0.0,1.9908772,4080.0,26.592545,0,0.033854585,15.502662,30.0,0.67997783,-0.6448547,1.971579,0.35951330814808224,"{""geodesic"":false,""type"":""Point"",""coordinates"":[-75.8547457140832,9.293056249959733]}"
223,0.0,0.019289017,6851.8975,32.444893,0,0.020650452,3.1099586,30.0,0.72510433,-0.6507846,3.8278859,0.37443747703363595,"{""geodesic"":false,""type"":""Point"",""coordinates"":[-76.02099411530054,8.777400196716183]}"
225,0.0,-11.642059,1390228.5,288.62476,0,0.008457389,88.8617,10.0,0.81965834,-0.72727275,32.06305,0.24781594689581787,"{""geodesic"":false,""type"":""Point"",""coordinates"":[-76.17346065539064,8.426975148645466]}"
227,0.0,-0.26142883,7651.0,29.960974,0,0.4935912,0.7362391,30.0,0.48407987,-0.53760135,1.3000991,0.5633147371313825,"{""geodesic"":false,""type"":""Point"",""coordinates"":[-75.84570876771375,8.695078616674024]}"
229,0.0,4.2893143,6876.547,29.140959,0,0.016975597,10.605858,30.0,0.39424613,-0.47832227,2.6100686,0.43382165348694024,"{""geodesic"":false,""type"":""Point"",""coordinates"":[-75.51586464215936,8.977323837706356]}"
230,115.15799,-0.01098156,150.0,12.299411,0,0.04871523,9.581437,10.0,0.7625164,-0.6869042,4.2308273,0.5162081851176423,"{""geodesic"":false,""type"":""Point"",""coordinates"":[-75.86719063974763,9.244460141011258]}"
231,229.21477,12.512733,1390228.5,80.308685,0,0.012910203,31.335155,30.0,0.32372048,-0.4137756,7.4949775,0.03170354910024331,"{""geodesic"":false,""type"":""Point"",""coordinates"":[-75.55058704087126,9.19705864994005]}"
232,0.0,-0.86615944,2683.617,14.179297,0,0.024893416,4.61522,30.0,0.41223672,-0.34336904,0.71464145,0.2958285850082134,"{""geodesic"":false,""type"":""Point"",""coordinates"":[-75.59081359923263,8.914260728287958]}"
233,0.0,-10.605797,1390228.5,76.119194,0,0.010482845,9.8112955,10.0,0.8170328,-0.76653016,7.419718,0.3163451800653524,"{""geodesic"":false,""type"":""Point"",""coordinates"":[-75.96577458292964,9.142737376236752]}"
234,0.0,1.651762,7240.9463,29.327927,0,0.008447488,7.968724,30.0,0.68136555,-0.622512,1.157652,0.15590456879986658,"{""geodesic"":false,""type"":""Point"",""coordinates"":[-75.94542639786704,8.876900113295187]}"
235,0.0,0.20877266,1591.1317,9.20624,0,0.009689562,0.41879418,30.0,0.61580986,-0.5916145,0.35054725,0.1577555146136277,"{""geodesic"":false,""type"":""Point"",""coordinates"":[-75.7790277500099,8.756813341646264]}"
236,0.0,19.818687,1390228.5,75.03562,0,0.44177526,9.561498,30.0,0.8077188,-0.69608796,8.326112,0.29055247779671534,"{""geodesic"":false,""type"":""Point"",""coordinates"":[-75.56392609529078,8.817976046815424]}"
237,128.76514,-6.669738,30.0,17.26682,0,0.017254526,1.1266868,10.0,0.79217815,-0.7087643,5.948668,0.17012644599526117,"{""geodesic"":false,""type"":""Point"",""coordinates"":[-75.8335791712081,8.880422542326373]}"
238,5.0476103,-0.5764923,9323.245,42.53822,0,0.009198552,10.030931,10.0,0.76849914,-0.6636336,1.7853463,0.14667444695576204,"{""geodesic"":false,""type"":""Point"",""coordinates"":[-75.52205538512892,8.916805715714483]}"
239,0.0,6.622284,1390228.5,270.60208,0,0.008451147,121.62193,30.0,0.40980715,-0.44608223,15.515594,0.33535939434671735,"{""geodesic"":false,""type"":""Point"",""coordinates"":[-75.56704078896317,8.713232822172532]}"
242,0.0,0.86899567,3951.3542,49.31915,0,0.06932813,8.565612,30.0,0.40849283,-0.47463995,11.418651,0.37584080872359193,"{""geodesic"":false,""type"":""Point"",""coordinates"":[-75.93065264481295,8.52883031610593]}"
244,33.892963,-10.489571,1390228.5,34.34428,0,0.008452903,16.041784,30.0,0.4052807,-0.48483208,8.258803,0.01956899755996644,"{""geodesic"":false,""type"":""Point"",""coordinates"":[-76.02945657239725,9.26166642830334]}"
245,0.0,2.9558058,499.2995,8.360569,0,0.6852684,0.35490096,30.0,0.5693277,-0.5653814,0.79252213,0.29172827266727586,"{""geodesic"":false,""type"":""Point"",""coordinates"":[-75.84775966691618,8.995703791671527]}"
246,0.0,3.867733,4948.1816,36.090374,0,135.20457,1.0764272,10.0,0.66900605,-0.60685104,7.1503577,0.6162398542765009,"{""geodesic"":false,""type"":""Point"",""coordinates"":[-75.54657001659143,9.069806796898119]}"
247,0.0,1.6011057,3322.9656,6.332199,0,0.10843594,0.263581,30.0,0.54747814,-0.55250883,0.7351325,0.31432351642130496,"{""geodesic"":false,""type"":""Point"",""coordinates"":[-75.80516190010317,8.98494622865417]}"
248,0.0,9.365738,3510.0,36.895824,0,0.0090448605,16.083607,30.0,0.5571277,-0.60072726,7.2286425,0.6558389644588327,"{""geodesic"":false,""type"":""Point"",""coordinates"":[-75.99669981939563,8.56258126560467]}"
249,0.0,0.8266144,1390228.5,57.655506,0,0.060187727,8.130506,10.0,0.3651693,-0.4455078,3.6654496,0.6883306992724552,"{""geodesic"":false,""type"":""Point"",""coordinates"":[-75.48874637504213,9.105705799508142]}"
250,0.0,0.0149002075,6372.794,39.048325,0,0.026547633,8.487939,30.0,0.4727375,-0.5613826,0.5601227,0.305711210002089,"{""geodesic"":false,""type"":""Point"",""coordinates"":[-75.92925655055407,8.955623438421547]}"
251,0.0,-23.691277,1390228.5,94.6041,0,0.011615928,17.650755,10.0,0.6973143,-0.6210283,13.70394,0.6626845136123813,"{""geodesic"":false,""type"":""Point"",""coordinates"":[-75.73450544639898,8.58243332806275]}"
253,3222.2332,0.88252544,2206.173,15.802206,0,0.0084482115,3.4312701,50.0,0.22316043,-0.23960881,0.32822776,0.45456664829481697,"{""geodesic"":false,""type"":""Point"",""coordinates"":[-75.8299533163852,8.845158059587824]}"
254,18.485104,-24.084366,1390228.5,174.89326,0,0.010985874,58.26301,30.0,0.41985497,-0.47710717,11.251648,0.2388365547331932,"{""geodesic"":false,""type"":""Point"",""coordinates"":[-76.10197295554737,8.769847121917506]}"
255,17.798058,-7.932708,7770.695,14.178898,0,0.020190438,1.4243052,30.0,0.7289522,-0.661636,8.202324,0.0541445220702329,"{""geodesic"":false,""type"":""Point"",""coordinates"":[-75.6341172900585,8.866976518607022]}"
256,0.0,13.376839,1390228.5,104.4078,0,0.02215243,24.376015,30.0,0.63682073,-0.5802838,20.568964,0.34386107404564736,"{""geodesic"":false,""type"":""Point"",""coordinates"":[-75.66886860503814,8.618641042014927]}"
257,0.0,3.7771702,7672.1445,31.858374,0,0.021669155,2.2205925,30.0,0.46525833,-0.53417724,2.254944,0.019488529324351633,"{""geodesic"":false,""type"":""Point"",""coordinates"":[-75.66488735761989,9.279622279035472]}"
258,0.0,-2.9111633,11324.474,82.1718,0,0.015808633,15.335522,30.0,0.38597146,-0.34051007,3.3526516,0.5084068995031819,"{""geodesic"":false,""type"":""Point"",""coordinates"":[-75.64804052797315,8.715274082218986]}"
260,0.0,0.9421501,6683.5396,25.82365,0,0.1784498,0.4164052,30.0,0.5979021,-0.5736011,0.5375953,0.3143968515914457,"{""geodesic"":false,""type"":""Point"",""coordinates"":[-75.54087002566132,8.907824515843808]}"
261,0.0,-1.3918333,7408.968,14.264242,0,0.008615385,0.4449014,30.0,0.5997705,-0.582742,1.0998423,0.4333898917334811,"{""geodesic"":false,""type"":""Point"",""coordinates"":[-75.60585300665063,9.097389747353786]}"
263,0.0,1.492672,9335.353,30.580645,0,0.017491158,5.5693507,30.0,0.72369945,-0.6677852,2.623586,0.24298490438181308,"{""geodesic"":false,""type"":""Point"",""coordinates"":[-75.95606378073168,9.186715991559485]}"
264,0.0,-1.2811317,5083.827,40.430767,0,1.4238551,0.077434026,30.0,0.6252465,-0.65509325,0.5505763,0.5049258667006498,"{""geodesic"":false,""type"":""Point"",""coordinates"":[-76.1207440638969,8.570109501920175]}"
265,0.0,-0.060382843,595.483,19.740898,0,0.01662716,0.2597013,30.0,0.5504215,-0.5489707,0.9678391,0.5254618304758124,"{""geodesic"":false,""type"":""Point"",""coordinates"":[-75.94997249198066,8.625645780866138]}"
267,0.0,-1.8679123,10380.0,69.837585,0,0.08847335,20.819859,30.0,0.45430568,-0.5125497,10.942381,0.4742909235021088,"{""geodesic"":false,""type"":""Point"",""coordinates"":[-75.61190968252741,8.801077848608708]}"
268,0.0,0.45375443,8868.032,53.16978,0,0.009494395,21.452,30.0,0.39533576,-0.52191234,2.0918581,0.5305618447399625,"{""geodesic"":false,""type"":""Point"",""coordinates"":[-75.93333351598717,9.055729582989727]}"
271,52.721966,1.6905365,1555.9563,15.843867,0,0.010218931,2.2971034,30.0,0.38652292,-0.41318682,2.4756424,0.03302205601156638,"{""geodesic"":false,""type"":""Point"",""coordinates"":[-75.82969571198062,8.851941821155046]}"
272,2.5296311,-0.07140255,3103.3691,12.427424,0,0.008448699,0.4346518,30.0,0.29137886,-0.34937182,0.4799084,0.36191314012431375,"{""geodesic"":false,""type"":""Point"",""coordinates"":[-75.82472132283263,8.823192033006368]}"
275,0.0,0.09441948,2370.0,5.3844094,0,0.3586637,0.20620884,30.0,0.6148332,-0.57213795,0.29721624,0.6613306891186572,"{""geodesic"":false,""type"":""Point"",""coordinates"":[-75.70287463801985,9.012288576381916]}"
277,0.0,-5.639265,4323.7485,25.520075,0,0.020532047,5.998201,30.0,0.5909477,-0.61888313,1.5574479,0.45269931462033464,"{""geodesic"":false,""type"":""Point"",""coordinates"":[-75.92978813116363,8.841939045685942]}"
278,0.0,0.7804718,7323.0117,34.398964,0,0.008445113,2.8534029,30.0,0.49062845,-0.55940026,1.0895689,0.3471180313297736,"{""geodesic"":false,""type"":""Point"",""coordinates"":[-75.92932210268802,8.981398578026477]}"
279,0.0,11.631691,1390228.5,98.96685,0,0.29575494,6.1914973,30.0,0.6909984,-0.64260733,7.4973226,0.09258145751283176,"{""geodesic"":false,""type"":""Point"",""coordinates"":[-76.08771053724237,8.8355451607808]}"
285,0.0,-1.1862934,2696.164,3.9358032,0,0.008440283,1.229858,30.0,0.57668537,-0.5321414,0.7535754,0.060280714035673144,"{""geodesic"":false,""type"":""Point"",""coordinates"":[-75.76002039631524,9.19070903794226]}"
286,0.0,-9.978088,1390228.5,171.17763,0,0.01491605,98.67307,10.0,0.74953157,-0.6382512,12.283419,0.47302536763077085,"{""geodesic"":false,""type"":""Point"",""coordinates"":[-75.58872481829474,8.801928847539674]}"
287,0.0,-3.1345444,474.34164,26.38384,0,0.07350196,0.25169528,30.0,0.6287304,-0.57843137,3.235124,0.28511551320103734,"{""geodesic"":false,""type"":""Point"",""coordinates"":[-75.9738546156393,8.475273849046873]}"
288,0.4132257,-1.7307491,84.85281,18.616032,0,0.014310836,1.5684437,30.0,0.79353493,-0.6629069,5.7355666,0.6616010207184664,"{""geodesic"":false,""type"":""Point"",""coordinates"":[-75.94386091714773,8.689421591455373]}"
290,0.0,9.915363,1390228.5,55.90804,0,0.011803964,9.74721,30.0,0.7209865,-0.6701079,8.791409,0.010424141591037994,"{""geodesic"":false,""type"":""Point"",""coordinates"":[-76.02378107973378,9.187615603687307]}"
291,0.0,2.8944702,1390228.5,173.20634,0,0.040311884,69.14656,10.0,0.5765625,-0.5689628,18.629448,0.4471817139002181,"{""geodesic"":false,""type"":""Point"",""coordinates"":[-75.64381208888904,8.634421666171965]}"
293,0.0,4.403305,8447.277,61.356293,0,0.14646703,5.1386065,10.0,0.60695654,-0.60751563,5.4973273,0.06000454213649831,"{""geodesic"":false,""type"":""Point"",""coordinates"":[-75.83768367658745,8.642187073792158]}"
294,0.0,-21.393667,371.0795,35.986004,0,0.008453521,2.6199534,10.0,0.6539064,-0.64141303,8.01709,0.02534241332642828,"{""geodesic"":false,""type"":""Point"",""coordinates"":[-76.06769102699377,8.605801850165067]}"
295,0.0,3.9462585,1390228.5,74.38628,0,0.20868653,6.3188186,30.0,0.5079014,-0.5298172,3.472733,0.11945530105013291,"{""geodesic"":false,""type"":""Point"",""coordinates"":[-75.48251671764737,9.142616573210532]}"
297,112.21281,-3.057435,6843.486,15.454477,0,4.4735856,0.7581093,10.0,0.68547094,-0.63344896,2.4905796,0.6341057186359773,"{""geodesic"":false,""type"":""Point"",""coordinates"":[-75.77307926260838,8.912569785688563]}"
301,0.0,1.2045159,6257.068,6.1265597,0,0.039020404,0.7340454,30.0,0.6666241,-0.5843242,1.2667803,0.6756640429727164,"{""geodesic"":false,""type"":""Point"",""coordinates"":[-75.74218458460767,9.016281335139514]}"
303,0.0,1.2201838,2423.3242,6.2036114,0,0.07495498,0.19779655,30.0,0.5996895,-0.55112284,0.3402994,0.20756759207564657,"{""geodesic"":false,""type"":""Point"",""coordinates"":[-75.8205263570447,9.021270069224292]}"
304,0.0,0.07999992,5202.1245,21.44003,0,0.102596045,1.3680894,30.0,0.62024,-0.6200287,0.6865058,0.12081192399962215,"{""geodesic"":false,""type"":""Point"",""coordinates"":[-75.72686133502222,8.71893020128161]}"
305,278.09525,-5.4931164,379.47333,5.45927,0,0.00949787,1.0647558,10.0,0.60286736,-0.5399449,1.3367476,0.459343819552703,"{""geodesic"":false,""type"":""Point"",""coordinates"":[-75.94304892464068,9.323492380674]}"
307,0.0,3.7024803,5018.615,22.440493,0,0.1307751,4.9362855,30.0,0.5399061,-0.5399061,3.103657,0.4835532443684908,"{""geodesic"":false,""type"":""Point"",""coordinates"":[-75.70064263222451,9.266801547729276]}"
308,157.02226,-0.25547218,853.81494,15.621145,0,0.30737463,0.26802105,30.0,0.6696954,-0.5674862,1.1053524,0.5393332571550772,"{""geodesic"":false,""type"":""Point"",""coordinates"":[-75.85115366365338,8.811194678468691]}"
309,0.0,9.068884,4597.053,16.429396,0,22.403698,0.8855444,30.0,0.60708356,-0.5688817,3.7935116,0.42193950856743845,"{""geodesic"":false,""type"":""Point"",""coordinates"":[-75.68669804574102,9.25895998099424]}"
310,25.7419,-0.7635641,5801.491,12.588027,0,0.09074223,1.2631462,30.0,0.52682257,-0.47166058,2.534341,0.1073446451661837,"{""geodesic"":false,""type"":""Point"",""coordinates"":[-75.84576788711435,8.721397353676043]}"
312,4.5041075,0.14799213,6240.0,10.352399,0,0.014690228,0.981231,30.0,0.5111935,-0.5200533,0.65430975,0.45451566846384883,"{""geodesic"":false,""type"":""Point"",""coordinates"":[-75.78461485209802,8.819750672913319]}"
315,0.0,-1.1245384,5795.671,42.10464,0,0.13008004,5.7714467,10.0,0.51570266,-0.5346839,1.6485065,0.6123083075507612,"{""geodesic"":false,""type"":""Point"",""coordinates"":[-75.81430106152877,9.284197118171157]}"
316,0.0,4.1280212,13341.233,57.45315,0,8.549499,1.4630109,30.0,0.67181116,-0.6775222,3.9549713,0.617768452805237,"{""geodesic"":false,""type"":""Point"",""coordinates"":[-76.06963819303297,8.811450563891233]}"
318,0.0,0.9153061,1390228.5,82.52833,0,0.50027096,1.7876322,30.0,0.46703833,-0.481075,2.2289984,0.42766171008083287,"{""geodesic"":false,""type"":""Point"",""coordinates"":[-75.5125767191178,8.771378216408458]}"
319,0.9577608,1.3627853,7722.305,45.81335,0,0.011829025,7.3181987,30.0,0.5109469,-0.5842181,0.7718833,0.15760361728658456,"{""geodesic"":false,""type"":""Point"",""coordinates"":[-75.93883280557004,8.965638053372729]}"
322,38.907215,-3.3179722,6818.123,27.911491,0,0.018409273,2.7922292,30.0,0.47745952,-0.5709746,5.601924,0.085792842169367,"{""geodesic"":false,""type"":""Point"",""coordinates"":[-75.91754254329118,9.071505963495957]}"
323,1.1768522,2.5256443,6905.281,26.454462,0,0.032072745,3.682728,30.0,0.35734135,-0.42343655,2.19749,0.4648288255061134,"{""geodesic"":false,""type"":""Point"",""coordinates"":[-75.59075225911779,8.876001826145538]}"
324,0.0,-2.8724775,3137.4033,16.199312,0,0.016908374,3.2137983,30.0,0.5575788,-0.5437834,4.9583273,0.02611585098523872,"{""geodesic"":false,""type"":""Point"",""coordinates"":[-75.67791551481197,8.797708719753398]}"
325,8.746501,1.8510342,11674.626,18.926367,0,0.1098543,5.351452,60.0,0.47060433,-0.4864566,1.8374964,0.6137594413860082,"{""geodesic"":false,""type"":""Point"",""coordinates"":[-76.0272655038532,9.259502259139737]}"
327,0.0,-3.1103,1594.2396,9.81101,0,0.008446325,3.0495925,30.0,0.6716903,-0.6288511,3.3532135,0.09429282350985368,"{""geodesic"":false,""type"":""Point"",""coordinates"":[-75.66805915954012,8.928510779976747]}"
328,0.0,-6.5507507,1390228.5,159.15265,0,0.008451417,36.408764,30.0,0.6535275,-0.60594976,15.96562,0.40431365486381354,"{""geodesic"":false,""type"":""Point"",""coordinates"":[-76.12385759699194,8.701142114021453]}"
329,1115.039,1.7891312,7501.92,34.03498,0,0.16615525,3.283297,30.0,0.48695886,-0.50149333,3.993069,0.42743684413091454,"{""geodesic"":false,""type"":""Point"",""coordinates"":[-75.84297887153805,8.693728023929218]}"
331,0.0,0.9451313,3390.0,11.997433,0,0.013341264,0.4542759,30.0,0.57979333,-0.56274843,0.13661109,0.07850690858211495,"{""geodesic"":false,""type"":""Point"",""coordinates"":[-75.83851772733104,8.77188053017031]}"
332,0.0,-6.949192,1129.6902,30.78061,0,0.008842365,1.6215879,10.0,0.8739757,-0.7982646,5.646376,0.42592729510098126,"{""geodesic"":false,""type"":""Point"",""coordinates"":[-75.98076407648894,8.513241587781685]}"
333,0.0,-1.1608231,635.6886,4.5748672,0,0.008440385,2.1573272,30.0,0.67479676,-0.5968992,1.2816364,0.5464614399565922,"{""geodesic"":false,""type"":""Point"",""coordinates"":[-75.82472530680509,9.186225844528169]}"
334,0.0,0.3388672,1390228.5,51.872787,0,0.008898132,6.1699085,30.0,0.41316393,-0.47122556,1.9496213,0.21190050360865842,"{""geodesic"":false,""type"":""Point"",""coordinates"":[-75.5540348501343,9.131118198807366]}"
336,0.0,-0.49620628,5843.843,21.429235,0,0.019835765,1.4732169,30.0,0.64596504,-0.6244189,2.8444057,0.6017140819192311,"{""geodesic"":false,""type"":""Point"",""coordinates"":[-75.54198626808554,8.924646114581819]}"
337,0.0,0.7184601,1390228.5,147.29369,0,0.023432802,18.547218,30.0,0.40889132,-0.49635676,8.265844,0.41203626364672497,"{""geodesic"":false,""type"":""Point"",""coordinates"":[-76.02501555255643,8.949130469429114]}"
340,0.0,1.8251381,1390228.5,36.751564,0,0.23005453,5.583772,30.0,0.41542625,-0.4956454,5.888788,0.4460464491607756,"{""geodesic"":false,""type"":""Point"",""coordinates"":[-75.57959245193435,9.233372275454032]}"
341,0.0,7.8335495,1390228.5,68.93536,0,0.048003495,9.343195,30.0,0.58521336,-0.55810845,9.80866,0.4533806311357915,"{""geodesic"":false,""type"":""Point"",""coordinates"":[-75.74668535362741,9.341323215173313]}"
342,0.0,4.541748,1390228.5,68.93125,0,0.02588946,17.008099,30.0,0.6358636,-0.6023707,4.2567954,0.245749496159672,"{""geodesic"":false,""type"":""Point"",""coordinates"":[-75.9720836295234,9.05264430497628]}"
343,0.0,-3.195404,1390228.5,73.98923,0,0.056489076,10.917792,30.0,0.45660284,-0.50992525,6.1666074,0.675414778074624,"{""geodesic"":false,""type"":""Point"",""coordinates"":[-75.68958201025592,8.614534328474942]}"
345,87.38449,-2.0642815,7554.105,54.84081,0,0.040595297,11.121551,30.0,0.15749337,-0.16250417,4.369842,0.414560665694351,"{""geodesic"":false,""type"":""Point"",""coordinates"":[-75.84881678629637,8.621812866037063]}"
347,0.0,-4.230151,241.86774,11.663027,0,0.015791414,0.19279416,10.0,0.8510101,-0.7409047,3.3847868,0.2186163951837361,"{""geodesic"":false,""type"":""Point"",""coordinates"":[-75.58356741155035,8.990247352967573]}"
348,0.0,0.04893112,4497.199,7.909015,0,2.3405654,0.6390986,30.0,0.500071,-0.5099357,0.8219795,0.4919003251600622,"{""geodesic"":false,""type"":""Point"",""coordinates"":[-75.64047665169319,9.223500938781655]}"
351,0.0,-13.081093,10193.866,83.49869,0,0.023768073,20.127325,30.0,0.5857474,-0.5848292,10.034958,0.1666710858351632,"{""geodesic"":false,""type"":""Point"",""coordinates"":[-76.09383958338331,8.692818973827578]}"
354,36.272736,1.4021645,6776.6143,60.676598,0,0.009233994,15.730008,30.0,0.614079,-0.58735806,0.702347,0.3183347479371721,"{""geodesic"":false,""type"":""Point"",""coordinates"":[-75.54824005587332,9.090968789198866]}"
355,88.16219,0.90869904,1390228.5,81.48078,0,0.010240422,13.849397,30.0,0.7593633,-0.6864622,5.95258,0.6008474672083354,"{""geodesic"":false,""type"":""Point"",""coordinates"":[-75.47778882610886,8.869108488468404]}"
356,0.0,-6.196602,10659.249,69.23622,0,0.49031302,4.7738523,30.0,0.26327685,-0.321513,6.379499,0.4153108469763318,"{""geodesic"":false,""type"":""Point"",""coordinates"":[-76.07302794589124,8.757178869389142]}"
358,0.0,1.2403593,4494.1963,15.637718,0,8.485249,0.3881459,30.0,0.6725146,-0.5510696,0.6172475,0.14512160796203188,"{""geodesic"":false,""type"":""Point"",""coordinates"":[-75.96186240092793,8.797633150583646]}"
359,0.0,-0.6088257,1390228.5,88.77874,0,0.008444948,19.095058,30.0,0.41683093,-0.48529646,2.7492511,0.6618211469537193,"{""geodesic"":false,""type"":""Point"",""coordinates"":[-75.46020495097825,8.989065211092667]}"
362,0.0,4.4560394,1390228.5,86.367424,0,0.013043142,7.7832165,10.0,0.7832685,-0.70479614,2.6086588,0.25857574468061817,"{""geodesic"":false,""type"":""Point"",""coordinates"":[-75.51280822669283,8.741258516511381]}"
363,0.0,-14.271027,1390228.5,125.6456,0,0.011901241,20.053032,30.0,0.43722495,-0.4261495,12.278532,0.17778369929953708,"{""geodesic"":false,""type"":""Point"",""coordinates"":[-76.04269267487366,8.928461525057491]}"
365,0.0,-1.0451374,3132.092,16.61483,0,0.16287622,2.301884,30.0,0.5859581,-0.579602,1.6586654,0.2694416466940478,"{""geodesic"":false,""type"":""Point"",""coordinates"":[-75.72473831385878,8.749323858493147]}"
366,0.0,-1.8643494,1390228.5,44.49006,0,0.008442115,3.1350846,30.0,0.53674966,-0.5439835,2.3963854,0.39470056436769496,"{""geodesic"":false,""type"":""Point"",""coordinates"":[-75.96023163947896,9.111822247154942]}"
367,0.0,7.551796,7161.8994,47.12446,0,0.013395967,10.311083,30.0,0.49751088,-0.49379268,3.8618839,0.39032364830506294,"{""geodesic"":false,""type"":""Point"",""coordinates"":[-75.81784588640366,8.67261901608322]}"
369,0.0,-1.5580235,7356.12,17.368414,0,0.11622598,3.4849575,30.0,0.32589504,-0.36110762,1.8937579,0.008429330547524594,"{""geodesic"":false,""type"":""Point"",""coordinates"":[-75.64139717514149,8.817037773047595]}"
370,0.0,2.043747,1390228.5,153.49973,0,0.019550012,32.62065,30.0,0.32086515,-0.4288467,1.1910697,0.25901310676608846,"{""geodesic"":false,""type"":""Point"",""coordinates"":[-75.40367585008057,9.202679814228311]}"
372,0.0,4.798729,1390228.5,80.51329,0,0.24180849,4.2792854,30.0,0.59316,-0.5560195,18.38202,0.5722388440805247,"{""geodesic"":false,""type"":""Point"",""coordinates"":[-76.16614887272301,8.532263674738067]}"
373,0.0,-0.8776741,5673.4116,39.389328,0,0.008443487,3.9189622,30.0,0.42369205,-0.49014044,4.7687926,0.3614642880976775,"{""geodesic"":false,""type"":""Point"",""coordinates"":[-75.52770897375552,9.052468692210587]}"
375,0.0,1.1925268,2596.1702,13.037291,0,0.016056031,0.9007899,30.0,0.5927896,-0.55847913,0.6128369,0.11695080017089554,"{""geodesic"":false,""type"":""Point"",""coordinates"":[-75.5557511179244,9.004400029227368]}"
377,0.29482,-0.6776247,848.52814,9.360478,0,1.9778835,0.024612881,30.0,0.5154355,-0.531903,0.29711777,0.2246638362495057,"{""geodesic"":false,""type"":""Point"",""coordinates"":[-75.84493828401408,8.955825523206352]}"
378,0.0,2.8759356,997.2462,8.623593,0,0.23364829,0.2094172,30.0,0.72407365,-0.63962764,0.7650178,0.5847389390607423,"{""geodesic"":false,""type"":""Point"",""coordinates"":[-75.73000768917169,8.794083991268398]}"
379,0.0,2.53117,3169.511,11.022143,0,0.077868536,1.5724614,30.0,0.75889784,-0.6699823,1.2938501,0.6765903688967859,"{""geodesic"":false,""type"":""Point"",""coordinates"":[-75.6787550964568,8.809374711403361]}"
380,0.0,-3.226233,1358.3077,8.991653,0,0.6648498,0.0,30.0,0.67100894,-0.65222883,1.1154383,0.29624939523861105,"{""geodesic"":false,""type"":""Point"",""coordinates"":[-75.69983122301444,8.847594431083026]}"
381,0.0,3.5319996,4232.6587,13.074587,0,0.008435364,4.327408,95.0,0.85428256,-0.7612256,1.461208,0.04417968883503354,"{""geodesic"":false,""type"":""Point"",""coordinates"":[-75.87085036804312,9.398831227664513]}"
382,0.0,-2.4397469,1390228.5,62.793983,0,0.008457566,8.679358,30.0,0.4314044,-0.47282153,4.3143363,0.20828798316402353,"{""geodesic"":false,""type"":""Point"",""coordinates"":[-75.48000496932045,9.101918634292286]}"
383,0.0,1.5992498,690.65186,12.450062,0,0.03542791,0.369535,30.0,0.77093846,-0.68628395,0.06434669,0.253225709492899,"{""geodesic"":false,""type"":""Point"",""coordinates"":[-75.83407521243554,8.858443942692235]}"
384,0.0,0.34990025,2130.0,10.992236,0,0.37862992,0.044004288,30.0,0.44298288,-0.48695475,0.11445776,0.05487764291437014,"{""geodesic"":false,""type"":""Point"",""coordinates"":[-75.81257535652442,8.88209683847866]}"
386,0.0,36.216995,1390228.5,127.52162,0,0.039441925,32.304058,30.0,0.7683706,-0.64324594,5.906436,0.4512319704061366,"{""geodesic"":false,""type"":""Point"",""coordinates"":[-75.5627473142032,8.75991036464684]}"
387,0.0,-0.52835274,11747.289,30.312595,0,1.2246203,0.49842656,30.0,0.58420044,-0.54244125,0.5445036,0.3189935430673059,"{""geodesic"":false,""type"":""Point"",""coordinates"":[-75.7523125333362,8.626626761580686]}"
388,0.0,7.5114822,1390228.5,120.35575,0,0.039522182,23.004772,30.0,0.6547687,-0.6103932,4.5011263,0.2167752999918271,"{""geodesic"":false,""type"":""Point"",""coordinates"":[-75.50115448251722,9.193331946779226]}"
389,0.0,1.6892319,3099.742,4.1279964,0,0.008439705,1.947632,30.0,0.51449835,-0.5230968,0.383285,0.2534372843102065,"{""geodesic"":false,""type"":""Point"",""coordinates"":[-75.89797678616748,9.215353477841152]}"
390,29.703014,-1.2111764,391.15213,5.7482634,0,0.0141806295,1.177407,30.0,0.561049,-0.56846654,1.221181,0.36704635719475365,"{""geodesic"":false,""type"":""Point"",""coordinates"":[-75.83390151453358,9.140079892429435]}"
392,0.0,2.8113213,9636.68,62.220146,0,0.01144469,11.499618,30.0,0.3655407,-0.48174456,2.3615887,0.02586530409021015,"{""geodesic"":false,""type"":""Point"",""coordinates"":[-75.4894822640706,9.044381488685053]}"
393,0.0,0.46359634,6259.6567,36.35561,0,0.008451401,7.9220557,30.0,0.5571014,-0.56846714,0.92631817,0.5426403811180719,"{""geodesic"":false,""type"":""Point"",""coordinates"":[-76.05432800516573,8.701883704674296]}"
394,0.0,5.9524536,1390228.5,98.91466,0,0.03168401,30.062777,10.0,0.5826827,-0.58156025,8.405156,0.46683151553551705,"{""geodesic"":false,""type"":""Point"",""coordinates"":[-75.45373510088938,9.053381816458236]}"
395,0.0,-2.0334282,7414.371,34.734978,0,0.06735933,11.855648,30.0,0.49451852,-0.53219926,0.581509,0.23598137691502608,"{""geodesic"":false,""type"":""Point"",""coordinates"":[-75.51284393827021,8.964032250919155]}"
396,0.0,-7.153633,9730.087,54.642452,0,0.021586137,37.49278,20.0,0.63715094,-0.5750611,5.341981,0.19318195071679256,"{""geodesic"":false,""type"":""Point"",""coordinates"":[-75.81963218474107,9.344960957114774]}"
397,0.0,-3.5656013,1390228.5,37.536915,0,1.2918235,0.30095375,30.0,0.6131752,-0.58662695,2.0984626,0.30669938115589657,"{""geodesic"":false,""type"":""Point"",""coordinates"":[-75.52691381513515,8.879624841465741]}"
398,0.0,5.1858673,7748.2515,79.13254,0,0.07403006,5.1233015,30.0,0.5667594,-0.5415669,4.659421,0.27524881220477204,"{""geodesic"":false,""type"":""Point"",""coordinates"":[-75.84564922724387,8.668488515231456]}"
399,0.0,-1.8598061,2329.9785,18.20373,0,0.23696579,0.064009584,30.0,0.58867127,-0.5773982,1.4073697,0.6917077798084038,"{""geodesic"":false,""type"":""Point"",""coordinates"":[-75.99635563796812,8.742737496825074]}"
401,0.0,-0.71808624,5559.64,41.665894,0,0.02924207,3.8456614,30.0,0.5679255,-0.54279673,0.52064145,0.2670614920725265,"{""geodesic"":false,""type"":""Point"",""coordinates"":[-75.53263518732955,9.061144463846706]}"
402,0.0,10.580688,1390228.5,121.18589,0,0.017409403,25.191408,30.0,0.60344297,-0.59340155,4.3358126,0.01570035513085466,"{""geodesic"":false,""type"":""Point"",""coordinates"":[-75.4539241438842,9.202891397294271]}"
403,0.0,1.4698849,6315.267,19.086496,0,0.02178671,4.4014144,30.0,0.4324575,-0.48907456,0.13964863,0.10028935339552525,"{""geodesic"":false,""type"":""Point"",""coordinates"":[-75.85989832871905,8.699388088758607]}"
405,412.6463,1.2840004,1451.2064,11.924396,0,0.058502357,0.115103185,30.0,0.11713031,-0.1616341,0.39836392,0.4515693971324568,"{""geodesic"":false,""type"":""Point"",""coordinates"":[-75.85273191145004,8.785686382640721]}"
406,0.0,2.5960827,6162.5728,26.50239,0,0.041986454,7.6479044,30.0,0.5168574,-0.5377861,2.3676827,0.6300156102928836,"{""geodesic"":false,""type"":""Point"",""coordinates"":[-76.06159179381005,8.666864195990573]}"
407,0.0,0.96529484,3143.565,5.4530973,0,0.08835462,0.33789185,30.0,0.47260734,-0.5015097,0.4371982,0.3697638249089332,"{""geodesic"":false,""type"":""Point"",""coordinates"":[-75.71427911668712,8.982420029050841]}"
409,0.0,0.11502504,0.0,6.704655,0,267.34,0.14672741,40.0,0.60310477,-0.57819664,0.45550102,0.2062819453112913,"{""geodesic"":false,""type"":""Point"",""coordinates"":[-75.85427132757253,9.095264363598382]}"
410,0.0,1.8363533,12394.394,47.11322,0,2.327471,1.7658948,30.0,0.51732314,-0.56728804,2.0758498,0.360271535534028,"{""geodesic"":false,""type"":""Point"",""coordinates"":[-75.5470397208567,8.836181016575205]}"
412,0.0,-3.8064537,6167.1714,31.545824,0,0.08709904,3.601491,30.0,0.64492154,-0.6177585,3.6756804,0.18911965347429405,"{""geodesic"":false,""type"":""Point"",""coordinates"":[-75.83895048953022,9.312628773586773]}"
414,0.0,10.1147,1390228.5,94.21082,0,0.013399622,22.142962,30.0,0.51503307,-0.5230467,7.9553494,0.684618215714083,"{""geodesic"":false,""type"":""Point"",""coordinates"":[-75.5182709642242,9.133070362530084]}"
415,58.371193,3.5781012,1231.4625,10.189994,0,0.008450619,1.4806703,30.0,0.6532442,-0.60566705,1.1917744,0.5340796820538283,"{""geodesic"":false,""type"":""Point"",""coordinates"":[-75.79262319332169,8.73724923388978]}"
416,0.0,0.82396317,1390228.5,57.683945,0,4.8728423,1.5421019,30.0,0.53349674,-0.5661243,3.8374295,0.11855417134830137,"{""geodesic"":false,""type"":""Point"",""coordinates"":[-75.5418160349769,8.808511546857334]}"
420,0.0,-9.467201,6974.016,22.429255,0,0.009280867,2.372424,30.0,0.52797985,-0.5525231,6.598122,0.31041703534904297,"{""geodesic"":false,""type"":""Point"",""coordinates"":[-75.64384333963064,8.811878149275666]}"
421,0.0,0.19642353,5018.615,15.841097,0,0.008451257,1.549302,30.0,0.44223315,-0.52459013,0.609959,0.47972562045120426,"{""geodesic"":false,""type"":""Point"",""coordinates"":[-75.82528636274995,8.708418585753767]}"
422,0.0,-0.23830414,10292.492,57.011757,0,0.73971957,2.4788554,30.0,0.6336469,-0.61047465,1.6238389,0.25718831000043973,"{""geodesic"":false,""type"":""Point"",""coordinates"":[-76.07490968546425,8.747677660308213]}"
424,0.0,-8.131989,12609.461,45.576363,0,13.008744,1.936677,30.0,0.7749716,-0.70366335,3.9521868,0.5949802953024682,"{""geodesic"":false,""type"":""Point"",""coordinates"":[-75.50374094379474,8.893224053577711]}"
425,0.0,7.873192,1390228.5,86.1675,0,2.024841,2.2817416,30.0,0.61605656,-0.5401387,6.6494718,0.33071022512111536,"{""geodesic"":false,""type"":""Point"",""coordinates"":[-76.09956800488321,8.786675225249992]}"
426,0.0,1.6625404,5286.899,13.13623,0,0.061587002,4.078816,30.0,0.5422002,-0.52182657,0.7084451,0.05801820438421934,"{""geodesic"":false,""type"":""Point"",""coordinates"":[-75.62079884725908,9.057206826053795]}"
427,6.098351,1.3337345,3245.1348,7.9685364,0,0.008445299,1.3779516,30.0,0.6445984,-0.61884314,0.33380672,0.4431094823942273,"{""geodesic"":false,""type"":""Point"",""coordinates"":[-75.80650062926158,8.973276231942458]}"
431,0.0,-1.1134949,5275.652,35.83414,0,3.365271,1.9901795,30.0,0.49642804,-0.52965724,2.5873377,0.021965625543541645,"{""geodesic"":false,""type"":""Point"",""coordinates"":[-75.53235262915933,9.054632699210792]}"
432,83.13583,1.5874405,5211.8037,5.863066,0,0.013745325,0.7949673,30.0,0.7369734,-0.657498,3.277706,0.6124634234001533,"{""geodesic"":false,""type"":""Point"",""coordinates"":[-75.76055278423624,9.055315225684968]}"
433,6.4354234,3.401597,1248.5192,10.586168,0,0.012898898,1.7607118,30.0,0.5560191,-0.6040481,0.99089926,0.4788851960048781,"{""geodesic"":false,""type"":""Point"",""coordinates"":[-75.77758534573788,8.71882975676784]}"
435,0.0,0.54866505,2571.0894,17.401403,0,0.034931377,0.58558655,10.0,0.60416096,-0.60416096,6.679119,0.300029634341486,"{""geodesic"":false,""type"":""Point"",""coordinates"":[-75.95635935524878,8.778926120464092]}"
437,89.81335,-0.066679,2887.646,16.826565,0,0.029406304,0.9348488,30.0,0.49361637,-0.49499616,1.4240415,0.5169985569703174,"{""geodesic"":false,""type"":""Point"",""coordinates"":[-75.73345197604884,8.742252366206058]}"
440,14.909077,-6.253151,1390228.5,39.31834,0,0.012234317,5.3701553,30.0,0.6680871,-0.62051517,7.1493325,0.3358911230097311,"{""geodesic"":false,""type"":""Point"",""coordinates"":[-76.03016307337577,9.222867463441622]}"
443,0.0,13.853188,11123.246,112.18606,0,0.013311887,39.803955,30.0,0.452151,-0.46859047,8.787372,0.6801231055391104,"{""geodesic"":false,""type"":""Point"",""coordinates"":[-76.09393260754474,8.724833218408289]}"
444,0.0,-5.2242737,12322.261,48.134106,0,0.013174548,6.4468927,30.0,0.39292315,-0.46629605,5.391569,0.4428820768916376,"{""geodesic"":false,""type"":""Point"",""coordinates"":[-75.6730758036561,8.684840590775803]}"
445,3.4197257,-4.2494884,2698.3328,8.0067215,0,0.009137697,1.077182,30.0,0.57786834,-0.5588159,1.3295203,0.010471244223562826,"{""geodesic"":false,""type"":""Point"",""coordinates"":[-75.71235341588071,8.974555095348851]}"
446,0.0,0.5397911,11310.318,35.93053,0,41.5984,1.6533024,30.0,0.28423554,-0.25714287,0.25396866,0.5640460256207813,"{""geodesic"":false,""type"":""Point"",""coordinates"":[-75.9874021589634,8.86295433249682]}"
447,0.0,-1.9288311,2670.1685,25.279646,0,0.008452506,5.668351,30.0,0.5718954,-0.5616883,3.4008703,0.5691633461938709,"{""geodesic"":false,""type"":""Point"",""coordinates"":[-75.89005478591575,8.651836737308075]}"
449,45.76688,-1.1710663,1390228.5,121.49133,0,0.802062,5.079774,30.0,0.49042317,-0.5353319,6.738066,0.0710010884700073,"{""geodesic"":false,""type"":""Point"",""coordinates"":[-75.40556121801707,9.179613510857708]}"
450,0.0,-2.0683289,1390228.5,143.73569,0,0.32798454,6.4026985,10.0,0.8378519,-0.7716644,13.911053,0.1514976808580546,"{""geodesic"":false,""type"":""Point"",""coordinates"":[-75.58810192412137,8.75281687786156]}"
452,33.34512,5.3691864,1390228.5,132.00041,0,0.021340344,10.547287,30.0,0.58449614,-0.58228827,7.4484777,0.329944900399609,"{""geodesic"":false,""type"":""Point"",""coordinates"":[-75.43431535753025,9.246601601546292]}"
453,8.116431,-10.8036175,10302.0625,35.940754,0,0.009782126,13.152315,30.0,0.6234878,-0.65872777,9.222764,0.4608428790673399,"{""geodesic"":false,""type"":""Point"",""coordinates"":[-75.9999214977806,9.247370665901109]}"
454,0.0,-5.822998,1390228.5,82.37631,0,0.05030885,12.425944,30.0,0.3499038,-0.45917836,5.6007004,0.5419586315742613,"{""geodesic"":false,""type"":""Point"",""coordinates"":[-75.48194475700723,9.123352081857036]}"
455,0.0,-0.86708117,954.82983,4.3737535,0,0.010497906,0.8171206,30.0,0.69141865,-0.6541396,0.84255755,0.5925621196287021,"{""geodesic"":false,""type"":""Point"",""coordinates"":[-75.95756139623559,9.336476602351823]}"
456,0.0,2.0407686,4609.176,13.0984745,0,0.012910919,0.99821585,30.0,0.69843906,-0.55063677,0.89552224,0.6489200740747001,"{""geodesic"":false,""type"":""Point"",""coordinates"":[-75.91895613359567,8.873981680645475]}"
457,0.0,-1.7184448,1390228.5,123.59025,0,0.012299146,23.318155,30.0,0.615222,-0.5867082,12.008014,0.576693585697846,"{""geodesic"":false,""type"":""Point"",""coordinates"":[-76.10720047113064,8.785296351276802]}"
459,21.830479,-1.4623098,1925.8505,6.555285,0,0.048682693,0.3492524,30.0,0.5837618,-0.5597015,1.1503246,0.594568933106394,"{""geodesic"":false,""type"":""Point"",""coordinates"":[-75.72885628918917,8.902077102085983]}"
460,0.0,0.3158784,134.16408,6.158739,0,0.008444217,0.90941006,10.0,0.7844683,-0.6919873,2.1266747,0.44797665930043096,"{""geodesic"":false,""type"":""Point"",""coordinates"":[-75.65758338114549,9.020783714181244]}"
461,0.0,0.6268091,840.0,9.386213,0,0.013276564,1.0251664,30.0,0.75233024,-0.7063999,1.682683,0.2166255557402772,"{""geodesic"":false,""type"":""Point"",""coordinates"":[-75.83415158313227,9.012014350447249]}"
462,0.0,-3.732582,5193.5537,53.40085,0,0.008452682,1.3318638,10.0,0.8430689,-0.76019984,6.0492,0.2615855688756181,"{""geodesic"":false,""type"":""Point"",""coordinates"":[-76.09206258957586,8.643988247501479]}"
463,0.0,-6.502983,1390228.5,124.58648,0,0.008444334,42.182346,30.0,0.4437292,-0.5092238,3.0551565,0.14247180374493706,"{""geodesic"":false,""type"":""Point"",""coordinates"":[-75.99409061581106,9.015686656663835]}"
464,0.0,0.71493363,5112.4263,3.4674153,0,0.076767914,0.47818187,30.0,0.669,-0.6040365,0.63102764,0.02348320632465961,"{""geodesic"":false,""type"":""Point"",""coordinates"":[-75.95684320399985,9.273262825677815]}"
466,0.0,0.19672394,4986.231,6.4874697,0,0.4056091,0.14969748,30.0,0.74901694,-0.632208,1.5044359,0.6706580933297606,"{""geodesic"":false,""type"":""Point"",""coordinates"":[-75.79015636047421,8.986877965429985]}"
467,0.0,4.3481445,11418.025,88.031364,0,0.00844104,31.35221,30.0,0.6133122,-0.57301056,6.1231694,0.1978482887543519,"{""geodesic"":false,""type"":""Point"",""coordinates"":[-75.94834217245898,9.157976999005857]}"
469,0.0,2.4499588,6137.1084,34.01204,0,0.19734272,11.192702,10.0,0.7468428,-0.6589468,4.0087137,0.5114183069667629,"{""geodesic"":false,""type"":""Point"",""coordinates"":[-75.58918940733115,9.090904955444882]}"
470,0.0,-2.1465569,3618.0796,26.085728,0,0.009054119,1.6689157,30.0,0.8347613,-0.77186763,2.9468842,0.49548661775204084,"{""geodesic"":false,""type"":""Point"",""coordinates"":[-76.03429434069663,8.554614328459316]}"
471,0.0,1.6330376,1745.4226,17.121037,0,0.013916719,1.5584462,30.0,0.57693803,-0.59936786,0.16402023,0.31855647624187067,"{""geodesic"":false,""type"":""Point"",""coordinates"":[-75.98362739581589,8.672499257229862]}"
472,0.0,1.243273,421.07007,3.3157065,0,0.0667421,1.1385438,30.0,0.66836363,-0.5759102,1.0003048,0.6508279744252607,"{""geodesic"":false,""type"":""Point"",""coordinates"":[-75.91073975466223,9.29373180230965]}"
474,1096.5654,0.77988434,7885.2075,10.8541,0,0.013460157,2.5961945,50.0,0.4162294,-0.45056868,0.60223126,0.40061537696236105,"{""geodesic"":false,""type"":""Point"",""coordinates"":[-75.63680446102056,8.843094138929326]}"
476,0.0,1.4642954,313.2092,5.052101,0,0.013248754,1.2496046,30.0,0.62189054,-0.5682743,0.71759343,0.12567486408181427,"{""geodesic"":false,""type"":""Point"",""coordinates"":[-75.66382183079286,8.999337025040456]}"
477,12.067358,-1.4730148,1390228.5,48.051266,0,0.0129342275,15.368984,30.0,0.5616024,-0.5611304,1.4526783,0.5485265155599705,"{""geodesic"":false,""type"":""Point"",""coordinates"":[-75.56798112614308,9.144934896109127]}"
478,0.0,-7.295624,9601.172,36.106075,0,0.020498518,9.426945,30.0,0.64810926,-0.6450852,1.6856822,0.09435262942496792,"{""geodesic"":false,""type"":""Point"",""coordinates"":[-75.9827033874011,8.839904801027869]}"
481,0.0,-4.282799,1390228.5,23.016514,0,0.17264776,1.3142371,30.0,0.6751139,-0.63257945,2.5226212,0.2558821280425073,"{""geodesic"":false,""type"":""Point"",""coordinates"":[-75.5947530836739,9.153574758655171]}"
482,0.0,3.1269455,7083.876,32.237545,0,2.1685736,3.0855482,30.0,0.52040815,-0.58555025,3.397086,0.24417002372581753,"{""geodesic"":false,""type"":""Point"",""coordinates"":[-75.9349944719638,8.958593494501061]}"
483,0.0,0.26208305,1637.6813,17.836277,0,2.4373264,0.25459003,90.0,0.6127335,-0.5328832,0.26119044,0.13926368213892437,"{""geodesic"":false,""type"":""Point"",""coordinates"":[-75.98228666721802,8.68118491885088]}"
485,0.0,9.116077,4253.34,45.305534,0,0.012918866,5.1218266,30.0,0.5133333,-0.49785548,0.4986356,0.4381729753651503,"{""geodesic"":false,""type"":""Point"",""coordinates"":[-76.09611834048191,8.632310324248952]}"
486,0.0,2.3602753,1390228.5,63.256104,0,0.011607093,16.90799,30.0,0.5571055,-0.56392294,24.756195,0.5331945846042873,"{""geodesic"":false,""type"":""Point"",""coordinates"":[-75.76059271319652,9.3298980770966]}"
488,0.0,-1.0789337,1390228.5,61.208305,0,0.016317986,10.171642,30.0,0.5343647,-0.5162907,3.6059184,0.36812789122751444,"{""geodesic"":false,""type"":""Point"",""coordinates"":[-76.01470137762394,9.163223381552356]}"
492,0.0,-1.7040567,9173.724,14.578264,0,0.010873595,4.4273024,10.0,0.7608319,-0.67490935,5.935487,0.3494334995722077,"{""geodesic"":false,""type"":""Point"",""coordinates"":[-75.82947743953585,9.349550552171126]}"
494,1.849944,-10.380173,1390228.5,133.8001,0,0.0084496485,19.050444,30.0,0.52874625,-0.56540483,5.3125215,0.5586976027973108,"{""geodesic"":false,""type"":""Point"",""coordinates"":[-75.51422598177592,8.780601720761855]}"
495,0.0,-6.2467327,10030.234,29.3251,0,0.78421545,0.18658474,10.0,0.681536,-0.6238673,2.650439,0.11409500627580516,"{""geodesic"":false,""type"":""Point"",""coordinates"":[-75.75942946160211,8.64072216953505]}"
496,14.303916,3.615879,9968.896,55.86679,0,0.016729927,3.8793,30.0,0.44658402,-0.52037704,2.5278945,0.07040492590090686,"{""geodesic"":false,""type"":""Point"",""coordinates"":[-76.07711448839736,8.466591899342173]}"
500,86.2671,-11.37085,1390228.5,118.90386,0,0.1377478,5.1542525,10.0,0.8084449,-0.7102508,6.290319,0.30493130677016245,"{""geodesic"":false,""type"":""Point"",""coordinates"":[-76.19530636219204,8.44264486862691]}"
503,0.0,0.17734146,1135.6495,10.518327,0,0.010439628,1.3775569,30.0,0.34493783,-0.34661213,1.0727634,0.4900843236850123,"{""geodesic"":false,""type"":""Point"",""coordinates"":[-75.7767711451288,8.720730752299922]}"
505,0.0,0.0,1585.1814,3.5,0,1.7447231,0.0,90.0,0.7664789,-0.63926286,0.0,0.6006511186010277,"{""geodesic"":false,""type"":""Point"",""coordinates"":[-75.72602686554384,9.124845923285436]}"
507,0.0,-2.5325966,3642.9932,18.602736,0,0.008800442,10.833494,30.0,0.7481901,-0.6623765,3.27925,0.20000609687380277,"{""geodesic"":false,""type"":""Point"",""coordinates"":[-75.88247093226384,9.128840924332291]}"
509,0.0,5.432419,1390228.5,120.05269,0,0.061808508,14.168346,30.0,0.5382534,-0.5034523,6.088248,0.3353699163826096,"{""geodesic"":false,""type"":""Point"",""coordinates"":[-75.50076865363391,8.711969172133212]}"
510,0.0,1.8292103,5739.73,25.75683,0,0.016556136,1.2908624,30.0,0.8106288,-0.6506312,0.04354269,0.33907207997751454,"{""geodesic"":false,""type"":""Point"",""coordinates"":[-76.03254955963587,8.513921441082735]}"
511,0.0,1.9349313,174.92856,3.8407807,0,0.008439625,0.19630034,30.0,0.6061866,-0.5782886,0.36644247,0.40369365054305306,"{""geodesic"":false,""type"":""Point"",""coordinates"":[-75.8163346869957,9.21853239196667]}"
513,0.0,-0.24538231,5010.0,11.427414,0,0.013784475,0.6213159,30.0,0.5410344,-0.5320197,0.2690337,0.5145517529070893,"{""geodesic"":false,""type"":""Point"",""coordinates"":[-75.82969261649859,8.727944720234042]}"
514,0.0,-13.3513565,9885.353,86.013176,0,0.03208823,14.220488,30.0,0.58263886,-0.5490229,5.6883407,0.6291456651808736,"{""geodesic"":false,""type"":""Point"",""coordinates"":[-75.64371337168843,8.736445975091401]}"
515,0.0,-0.6133709,3780.476,21.856361,0,0.01976183,6.973584,30.0,0.69402987,-0.54264355,2.3467147,0.10530177706166866,"{""geodesic"":false,""type"":""Point"",""coordinates"":[-75.89397842478154,8.696867654875149]}"
516,0.0,2.7953615,3110.9001,3.5,0,47.79428,0.5483081,30.0,0.39793205,-0.39115095,1.9595927,0.518084184976625,"{""geodesic"":false,""type"":""Point"",""coordinates"":[-75.800436307127,9.06961052476837]}"
517,0.0,-4.677948,1390228.5,68.91976,0,0.18197179,5.590574,30.0,0.6395475,-0.5981873,4.7956896,0.07790215909908205,"{""geodesic"":false,""type"":""Point"",""coordinates"":[-75.54184814472063,9.196800542859767]}"
518,0.0,-4.651642,9238.149,78.80674,0,0.008455513,21.651829,10.0,0.608722,-0.576729,10.67104,0.3082160233174476,"{""geodesic"":false,""type"":""Point"",""coordinates"":[-76.09986746514161,8.514008104412998]}"
519,0.0,-0.58955574,84.85281,11.855558,0,0.15930785,0.0,30.0,0.8419666,-0.7353184,0.14706494,0.6901775167540126,"{""geodesic"":false,""type"":""Point"",""coordinates"":[-75.88969014295253,8.842850361332339]}"
520,0.0,-0.53606415,1390228.5,47.017155,0,0.008440708,14.858226,30.0,0.6432847,-0.6362336,10.8218,0.4730117061905639,"{""geodesic"":false,""type"":""Point"",""coordinates"":[-75.97295399248571,9.172562622935942]}"
521,0.0,1.1991577,7613.6787,41.162422,0,1.2460712,2.0447142,10.0,0.6875726,-0.64506084,2.1572802,0.18092106403341435,"{""geodesic"":false,""type"":""Point"",""coordinates"":[-75.52310856558688,9.080152063989992]}"
522,90.637474,3.153432,1060.6602,10.185636,0,0.020392332,0.49902365,30.0,0.4851433,-0.48670703,0.7807061,0.37801734989992275,"{""geodesic"":false,""type"":""Point"",""coordinates"":[-75.84681329633152,8.94062703355801]}"
524,0.0,-7.2770844,1390228.5,112.72508,0,0.91853356,4.691117,30.0,0.6163857,-0.5749279,12.980739,0.5888808409823154,"{""geodesic"":false,""type"":""Point"",""coordinates"":[-75.4156597402519,9.175260546135586]}"
526,0.0,0.2742176,7276.1597,31.777338,0,0.09602581,5.0414534,30.0,0.80866194,-0.710269,5.128608,0.32810922942160814,"{""geodesic"":false,""type"":""Point"",""coordinates"":[-76.05955424627342,8.522259532946077]}"
527,0.0,-0.10362816,4334.974,16.571325,0,0.023357987,1.8097494,30.0,0.51138777,-0.5199267,0.23085915,0.4300546594069363,"{""geodesic"":false,""type"":""Point"",""coordinates"":[-75.89249362078722,8.98637325135225]}"
529,0.0,-2.5064507,10459.852,65.83665,0,0.008444596,13.612177,30.0,0.55025595,-0.6084985,4.563792,0.47069343080727544,"{""geodesic"":false,""type"":""Point"",""coordinates"":[-75.94957533769195,9.004137669595949]}"
530,19.911314,0.011060238,1932.149,5.1548815,0,0.008441083,3.4616046,30.0,0.4591796,-0.51092786,0.48494634,0.046389090414773126,"{""geodesic"":false,""type"":""Point"",""coordinates"":[-75.77551059952205,9.156488968314141]}"
531,0.0,-0.307065,700.35706,5.304895,0,54.652996,0.17743814,30.0,0.8349057,-0.7630301,0.07439531,0.012349378609543327,"{""geodesic"":false,""type"":""Point"",""coordinates"":[-75.80053647528155,9.23647526161028]}"
533,0.0,2.9052238,1994.4924,19.92537,0,0.41761228,1.0654473,30.0,0.7484157,-0.67516696,1.6808407,0.5080573095653014,"{""geodesic"":false,""type"":""Point"",""coordinates"":[-75.94048963251755,8.649545539492756]}"
534,6.6657395,-12.3426895,1390228.5,100.27464,0,0.008447141,20.768078,30.0,0.29209387,-0.41686445,8.546523,0.06383213712462799,"{""geodesic"":false,""type"":""Point"",""coordinates"":[-75.47017954809664,8.892725216504935]}"
535,0.0,-2.9957886,6084.8994,48.508068,0,0.008950514,10.648092,30.0,0.44587353,-0.5217146,2.8039382,0.2507325981022883,"{""geodesic"":false,""type"":""Point"",""coordinates"":[-75.8828165955983,8.587548951093428]}"
536,0.0,1.1191716,859.0693,7.5670815,0,0.68510187,1.1433027,30.0,0.5828148,-0.5828148,1.5131035,0.5385721395934499,"{""geodesic"":false,""type"":""Point"",""coordinates"":[-75.86138248053915,9.100945395463443]}"
537,0.0,-0.87242794,424.26407,8.832177,0,0.009222405,1.2430423,30.0,0.43244004,-0.4906796,0.28933918,0.1438366794166045,"{""geodesic"":false,""type"":""Point"",""coordinates"":[-75.72079039374749,8.823405908278016]}"
538,0.0,0.5917587,10716.889,57.421574,0,0.56474406,1.688954,30.0,0.45615467,-0.5464931,1.3649251,0.16941160118932397,"{""geodesic"":false,""type"":""Point"",""coordinates"":[-75.94958666743129,9.0084787114947]}"
539,0.0,1.2405319,1231.4625,42.765312,0,0.008611932,35.28236,30.0,0.5358011,-0.55982435,4.084133,0.3034901294547715,"{""geodesic"":false,""type"":""Point"",""coordinates"":[-75.83659490125383,9.240734249960122]}"
540,0.0,-0.34664917,7724.6943,152.06396,0,0.014740279,37.171253,30.0,0.7255143,-0.68971735,14.090754,0.283689165849919,"{""geodesic"":false,""type"":""Point"",""coordinates"":[-76.13974872414366,8.63598143919088]}"
541,0.53221756,15.781738,1390228.5,168.69415,0,0.019409219,17.150423,10.0,0.5622229,-0.5638408,2.5850801,0.026185965779989773,"{""geodesic"":false,""type"":""Point"",""coordinates"":[-75.41713627240661,9.26995739123152]}"
542,0.0,3.2497482,1390228.5,48.052044,0,0.444053,1.2309589,30.0,0.6101753,-0.5267275,6.891015,0.29840640355322323,"{""geodesic"":false,""type"":""Point"",""coordinates"":[-75.99660716399048,9.136413829932463]}"
543,0.0,-1.1898332,6613.9624,7.4985075,0,0.014915936,0.047910713,30.0,0.7320852,-0.6844198,0.3775284,0.19123869188028497,"{""geodesic"":false,""type"":""Point"",""coordinates"":[-75.7443613556429,9.013020968516704]}"
544,0.0,3.9147396,3235.1353,24.516037,0,0.020390382,12.75025,30.0,0.35154083,-0.46077347,3.9854872,0.08090469932743027,"{""geodesic"":false,""type"":""Point"",""coordinates"":[-75.89490313471221,8.967374919257827]}"
546,0.0,-0.7035675,3776.9036,11.991284,0,0.00845096,0.4459612,40.0,0.3875575,-0.42480737,0.6265069,0.275113213830519,"{""geodesic"":false,""type"":""Point"",""coordinates"":[-75.86813153626227,8.722160869008563]}"
547,0.0,-0.26721668,342.0526,12.445039,0,0.011703709,1.5178543,30.0,0.771629,-0.65972984,1.3892381,0.0017011422565436085,"{""geodesic"":false,""type"":""Point"",""coordinates"":[-75.86792406197215,8.867320657753517]}"
548,0.0,1.0346875,576.2812,7.2520475,0,0.20677377,0.49693647,30.0,0.6440841,-0.5762846,1.6647724,0.6401474425348562,"{""geodesic"":false,""type"":""Point"",""coordinates"":[-75.59936861738521,8.973127667704526]}"
551,0.0,0.76904297,2400.0,34.270855,0,0.019070053,1.1131952,30.0,0.54127425,-0.57888764,3.2816367,0.0018772556347813607,"{""geodesic"":false,""type"":""Point"",""coordinates"":[-75.94079188627207,8.55105444441226]}"
554,0.0,-0.018999577,1663.3099,1.1444913,0,0.023837943,0.122860104,90.0,0.61342895,-0.5779407,0.37475365,0.339133421818521,"{""geodesic"":false,""type"":""Point"",""coordinates"":[-75.9523327870824,9.422496326124385]}"
556,0.0,2.562191,600.0,11.679201,0,0.008447922,0.919952,30.0,0.6418338,-0.5728795,2.3405597,0.3722468215959107,"{""geodesic"":false,""type"":""Point"",""coordinates"":[-75.86326411446302,8.857835069857533]}"
558,0.0,0.20425606,1275.6176,7.079029,0,0.22091377,0.17607227,30.0,0.67323667,-0.61789256,2.9014769,0.6423177529200371,"{""geodesic"":false,""type"":""Point"",""coordinates"":[-75.60886251430654,8.938380791699839]}"
559,0.0,0.07897186,5775.37,24.176258,0,0.02542503,0.5392475,30.0,0.60661155,-0.58910084,0.46922433,0.06086651074196858,"{""geodesic"":false,""type"":""Point"",""coordinates"":[-75.90535613186067,9.110063641683094]}"
560,0.0,-0.54466295,60.0,5.7562447,0,0.027802415,1.0126959,30.0,0.75742507,-0.6277266,1.0105853,0.5407744127954586,"{""geodesic"":false,""type"":""Point"",""coordinates"":[-75.62205998876586,8.996696531961144]}"
561,0.0,1.6474457,8952.877,39.82487,0,1.4772139,1.0022713,30.0,0.49621055,-0.5169042,1.198204,0.07283845691023039,"{""geodesic"":false,""type"":""Point"",""coordinates"":[-75.69710052689916,8.699992347547365]}"
562,26.316185,-0.52453613,3585.2197,10.540063,0,0.0651531,4.900549,30.0,0.62801665,-0.60993004,1.1535437,0.21933170898481946,"{""geodesic"":false,""type"":""Point"",""coordinates"":[-75.60663062932029,8.90880847001971]}"
563,292.03754,-1.2213278,2040.2206,15.672039,0,0.00844819,1.0401645,30.0,0.7233268,-0.6139523,4.079241,0.4011031524282339,"{""geodesic"":false,""type"":""Point"",""coordinates"":[-75.90824718759892,8.845790385422585]}"
564,36.38379,0.8516655,2870.1394,4.0210466,0,0.008437235,1.3610164,30.0,0.674028,-0.5778364,0.8314465,0.27586889265667613,"{""geodesic"":false,""type"":""Point"",""coordinates"":[-75.88130751478482,9.320123445430328]}"
565,0.0,0.8751564,2777.7148,17.529135,0,18.703728,0.5130545,30.0,0.6286243,-0.6024279,0.45778826,0.19809314640702858,"{""geodesic"":false,""type"":""Point"",""coordinates"":[-75.95738133378585,8.64461988177402]}"
566,36.794422,1.9823985,2649.698,4.775899,0,0.009811104,1.8120171,30.0,0.6545391,-0.6274868,2.4489017,0.3137153332421043,"{""geodesic"":false,""type"":""Point"",""coordinates"":[-75.81015260382244,9.141761632507086]}"
567,80.52266,-5.609619,1390228.5,62.66405,0,0.00843987,7.446232,30.0,0.3453487,-0.43422997,3.2564728,0.3236101465637753,"{""geodesic"":false,""type"":""Point"",""coordinates"":[-75.56343970273875,9.208434966957837]}"
568,0.0,-0.4411235,2842.5693,4.323134,0,0.009277173,0.628308,30.0,0.63210356,-0.5911156,0.81397533,0.6814490168921309,"{""geodesic"":false,""type"":""Point"",""coordinates"":[-75.77074607235477,9.099249064523589]}"
570,0.0,-5.3910446,1390228.5,107.56032,0,0.008589261,6.7784142,30.0,0.6713326,-0.6227236,9.656178,0.07895338603408486,"{""geodesic"":false,""type"":""Point"",""coordinates"":[-76.18502681337898,8.467093501534121]}"
571,0.0,-0.657753,9114.966,44.839584,0,0.008449531,5.315714,30.0,0.38118184,-0.46083692,1.509339,0.34893346450593554,"{""geodesic"":false,""type"":""Point"",""coordinates"":[-76.04092772612817,8.786027755888538]}"
572,0.0,-2.7609787,8520.476,68.54897,0,0.059220877,3.4347684,30.0,0.7101371,-0.6446858,1.6439968,0.3567963364575334,"{""geodesic"":false,""type"":""Point"",""coordinates"":[-75.86695679193447,8.566149961650009]}"
573,0.0,0.008653164,3289.7568,4.8180194,0,0.0088735875,0.82956463,30.0,0.37795958,-0.4445744,0.31947097,0.014805656968439718,"{""geodesic"":false,""type"":""Point"",""coordinates"":[-75.65218757697055,9.05579558508883]}"
574,0.0,-1.9598274,5487.4585,10.661234,0,0.0089417985,2.0437362,30.0,0.51900566,-0.5276699,1.5380344,0.3243922483608941,"{""geodesic"":false,""type"":""Point"",""coordinates"":[-75.76070859244,8.867825617082838]}"
575,0.0,0.42434502,3654.7092,18.460402,0,0.29124784,2.8486238,30.0,0.58921933,-0.56057495,2.3991303,0.5097446444859893,"{""geodesic"":false,""type"":""Point"",""coordinates"":[-75.7100204486283,8.754507136799807]}"
576,0.0,1.4939442,11285.424,27.626461,0,0.027241854,6.8724384,30.0,0.51324457,-0.5393243,0.11253958,0.6924323244936953,"{""geodesic"":false,""type"":""Point"",""coordinates"":[-75.61381930959223,9.284597573099322]}"
582,0.0,0.45142937,1555.6671,20.780708,0,0.013968129,0.4170096,30.0,0.4055573,-0.49866843,0.26292342,0.42510794584532363,"{""geodesic"":false,""type"":""Point"",""coordinates"":[-76.00582355057809,8.611394952459856]}"
583,0.0,-1.343339,745.1846,4.4503927,0,0.01988514,0.31750298,30.0,0.7163767,-0.63946825,0.36445126,0.0499562361331225,"{""geodesic"":false,""type"":""Point"",""coordinates"":[-75.7048950105441,9.207643355596312]}"
585,0.0,0.17158985,3240.0,8.174212,0,0.029092496,0.37993944,30.0,0.7788983,-0.66907156,0.3077601,0.4746799118191375,"{""geodesic"":false,""type"":""Point"",""coordinates"":[-75.87677738858538,9.03280702722961]}"
586,0.0,-13.542587,7954.5835,142.37984,0,0.008453801,43.617302,30.0,0.6391089,-0.58307433,5.7008467,0.41036798881573655,"{""geodesic"":false,""type"":""Point"",""coordinates"":[-76.15461271079859,8.593070725990524]}"
587,38.910904,-1.9716353,2671.5164,8.917093,0,0.008446475,1.1079302,30.0,0.79222614,-0.6471811,1.0049334,0.4406046470420154,"{""geodesic"":false,""type"":""Point"",""coordinates"":[-75.61265564352601,8.922094212246042]}"
588,58.170166,3.5868301,1390228.5,73.184326,0,0.018955654,23.321863,30.0,0.44590726,-0.47117063,7.151811,0.3095327676553632,"{""geodesic"":false,""type"":""Point"",""coordinates"":[-76.01884932278419,9.18166075484204]}"
589,1.2206091,6.4830475,1390228.5,116.68407,0,0.02723886,34.132225,10.0,0.7777419,-0.69140923,3.4358125,0.25988073585860516,"{""geodesic"":false,""type"":""Point"",""coordinates"":[-75.43010839764747,9.155435612694426]}"
594,0.0,3.2001343,1390228.5,91.50698,0,0.10568696,6.70252,30.0,0.7371898,-0.67189485,7.2730412,0.5559545282433546,"{""geodesic"":false,""type"":""Point"",""coordinates"":[-75.47476362801208,8.850389482363125]}"
595,13.51647,-0.5168495,2460.0,15.491982,0,19.940199,1.3555359,30.0,0.63765544,-0.59570783,1.1774327,0.33899713478395754,"{""geodesic"":false,""type"":""Point"",""coordinates"":[-75.57093597887409,8.940883187362566]}"
596,13.487118,3.542553,1390228.5,24.836248,0,0.36464772,3.8393698,30.0,0.5341722,-0.5648243,2.4737482,0.6792691816488624,"{""geodesic"":false,""type"":""Point"",""coordinates"":[-75.58756914360238,9.101761074388042]}"
598,0.0,-1.3146648,4758.5713,18.492323,0,0.039085403,0.7429194,30.0,0.52865005,-0.54819673,2.0220191,0.11794135711976428,"{""geodesic"":false,""type"":""Point"",""coordinates"":[-75.97765068310447,8.785654506480839]}"
600,0.0,-1.5804443,1390228.5,86.53037,0,0.0765518,11.669847,30.0,0.7006574,-0.678818,4.847396,0.30160408483543266,"{""geodesic"":false,""type"":""Point"",""coordinates"":[-76.00972275462055,9.043046575134545]}"
601,20.322899,5.389122,1390228.5,95.460014,0,0.018524557,21.006609,30.0,0.6099719,-0.61299855,4.716579,0.19883667996202214,"{""geodesic"":false,""type"":""Point"",""coordinates"":[-75.46278418969148,9.08538899599634]}"
602,0.0,-4.353856,3259.9387,12.341192,0,0.168385,0.43022698,30.0,0.62023187,-0.5486669,4.150509,0.6348560965784419,"{""geodesic"":false,""type"":""Point"",""coordinates"":[-75.81361202756855,8.732320823445248]}"
603,0.0,-3.3668842,3295.0872,10.454091,0,0.015763408,0.21691616,30.0,0.54760534,-0.555008,1.0164287,0.4890088053076199,"{""geodesic"":false,""type"":""Point"",""coordinates"":[-75.7779949747975,8.784762666329176]}"
604,13.372356,2.6024551,8149.8467,58.76806,0,0.03717987,19.732704,30.0,0.3977091,-0.46359834,12.715356,0.5830244013475523,"{""geodesic"":false,""type"":""Point"",""coordinates"":[-75.73895246308705,9.301454400085804]}"
605,0.0,-0.25651264,4320.104,15.808523,0,0.03397996,2.581755,30.0,0.5413431,-0.54204756,1.3923433,0.042309868912128956,"{""geodesic"":false,""type"":""Point"",""coordinates"":[-75.6126043004807,9.053964583708739]}"
606,0.0,2.9036179,7800.5767,32.76969,0,0.057785854,6.585502,30.0,0.504106,-0.56461835,1.7231025,0.0373300636537216,"{""geodesic"":false,""type"":""Point"",""coordinates"":[-75.9500697792164,8.879058874628091]}"
607,0.0,-9.021019,1390228.5,143.65468,0,0.008449574,67.16249,30.0,0.39392203,-0.43273905,20.908411,0.05229970047720611,"{""geodesic"":false,""type"":""Point"",""coordinates"":[-75.59797102249097,8.784277072123265]}"
608,0.0,-2.1466894,5303.555,9.179268,0,89.59856,0.23088284,30.0,0.7190973,-0.61928934,0.22483099,0.4813397247340241,"{""geodesic"":false,""type"":""Point"",""coordinates"":[-75.65972987321635,8.848481230892094]}"
609,17.15605,1.7933311,1390228.5,59.343483,0,0.009130768,6.8118124,30.0,0.5235921,-0.5212766,1.7198406,0.6754674652229985,"{""geodesic"":false,""type"":""Point"",""coordinates"":[-75.70454999809618,8.599854894307885]}"
611,0.0,0.96826744,1679.1963,9.677079,0,0.029203298,0.52702415,95.0,0.7175141,-0.6338596,12.6597185,0.1558925907624018,"{""geodesic"":false,""type"":""Point"",""coordinates"":[-75.90971547599054,9.425050737306012]}"
612,0.0,-6.5964737,6268.5645,79.26129,0,0.009144816,44.181946,30.0,0.7216088,-0.660076,13.546842,0.20743116851219012,"{""geodesic"":false,""type"":""Point"",""coordinates"":[-75.73755038389231,9.284092379577789]}"
614,0.0,3.8842125,10270.74,44.919205,0,0.016914414,11.371574,30.0,0.59821427,-0.62844145,2.5917015,0.5920288051154977,"{""geodesic"":false,""type"":""Point"",""coordinates"":[-75.95083546030179,9.171536191120063]}"
615,0.0,-5.0239964,3189.6082,22.916325,0,1.0507294,0.1596541,30.0,0.7588475,-0.6724241,4.386849,0.2644945901121015,"{""geodesic"":false,""type"":""Point"",""coordinates"":[-76.03001688650235,8.686214009402434]}"
616,0.0,2.294365,1390228.5,63.830856,0,0.009471817,2.376302,30.0,0.6412695,-0.6409066,0.8140442,0.587139068938124,"{""geodesic"":false,""type"":""Point"",""coordinates"":[-75.52813978381654,8.782481914471393]}"
617,0.0,11.177822,11351.423,71.06077,0,0.011714963,42.545277,30.0,0.42929444,-0.47315127,15.769587,0.4622152573392486,"{""geodesic"":false,""type"":""Point"",""coordinates"":[-75.73134403130966,8.639691454079381]}"
620,0.0,-4.9188805,11852.164,65.76026,0,0.077556334,9.808196,30.0,0.68721807,-0.6395519,15.482824,0.13246420623129296,"{""geodesic"":false,""type"":""Point"",""coordinates"":[-75.95189868472026,9.16068081600359]}"
622,31.488434,-4.51379,9577.943,57.453495,0,0.011253884,10.290051,10.0,0.7649034,-0.6711276,3.5815358,0.15127553664789284,"{""geodesic"":false,""type"":""Point"",""coordinates"":[-75.49130136578822,8.976543302681357]}"
623,0.0,-10.817135,9588.743,57.30099,0,0.008444681,8.880981,30.0,0.32959285,-0.43978813,2.413628,0.4559094415523707,"{""geodesic"":false,""type"":""Point"",""coordinates"":[-75.49133354330044,9.000421473044067]}"
624,115.17745,-0.07636261,1390228.5,53.81621,0,23.69208,0.76807797,30.0,0.7417876,-0.6457341,3.3154473,0.4334497579912088,"{""geodesic"":false,""type"":""Point"",""coordinates"":[-75.97247255879363,8.994039241118966]}"
625,94.90681,-1.8990145,7375.8525,13.728778,0,0.63218284,0.07566317,30.0,0.51187843,-0.5377458,1.4761959,0.2751597755313203,"{""geodesic"":false,""type"":""Point"",""coordinates"":[-75.60257883670734,9.098480521298162]}"
626,0.0,-2.6167908,1390228.5,135.31212,0,0.024934951,43.71453,30.0,0.6535756,-0.63299567,15.419101,0.1700529797529865,"{""geodesic"":false,""type"":""Point"",""coordinates"":[-76.01623581761814,9.02973432661591]}"
627,0.0,-3.5168514,6056.8804,26.713087,0,0.0420582,14.753398,30.0,0.5023405,-0.5356333,8.653516,0.4651172380344779,"{""geodesic"":false,""type"":""Point"",""coordinates"":[-75.90053558572647,9.14724626863592]}"
628,0.0,5.6354027,1390228.5,35.12958,0,0.023868758,8.587677,30.0,0.5181111,-0.54421395,5.959291,0.3352244440363691,"{""geodesic"":false,""type"":""Point"",""coordinates"":[-75.9634271626965,9.183440662977171]}"
632,168.38701,2.7443428,6468.0444,52.122337,0,0.009674127,5.460726,30.0,0.58047867,-0.57751757,2.9325314,0.5820838862902019,"{""geodesic"":false,""type"":""Point"",""coordinates"":[-75.54140372723685,9.083381482721268]}"
633,0.0,1.093996,2910.0,7.139715,0,0.02125492,0.71202433,30.0,0.5660599,-0.57090265,2.8684726,0.09807239398287892,"{""geodesic"":false,""type"":""Point"",""coordinates"":[-75.7145291872603,8.970752232385202]}"
634,0.0,13.56411,1390228.5,75.909386,0,0.008448747,16.20488,30.0,0.30167174,-0.41980937,5.0758805,0.5112575855825269,"{""geodesic"":false,""type"":""Point"",""coordinates"":[-75.55465600529722,8.821245962946334]}"
638,11.149249,1.1119165,2250.2,5.323122,0,0.009043353,0.6691046,30.0,0.64547765,-0.57949793,0.66371953,0.11466178859622578,"{""geodesic"":false,""type"":""Point"",""coordinates"":[-75.71085920523173,9.047817764482318]}"
639,0.0,-0.19607353,2120.4717,5.958572,0,0.008446327,0.50751364,30.0,0.6085152,-0.56820256,0.17457293,0.4766897044707368,"{""geodesic"":false,""type"":""Point"",""coordinates"":[-75.626582483191,8.928311763888162]}"
640,0.0,0.5061321,3218.4001,18.58826,0,0.15242395,0.08660574,30.0,0.6370896,-0.6230482,0.5104653,0.11028452331218896,"{""geodesic"":false,""type"":""Point"",""coordinates"":[-75.96995614507411,8.65761162158675]}"
641,0.0,-0.56110954,5197.6245,26.123915,0,0.01497899,4.755505,30.0,0.39004928,-0.3686886,0.9813618,0.5581539512665139,"{""geodesic"":false,""type"":""Point"",""coordinates"":[-75.56023849079338,8.90481109865259]}"
642,0.0,-1.063324,7267.3105,57.084816,0,0.012368512,7.4179034,30.0,0.48977396,-0.5144599,1.7858342,0.06632335188405769,"{""geodesic"":false,""type"":""Point"",""coordinates"":[-75.53294460153252,9.085835989997074]}"
644,0.0,0.5812149,3776.9036,11.742073,0,0.010829957,1.9486725,30.0,0.47652173,-0.46695465,0.061892737,0.3393183818332749,"{""geodesic"":false,""type"":""Point"",""coordinates"":[-75.88294549224597,8.987752837361246]}"
645,20.834719,0.5486994,1981.136,12.477644,0,0.025541555,0.56564456,30.0,0.4063225,-0.4862835,1.5462505,0.05430837098041752,"{""geodesic"":false,""type"":""Point"",""coordinates"":[-75.7745732643787,8.71286658422069]}"
646,38.402916,-0.07936096,9570.0,51.73262,0,0.011812,11.850728,30.0,0.4130764,-0.4434758,0.6524575,0.05875873973558654,"{""geodesic"":false,""type"":""Point"",""coordinates"":[-75.9343630251631,9.031579696076749]}"
647,0.0,4.5766907,2887.802,34.10713,0,0.35948896,3.2611544,30.0,0.6177905,-0.60170454,5.685543,0.05750236773687567,"{""geodesic"":false,""type"":""Point"",""coordinates"":[-75.9369036998617,8.52148951014965]}"
648,0.0,1.4971836,1350.0,2.7762885,0,0.010818977,1.6284453,30.0,0.65791446,-0.64475316,1.2228042,0.6225858748156826,"{""geodesic"":false,""type"":""Point"",""coordinates"":[-75.96387165802223,9.346498058033962]}"
649,0.0,4.082733,1390228.5,38.259296,0,0.04083449,5.678465,30.0,0.6432316,-0.59862006,3.190856,0.3598559567454396,"{""geodesic"":false,""type"":""Point"",""coordinates"":[-75.57632093533775,9.23690490590872]}"
650,213.77043,-1.4039011,1509.8676,12.881581,0,0.69267416,0.58995616,10.0,0.5642471,-0.53875154,2.9024165,0.3541089069418206,"{""geodesic"":false,""type"":""Point"",""coordinates"":[-75.58047527546037,8.933542186547378]}"
652,0.0,2.8706303,7204.811,15.607561,0,0.029794622,0.70841104,30.0,0.5830028,-0.6020642,0.8343239,0.08752944094036752,"{""geodesic"":false,""type"":""Point"",""coordinates"":[-75.91420872999142,9.048452219422272]}"
653,0.0,9.019802,9729.671,61.67351,0,0.20454726,11.214653,30.0,0.7356761,-0.6210046,3.1902776,0.1862001300170859,"{""geodesic"":false,""type"":""Point"",""coordinates"":[-75.65597051025195,8.727470762049538]}"
654,0.0,0.60564184,5143.5786,7.0961976,0,0.011456767,0.85688967,30.0,0.5579914,-0.5672776,0.68214816,0.04611347299649371,"{""geodesic"":false,""type"":""Point"",""coordinates"":[-75.72877024083533,8.995958292895603]}"
655,0.0,-1.3244705,10691.665,72.70707,0,0.008960014,11.789961,30.0,0.48383304,-0.52738273,7.3301535,0.5221849478113436,"{""geodesic"":false,""type"":""Point"",""coordinates"":[-75.82288896399251,8.609116729215229]}"
656,0.0,0.19820547,2988.277,5.4056134,0,3.4962769,0.005081377,30.0,0.6678099,-0.57083523,1.3326936,0.2794309157189987,"{""geodesic"":false,""type"":""Point"",""coordinates"":[-75.62456474753088,9.024911356266925]}"
657,0.0,1.3083906,8567.036,12.457599,0,0.11652389,4.795166,30.0,0.5194426,-0.47871333,2.6406837,0.35497702565153455,"{""geodesic"":false,""type"":""Point"",""coordinates"":[-75.63161418822283,8.839032835414475]}"
660,3.549353,1.3413429,10786.867,39.05778,0,0.08285736,5.103652,30.0,0.23543954,-0.24790251,2.0671897,0.4114722121248484,"{""geodesic"":false,""type"":""Point"",""coordinates"":[-75.71420002434483,8.657360725413739]}"
661,0.0,6.8657417,9161.059,49.4996,0,0.2881503,3.3365471,10.0,0.67327064,-0.61497325,3.29406,0.02817393798752499,"{""geodesic"":false,""type"":""Point"",""coordinates"":[-75.70181178572297,9.305327979588212]}"
662,0.0,0.0,888.4256,3.5,0,0.041104943,0.31079948,90.0,0.3288078,-0.3145855,0.0,0.07089754949836036,"{""geodesic"":false,""type"":""Point"",""coordinates"":[-75.70301420876737,9.084191411293851]}"
663,0.0,-20.11261,1390228.5,79.11,0,0.024553452,14.094063,30.0,0.51890033,-0.5152954,16.047125,0.2724428722214406,"{""geodesic"":false,""type"":""Point"",""coordinates"":[-76.06398645290945,9.210560305811288]}"
664,0.0,-0.16299057,318.9044,18.794493,0,0.019323224,0.20000076,10.0,0.8837151,-0.7917165,0.26717618,0.34456005748033625,"{""geodesic"":false,""type"":""Point"",""coordinates"":[-75.93499525159726,8.632736963070185]}"
665,0.0,-0.7986338,1509.8676,4.3977494,0,0.06346407,0.64120924,40.0,0.5709375,-0.54629344,0.47137263,0.08050602483576397,"{""geodesic"":false,""type"":""Point"",""coordinates"":[-75.77005283831656,9.157857244553131]}"
666,0.0,-2.2881565,3411.5686,11.133353,0,0.44640797,0.0506598,30.0,0.5467563,-0.5448327,6.6438694,0.6233278754946621,"{""geodesic"":false,""type"":""Point"",""coordinates"":[-75.77854275127397,8.785846863009896]}"
667,0.0,2.1192245,1390228.5,116.319336,0,0.23606926,3.944477,30.0,0.37158147,-0.4398502,1.7293931,0.2904738111985009,"{""geodesic"":false,""type"":""Point"",""coordinates"":[-75.44086247717111,9.240352766388]}"
668,0.0,0.86704445,6445.254,10.519152,0,0.0084467605,1.7891923,30.0,0.6088215,-0.57985926,0.3245593,0.5481756225790881,"{""geodesic"":false,""type"":""Point"",""coordinates"":[-75.76979824085979,8.909320625481334]}"
669,0.0,1.5647187,930.48376,3.8984928,0,0.008439818,2.72011,30.0,0.77980953,-0.65030026,0.7424341,0.03731963345388878,"{""geodesic"":false,""type"":""Point"",""coordinates"":[-75.80976225160177,9.210407528673619]}"
670,0.0,-31.370003,1390228.5,138.47305,0,0.008442392,44.475502,30.0,0.61053514,-0.5847808,10.649752,0.47643925573128654,"{""geodesic"":false,""type"":""Point"",""coordinates"":[-76.01588746101176,9.100004827077097]}"
671,0.0,4.630005,13201.772,133.36188,0,0.008523734,46.26759,30.0,0.14227383,-0.11025673,24.275919,0.3439918635712439,"{""geodesic"":false,""type"":""Point"",""coordinates"":[-76.09541098448182,8.764168731422766]}"
672,0.0,1.9522629,13254.2295,55.019047,0,4.250535,1.466127,30.0,0.6315552,-0.607164,3.893654,0.01611806284965389,"{""geodesic"":false,""type"":""Point"",""coordinates"":[-75.68121200247072,8.660134292061668]}"
673,0.0,-2.5629954,5487.3765,6.323786,0,0.010078655,0.68192714,30.0,0.69624525,-0.6168901,1.1631951,0.13170806630542498,"{""geodesic"":false,""type"":""Point"",""coordinates"":[-75.73920996886207,9.029853864560854]}"
674,0.0,17.715153,9656.878,65.28294,0,0.00989454,13.753971,30.0,0.59495306,-0.50076103,9.038103,0.3506158993702837,"{""geodesic"":false,""type"":""Point"",""coordinates"":[-75.82757614189967,8.633255125854335]}"
675,0.0,0.15217686,234.3075,11.155362,0,0.021499014,0.45059785,10.0,0.82586926,-0.7378872,0.14963005,0.00761911100425583,"{""geodesic"":false,""type"":""Point"",""coordinates"":[-75.87774522681767,8.86729771915981]}"
676,0.0,-5.1160507,1390228.5,91.427505,0,0.014251588,26.832367,10.0,0.6267918,-0.62594426,20.572937,0.4184907174089718,"{""geodesic"":false,""type"":""Point"",""coordinates"":[-75.76147618490955,8.57342694752294]}"
678,0.0,-0.121486664,1390228.5,58.238823,0,0.3370688,3.8768,30.0,0.45232025,-0.43657,1.3383344,0.09302526947514578,"{""geodesic"":false,""type"":""Point"",""coordinates"":[-75.6018168998882,8.801094119269662]}"
679,0.0,-5.1885834,1390228.5,56.52747,0,0.100777544,9.670881,30.0,0.64342356,-0.661598,9.189412,0.663065137763244,"{""geodesic"":false,""type"":""Point"",""coordinates"":[-75.99601144643454,9.216452186842389]}"
680,0.0,-0.10685444,4377.225,4.9702735,0,0.011501244,0.59419245,30.0,0.7184161,-0.6414505,0.26367795,0.2557640875306314,"{""geodesic"":false,""type"":""Point"",""coordinates"":[-75.73349522923701,9.038276583171678]}"
681,0.0,3.4426818,5093.378,5.9172907,0,0.045771714,1.5604248,30.0,0.40108973,-0.49839458,0.048018083,0.03915688046294519,"{""geodesic"":false,""type"":""Point"",""coordinates"":[-75.78349589286964,9.062050047320865]}"
683,0.0,-9.047569,7205.0605,51.481483,0,0.026026303,10.617179,30.0,0.35102433,-0.4751539,7.4031157,0.29749255068609426,"{""geodesic"":false,""type"":""Point"",""coordinates"":[-75.51131207484974,9.039196202140186]}"
684,0.0,6.1757927,10752.103,61.156227,0,0.19743338,2.1250677,30.0,0.23015873,-0.15081206,2.885319,0.3798830220549819,"{""geodesic"":false,""type"":""Point"",""coordinates"":[-75.82396890613526,8.604230451746862]}"
687,0.0,-0.50657463,6244.974,31.237371,0,0.012615369,1.9540004,30.0,0.44727695,-0.5030084,2.9810927,0.5027863655324896,"{""geodesic"":false,""type"":""Point"",""coordinates"":[-75.9092033753745,9.120092833047838]}"
689,34.929375,-0.08272171,10716.217,42.59484,0,0.015989805,4.285179,30.0,0.42772686,-0.4995343,2.4808218,0.1566736099405588,"{""geodesic"":false,""type"":""Point"",""coordinates"":[-75.96943017946492,8.875481964200905]}"
690,0.0,6.526428,8001.625,56.68037,0,0.020882845,20.52787,10.0,0.65296113,-0.63997006,5.702377,0.5036152215463477,"{""geodesic"":false,""type"":""Point"",""coordinates"":[-76.05515263533232,8.507349172173072]}"
691,6.124084,-0.039110184,7160.391,9.230455,0,0.008445253,0.5070839,30.0,0.6712669,-0.61543083,1.4808085,0.6977214696874433,"{""geodesic"":false,""type"":""Point"",""coordinates"":[-75.77021020999645,8.975524309849217]}"
693,0.0,-2.612194,5966.381,37.59137,0,0.008445687,8.815711,30.0,0.7019913,-0.69,4.3174067,0.3868501503773276,"{""geodesic"":false,""type"":""Point"",""coordinates"":[-75.92489266283438,8.956448327091314]}"
695,201.62466,-0.63661194,8603.465,41.175327,0,0.008444776,3.358293,30.0,0.464434,-0.5272045,4.0461464,0.6305686616410126,"{""geodesic"":false,""type"":""Point"",""coordinates"":[-75.50115382100125,8.996609444914572]}"
696,0.0,0.64982224,10172.831,55.057213,0,0.08721561,3.818388,30.0,0.39387694,-0.45089626,1.8492849,0.04298687002770807,"{""geodesic"":false,""type"":""Point"",""coordinates"":[-75.48622163420299,9.0555108750463]}"
698,0.0,0.47759533,4235.2095,7.9698615,0,17.316422,0.9964042,30.0,0.6308725,-0.58082306,1.332231,0.488730300229997,"{""geodesic"":false,""type"":""Point"",""coordinates"":[-75.66523926680703,8.87804723630656]}"
701,0.0,4.247879,1390228.5,209.5567,0,0.008834022,103.335815,10.0,0.6067842,-0.6241823,14.16531,0.36245811533550987,"{""geodesic"":false,""type"":""Point"",""coordinates"":[-76.19839938615125,8.561194700936957]}"
702,0.0,1.0393295,1390228.5,79.58643,0,0.013809142,13.551755,30.0,0.43552387,-0.48667738,3.933248,0.23950058396039708,"{""geodesic"":false,""type"":""Point"",""coordinates"":[-75.48986060047463,9.121984795774663]}"
703,0.0,-3.076645,1390228.5,69.68766,0,0.19168682,1.4959829,30.0,0.5890289,-0.5819926,2.8892996,0.10456093419730617,"{""geodesic"":false,""type"":""Point"",""coordinates"":[-75.52183807745155,8.762411138814747]}"
705,0.0,-3.8851547,8720.459,45.408592,0,0.8847288,4.780749,30.0,0.584103,-0.59301996,5.9476075,0.5086624625963968,"{""geodesic"":false,""type"":""Point"",""coordinates"":[-76.04444294399667,8.775165529427769]}"
706,0.0,-2.0215204,1221.188,5.975973,0,0.646983,0.027845507,30.0,0.77875584,-0.6815534,1.1064218,0.6118755048195963,"{""geodesic"":false,""type"":""Point"",""coordinates"":[-75.82105724647363,9.134682697015394]}"
708,0.0,-0.6248865,271.66156,4.7154694,0,0.009170629,2.0715303,30.0,0.71836734,-0.64172554,1.5314162,0.2586663866489751,"{""geodesic"":false,""type"":""Point"",""coordinates"":[-75.82176553171863,9.205225211450047]}"
709,0.0,-0.25901985,7867.2104,6.3872304,0,0.08694363,0.75477713,30.0,0.619213,-0.575007,0.67502975,0.324316235143258,"{""geodesic"":false,""type"":""Point"",""coordinates"":[-75.99617775885187,9.275597283850447]}"
710,0.0,0.5677881,2128.0977,8.98843,0,5.1404347,0.051823586,30.0,0.5593917,-0.5238988,0.24592702,0.03057585983620481,"{""geodesic"":false,""type"":""Point"",""coordinates"":[-75.86493025826499,8.986167581043464]}"
711,0.0,8.864838,12974.229,89.00011,0,0.03533021,8.498935,30.0,0.50177515,-0.5604058,5.816213,0.5979954760399941,"{""geodesic"":false,""type"":""Point"",""coordinates"":[-76.0840143453487,8.784007175742246]}"
712,0.0,-0.42171097,1390228.5,57.97712,0,0.09189218,4.2882767,10.0,0.730453,-0.6445534,8.45328,0.4924524727395482,"{""geodesic"":false,""type"":""Point"",""coordinates"":[-75.55057991237803,9.19244591727879]}"
713,0.0,-7.154354,120.0,23.652489,0,0.8943515,0.23239301,30.0,0.7814153,-0.67709816,2.558939,0.2810787015266287,"{""geodesic"":false,""type"":""Point"",""coordinates"":[-76.03227652817293,8.61485194073126]}"
714,0.0,0.46473026,804.9845,7.0978904,0,0.4359775,0.19095264,30.0,0.56716585,-0.5237574,0.6889057,0.6821619706902727,"{""geodesic"":false,""type"":""Point"",""coordinates"":[-75.72274906849516,8.848636242407622]}"
715,88.86023,-3.062766,5529.8555,14.437215,0,0.0084494455,0.5785213,10.0,0.68631285,-0.62898004,1.4427395,0.6438518562303933,"{""geodesic"":false,""type"":""Point"",""coordinates"":[-75.80964633080129,8.790122635776006]}"
716,0.0,2.8280945,15516.613,53.039368,0,0.036318447,5.311214,30.0,0.37369034,-0.4651105,3.7562656,0.27600265556233994,"{""geodesic"":false,""type"":""Point"",""coordinates"":[-76.01530053967404,8.889468352265126]}"
717,0.0,-7.760723,1390228.5,28.771223,0,0.008439654,13.65354,30.0,0.43190885,-0.4593496,0.08437953,0.40998103764664673,"{""geodesic"":false,""type"":""Point"",""coordinates"":[-75.95887680053747,9.21736694949889]}"
719,152.81609,6.8720207,1699.441,19.37669,0,0.008443726,3.006462,30.0,0.4994969,-0.5125417,1.777521,0.028893283331948183,"{""geodesic"":false,""type"":""Point"",""coordinates"":[-75.59183936517069,9.042059846854473]}"
720,0.0,7.682274,1390228.5,101.935524,0,0.13919073,15.907095,10.0,0.6905962,-0.62045985,4.8408465,0.43697413281367026,"{""geodesic"":false,""type"":""Point"",""coordinates"":[-75.46686998314038,8.864780754557342]}"
723,0.0,-5.6040506,2684.958,24.959394,0,0.008447102,9.199459,10.0,0.79034996,-0.7073882,19.541264,0.5799363544814788,"{""geodesic"":false,""type"":""Point"",""coordinates"":[-75.6800021530477,8.89430079821692]}"
724,0.0,-26.011047,15026.767,131.89026,0,0.00927839,22.921143,30.0,0.64882296,-0.57565486,8.085419,0.3342319132328929,"{""geodesic"":false,""type"":""Point"",""coordinates"":[-75.62618102990493,8.689804633042966]}"
727,0.0,-1.4264069,1390228.5,130.20486,0,0.016155783,32.091465,30.0,0.40712732,-0.4214608,13.836095,0.6306099856359042,"{""geodesic"":false,""type"":""Point"",""coordinates"":[-75.63242622541648,8.673785176286557]}"
728,0.0,2.3887367,5980.844,23.238598,0,0.033047132,1.119838,30.0,0.6913043,-0.6453172,0.704901,0.641208633008778,"{""geodesic"":false,""type"":""Point"",""coordinates"":[-76.03232068368027,8.530201079023582]}"
732,0.0,0.66037846,9985.449,13.596258,0,0.20003627,1.395369,30.0,0.75517416,-0.6412556,2.1348965,0.5100811283323556,"{""geodesic"":false,""type"":""Point"",""coordinates"":[-76.00486247167548,9.256310065031958]}"
733,0.0,2.390789,7537.2275,43.9428,0,0.035046685,4.342982,30.0,0.60903424,-0.59004617,0.39866096,0.3267286123195259,"{""geodesic"":false,""type"":""Point"",""coordinates"":[-76.05562575468382,8.481030274751587]}"
734,0.0,1.1496849,2163.7468,5.820493,0,0.06865651,0.6257355,30.0,0.7142512,-0.59046125,0.16270842,0.3770269710434978,"{""geodesic"":false,""type"":""Point"",""coordinates"":[-75.72288494372609,9.055662849755802]}"
735,116.7338,0.8361168,3864.298,34.273724,0,0.032309268,5.0995893,30.0,0.4206656,-0.50369394,5.7591343,0.540167118067098,"{""geodesic"":false,""type"":""Point"",""coordinates"":[-75.56158140672588,9.06815601466543]}"
736,0.0,0.27433014,7094.35,36.917004,0,0.01055554,2.549435,30.0,0.5183882,-0.55214125,0.26768377,0.2897517960743108,"{""geodesic"":false,""type"":""Point"",""coordinates"":[-76.0495766893173,8.461240495078835]}"
737,0.0,-7.8372116,9785.796,88.67769,0,0.008450521,28.540855,30.0,0.45784885,-0.5466461,1.5128568,0.34528835169787153,"{""geodesic"":false,""type"":""Point"",""coordinates"":[-76.07325636117997,8.741713514792938]}"
738,0.0,-0.2661438,1390228.5,76.50323,0,0.018188015,8.80753,30.0,0.40922147,-0.4724372,1.3731668,0.5127818382599021,"{""geodesic"":false,""type"":""Point"",""coordinates"":[-75.47815823847537,9.150219905473898]}"
739,19.957813,7.257416,1390228.5,56.53671,0,0.18022677,4.2796,30.0,0.75687605,-0.7104132,4.0280724,0.6955943623278814,"{""geodesic"":false,""type"":""Point"",""coordinates"":[-75.9598158741062,8.954731504513198]}"
740,0.0,-0.40506935,1390228.5,29.541553,0,0.00844188,3.020092,30.0,0.5579333,-0.55138093,1.6802456,0.21164171810353072,"{""geodesic"":false,""type"":""Point"",""coordinates"":[-75.57613517784739,9.121858338855773]}"
743,0.0,0.85002327,3047.9172,11.740138,0,0.008442968,1.3685901,30.0,0.42296156,-0.5089647,0.40337956,0.31825851165594765,"{""geodesic"":false,""type"":""Point"",""coordinates"":[-75.88343109573071,9.075117159390977]}"
745,3015.6204,1.3274193,780.0,15.095549,0,0.021359364,2.8712587,50.0,0.29052883,-0.30936614,3.2778566,0.001615197717704575,"{""geodesic"":false,""type"":""Point"",""coordinates"":[-75.81091898056273,9.238622562687658]}"
746,0.0,0.110450745,1390228.5,69.469795,0,0.24198711,2.554136,30.0,0.5904567,-0.6122167,1.9547485,0.5638907733772285,"{""geodesic"":false,""type"":""Point"",""coordinates"":[-75.48032949807852,9.14044874319467]}"
747,0.0,0.73210907,3813.6597,17.82911,0,0.35773623,0.5101194,30.0,0.56806284,-0.5631524,0.5881992,0.5122583785011616,"{""geodesic"":false,""type"":""Point"",""coordinates"":[-75.88814569882354,9.105222273876196]}"
749,0.0,-0.4623146,7049.234,65.83158,0,0.24211273,10.991945,30.0,0.55075186,-0.5625,11.64903,0.2854542745150278,"{""geodesic"":false,""type"":""Point"",""coordinates"":[-76.09102597252918,8.662711621397854]}"
750,0.0,-0.90629816,0.0,6.0259686,0,526.77124,0.20504029,30.0,0.6127992,-0.5885658,0.75490385,0.6483368046980472,"{""geodesic"":false,""type"":""Point"",""coordinates"":[-75.69345331335852,8.93768959183379]}"
753,12.927509,-3.3097048,0.0,5.974331,0,2682.0303,0.523737,30.0,0.74179643,-0.65197635,1.5380152,0.6087313714159119,"{""geodesic"":false,""type"":""Point"",""coordinates"":[-75.82095509247493,9.209025580691538]}"
755,0.0,0.080472946,9588.368,30.865093,0,0.1460223,0.30118164,30.0,0.70896786,-0.6149664,0.3438758,0.6871672720046597,"{""geodesic"":false,""type"":""Point"",""coordinates"":[-76.00610661990997,8.819222766350029]}"
756,0.0,2.1235638,807.7747,4.5936832,0,0.019984392,4.607649,30.0,0.61243045,-0.54975873,0.4440567,0.5772486482848009,"{""geodesic"":false,""type"":""Point"",""coordinates"":[-75.81977232995622,9.169686385048573]}"
758,0.0,0.46658325,1390228.5,226.39952,0,0.011501789,104.67703,10.0,0.74877876,-0.65576476,20.924911,0.13740292565881962,"{""geodesic"":false,""type"":""Point"",""coordinates"":[-76.1790400343663,8.558812491346284]}"
759,0.0,-3.6358013,0.0,14.3958645,0,6908.914,0.12174134,80.0,0.80188185,-0.70516944,2.6753862,0.06043675107266555,"{""geodesic"":false,""type"":""Point"",""coordinates"":[-75.85235506979778,8.85921671473455]}"
760,0.7516438,-8.3192215,10013.801,46.018585,0,0.008683079,10.036563,30.0,0.54763156,-0.5766756,3.3501594,0.6554120747240093,"{""geodesic"":false,""type"":""Point"",""coordinates"":[-75.71993429478619,8.661691367743103]}"
762,58.522324,1.0811955,60.0,1.6730374,0,0.01596076,1.4682342,30.0,0.59684545,-0.53069246,0.9176823,0.37452055206047585,"{""geodesic"":false,""type"":""Point"",""coordinates"":[-75.9371150024102,9.351724606383607]}"
765,0.0,1.0733948,1390228.5,76.21038,0,0.014469124,4.1811204,30.0,0.53952277,-0.5578193,2.6262658,0.45113583313299943,"{""geodesic"":false,""type"":""Point"",""coordinates"":[-75.46549525219635,9.070733027178958]}"
768,209.03828,-4.769073,1800.9998,10.528799,0,0.008446289,2.2645206,30.0,0.78161055,-0.67614144,5.7370086,0.5671399330739699,"{""geodesic"":false,""type"":""Point"",""coordinates"":[-75.6074846380527,8.930242879442053]}"
769,0.0,2.4884834,2683.2815,20.348694,0,0.3136136,0.76148456,30.0,0.3843594,-0.4620309,2.5019186,0.2506335915509167,"{""geodesic"":false,""type"":""Point"",""coordinates"":[-75.55280462833535,9.041035404047985]}"
770,0.0,1.3407593,3873.7192,32.66329,0,1.6742052,0.3474758,30.0,0.5947886,-0.5986141,0.49848717,0.018501427684189165,"{""geodesic"":false,""type"":""Point"",""coordinates"":[-75.90191629709524,8.594830546331567]}"
772,0.0,9.217972,1390228.5,73.445946,0,0.09604572,15.21027,30.0,0.4836346,-0.47141472,5.603933,0.6099904714175873,"{""geodesic"":false,""type"":""Point"",""coordinates"":[-75.98621744564625,9.030901433288637]}"
773,0.0,1.2579384,8321.851,56.995533,0,1.3585597,1.1590233,30.0,0.47854272,-0.53547865,1.6402314,0.5239900609153769,"{""geodesic"":false,""type"":""Point"",""coordinates"":[-75.5337824716725,9.098587750041698]}"
774,0.0,1.5894051,1390228.5,40.087215,0,0.020783398,4.630025,30.0,0.6129416,-0.5876361,3.3775568,0.15785562005952758,"{""geodesic"":false,""type"":""Point"",""coordinates"":[-75.53315819623725,8.858179847610543]}"
775,0.0,0.3583374,1390228.5,98.68013,0,0.03159297,18.139606,30.0,0.37544483,-0.4067334,4.6908236,0.47335513478564906,"{""geodesic"":false,""type"":""Point"",""coordinates"":[-76.00039303265716,8.925322159197428]}"
776,0.0,-7.9556923,8770.319,58.99195,0,0.039465196,14.873846,30.0,0.58145624,-0.5849849,11.952619,0.5664940291188814,"{""geodesic"":false,""type"":""Point"",""coordinates"":[-75.7395107290777,9.307151102349552]}"
777,0.0,2.6562576,1390228.5,87.823326,0,0.013249415,23.652164,10.0,0.77091444,-0.7074055,15.095192,0.15450687638141503,"{""geodesic"":false,""type"":""Point"",""coordinates"":[-75.74158231620508,8.576721712368164]}"
778,0.0,-0.9576397,891.9641,12.178369,0,0.009127902,1.9197434,30.0,0.42899585,-0.5140069,1.6250157,0.5092896047993991,"{""geodesic"":false,""type"":""Point"",""coordinates"":[-75.87916549246705,8.890899555932869]}"
779,0.0,11.056061,12436.366,105.16263,0,0.015182709,19.497293,30.0,0.58866614,-0.55509436,6.2504234,0.004292574113050396,"{""geodesic"":false,""type"":""Point"",""coordinates"":[-75.60745568794741,8.746002765164702]}"
780,0.0,14.475681,1390228.5,46.516586,0,0.012892532,11.786854,30.0,0.69540364,-0.68691695,6.593723,0.3135360335492364,"{""geodesic"":false,""type"":""Point"",""coordinates"":[-76.01456035083176,9.209617667962817]}"
783,0.0,3.7443657,3210.0,16.685118,0,0.9984845,0.67894644,30.0,0.40436605,-0.439751,1.4782134,0.5479310189603416,"{""geodesic"":false,""type"":""Point"",""coordinates"":[-75.72628939806381,9.25372671033796]}"
784,96.572296,8.635193,1390228.5,115.461624,0,0.34636748,3.1167505,30.0,0.6156977,-0.6110145,5.357554,0.5400850934519305,"{""geodesic"":false,""type"":""Point"",""coordinates"":[-76.20818159812093,8.55166871870932]}"
785,141.68431,-0.18944931,1390228.5,52.75293,0,0.008438663,10.03305,10.0,0.6695949,-0.63424027,2.0940833,0.03418135921074095,"{""geodesic"":false,""type"":""Point"",""coordinates"":[-75.57581177582408,9.25969794091633]}"
786,0.0,5.1842747,2718.6025,13.328434,0,0.63208437,0.0,30.0,0.65635926,-0.57323456,1.4202242,0.28227978372707885,"{""geodesic"":false,""type"":""Point"",""coordinates"":[-75.75522976277394,8.722130869830997]}"
787,0.0,-1.6381979,484.66483,4.1260567,0,0.013309798,0.28017375,30.0,0.33771712,-0.46256104,0.87511265,0.6943519936483324,"{""geodesic"":false,""type"":""Point"",""coordinates"":[-75.72867381177807,9.217906544133886]}"
788,0.0,-1.4516907,1390228.5,91.86324,0,0.008440862,12.146641,30.0,0.5142901,-0.5138273,3.6046107,0.5734527776914641,"{""geodesic"":false,""type"":""Point"",""coordinates"":[-75.4451393320453,9.165999817233649]}"
790,0.0,2.6310272,8136.639,6.213234,0,0.16212773,4.638512,30.0,0.5700828,-0.5324603,2.650482,0.11655558431110613,"{""geodesic"":false,""type"":""Point"",""coordinates"":[-75.98083241860576,9.257190545768331]}"
791,0.0,-6.40884,4507.9927,38.567104,0,0.00845454,1.7476901,30.0,0.5533981,-0.5612382,3.1253839,0.01527771555599522,"{""geodesic"":false,""type"":""Point"",""coordinates"":[-76.10081489395431,8.559314385967403]}"
792,0.0,0.053497314,1390228.5,183.7373,0,0.0084478175,63.98716,30.0,0.22934973,-0.30534172,2.3217032,0.6914797636871499,"{""geodesic"":false,""type"":""Point"",""coordinates"":[-76.08287920969339,8.862418678990721]}"
793,0.0,0.17964935,5390.8257,5.725412,0,0.036105372,0.7266356,30.0,0.69050556,-0.6146508,0.26773,0.4954037121842959,"{""geodesic"":false,""type"":""Point"",""coordinates"":[-75.7506919756653,9.038784458384782]}"
795,0.0,-5.2160263,4830.2793,58.279854,0,0.011060216,14.29503,30.0,0.56910926,-0.5700278,13.500681,0.5607226132604651,"{""geodesic"":false,""type"":""Point"",""coordinates"":[-75.7421674257754,9.271601789389626]}"
796,0.0,-10.125277,5380.632,33.743427,0,0.008707575,3.4463246,30.0,0.6887817,-0.65045685,3.2527764,0.14069953382839484,"{""geodesic"":false,""type"":""Point"",""coordinates"":[-76.03170288612314,8.503070993187741]}"
797,0.0,0.268816,7710.9336,11.6551485,0,0.040804435,8.480824,30.0,0.5542108,-0.5012177,5.17183,0.5670194160422617,"{""geodesic"":false,""type"":""Point"",""coordinates"":[-76.02176824816941,9.341452706038316]}"
799,47.495335,-7.7723885,1390228.5,60.300346,0,0.66386646,0.3522358,10.0,0.7546633,-0.66416794,0.96559644,0.025379648936610044,"{""geodesic"":false,""type"":""Point"",""coordinates"":[-75.48218500501012,8.892709877334392]}"
800,0.0,2.839676,9105.186,163.48886,0,0.011973402,47.287163,30.0,0.80947477,-0.68658507,20.378958,1.3648744520000644E-4,"{""geodesic"":false,""type"":""Point"",""coordinates"":[-76.1641226392478,8.58300382884545]}"
802,79.75145,1.1678944,169.70563,7.256734,0,0.0394513,0.7585398,30.0,0.7221198,-0.6657009,0.75613725,0.2046499437720407,"{""geodesic"":false,""type"":""Point"",""coordinates"":[-75.70504090694362,8.861422751933768]}"
803,0.0,0.20514822,0.0,5.333021,0,500.04645,0.539411,30.0,0.5150152,-0.51281375,0.18112409,0.5026380152520854,"{""geodesic"":false,""type"":""Point"",""coordinates"":[-75.68172475984852,8.940424688610886]}"
805,0.0,-0.5523901,3990.0,6.0,0,0.14588837,0.06758003,30.0,0.47368422,-0.24821468,1.7633516,0.6138516317087934,"{""geodesic"":false,""type"":""Point"",""coordinates"":[-75.61809199131292,8.909603621632707]}"
806,0.0,-2.2789345,3991.8042,13.15947,0,0.01244429,1.5440335,30.0,0.7036329,-0.6311213,1.201923,0.3509557800427827,"{""geodesic"":false,""type"":""Point"",""coordinates"":[-75.81547238057053,8.83487937213728]}"
808,0.0,0.0,577.0615,3.0,0,0.19197181,0.0,80.0,-0.15254237,0.24749164,0.0,0.22548211599325185,"{""geodesic"":false,""type"":""Point"",""coordinates"":[-75.81246510537733,9.198191880125982]}"
810,0.0,4.694931,1390228.5,36.63735,0,0.02284915,3.0016534,30.0,0.44225353,-0.5113377,1.9781431,0.4594920071783195,"{""geodesic"":false,""type"":""Point"",""coordinates"":[-75.58151441225026,9.239609895380672]}"
812,0.0,0.50439835,6154.608,13.111997,0,0.012381095,2.1217604,30.0,0.33572927,-0.45585114,1.9185747,0.09807665510187935,"{""geodesic"":false,""type"":""Point"",""coordinates"":[-75.62081200412952,9.222450072967622]}"
814,123.773705,-0.2908497,3332.1614,12.089171,0,0.015535652,1.1062248,30.0,0.46102554,-0.45583686,1.5823894,0.3154350410176222,"{""geodesic"":false,""type"":""Point"",""coordinates"":[-75.81441840640308,8.726892486736507]}"
815,0.0,2.0987597,5817.3706,10.54718,0,0.022004824,1.1868601,30.0,0.4655749,-0.5261198,0.5877464,0.3110262774322853,"{""geodesic"":false,""type"":""Point"",""coordinates"":[-75.79255850862829,8.835199826034541]}"
817,9.655551,8.446686,7551.0063,82.70932,0,1.2217863,2.4539773,30.0,0.6344452,-0.59006625,5.98434,0.3170628339914714,"{""geodesic"":false,""type"":""Point"",""coordinates"":[-76.14995094352209,8.583860263971182]}"
818,0.0,0.36459875,2706.326,5.015536,0,0.05285567,0.9737696,30.0,0.42972863,-0.4665559,0.75678605,0.6723546799329402,"{""geodesic"":false,""type"":""Point"",""coordinates"":[-75.8103203675155,9.09509335500827]}"
819,0.0,2.7883415,1390228.5,61.28735,0,0.11507004,3.4631345,30.0,0.528666,-0.55405986,5.1166134,0.016277197986516834,"{""geodesic"":false,""type"":""Point"",""coordinates"":[-75.69911370013985,9.322155660691426]}"
820,8.985298,1.4782057,1865.315,5.850848,0,0.08104248,0.83029556,30.0,0.60304683,-0.565254,0.5579269,0.03827438766692992,"{""geodesic"":false,""type"":""Point"",""coordinates"":[-75.68905218260295,8.918975682598575]}"
821,0.0,-0.5415096,10969.749,23.612852,0,0.045678735,3.2995038,30.0,0.6800122,-0.62081677,0.5444426,0.5654102797980395,"{""geodesic"":false,""type"":""Point"",""coordinates"":[-75.6102548589197,9.276734994367027]}"
822,0.0,-4.398651,1390228.5,71.77204,0,0.0084414305,18.13219,30.0,0.5031232,-0.5605011,2.3912497,0.06950588019604953,"{""geodesic"":false,""type"":""Point"",""coordinates"":[-75.52374424426075,9.14174538632407]}"
824,0.0,5.7638016,1390228.5,112.957726,0,0.008441497,20.938784,30.0,0.5179384,-0.53474116,4.8787184,0.005023697092009116,"{""geodesic"":false,""type"":""Point"",""coordinates"":[-75.43636772975015,9.138333518753445]}"
825,0.0,-3.8905106,1390228.5,102.47235,0,0.051497784,5.139455,30.0,0.5589489,-0.5545326,6.950834,0.3602342569120608,"{""geodesic"":false,""type"":""Point"",""coordinates"":[-76.20763787174069,8.465125164630104]}"
826,0.0,-0.69654846,1390228.5,108.83134,0,0.013437705,34.33678,30.0,0.556844,-0.58532065,10.296862,0.5373349602134597,"{""geodesic"":false,""type"":""Point"",""coordinates"":[-75.98810058419299,9.020857762696732]}"
827,0.0,-6.8925095,11646.995,129.83331,0,0.009087454,51.01436,30.0,0.82006204,-0.7263364,9.228829,0.6982677832540511,"{""geodesic"":false,""type"":""Point"",""coordinates"":[-76.09571468167518,8.491229619770541]}"
828,0.0,0.6323166,10172.831,60.286255,0,0.088784344,11.653138,30.0,0.55008143,-0.5186995,7.4258966,0.6908749736215881,"{""geodesic"":false,""type"":""Point"",""coordinates"":[-75.61381510198805,8.798632680347406]}"
831,0.0,-0.36182022,1386.8309,22.679934,0,0.0084533775,2.3007882,30.0,0.45868263,-0.47234815,2.0190015,0.4358511667136272,"{""geodesic"":false,""type"":""Point"",""coordinates"":[-76.0554418512767,8.612347190584872]}"
832,0.0,2.790535,10014.115,59.48543,0,0.03015891,18.305681,30.0,0.5020727,-0.5442467,6.4187064,0.5900570132447631,"{""geodesic"":false,""type"":""Point"",""coordinates"":[-75.94122496038787,9.046484608388246]}"
833,0.0,-23.317352,11088.846,99.81282,0,0.008449893,22.94794,30.0,0.62554425,-0.6115108,7.4100733,0.14018542211476814,"{""geodesic"":false,""type"":""Point"",""coordinates"":[-76.0717009117806,8.769934228933602]}"
834,0.0,-4.157303,7929.6533,49.76525,0,0.018844983,11.239802,30.0,0.4321608,-0.521217,2.2055511,0.3429045114025554,"{""geodesic"":false,""type"":""Point"",""coordinates"":[-76.05742126054568,8.735246548372288]}"
835,0.0,-9.026184,1390228.5,134.21715,0,0.46995538,0.60156643,10.0,0.7789125,-0.6953834,2.4594524,0.6524536406408911,"{""geodesic"":false,""type"":""Point"",""coordinates"":[-75.4354295382989,9.26423744449572]}"
836,0.0,1.2631826,1290.3488,11.218773,0,0.025667466,3.3140633,30.0,0.63267094,-0.5813756,2.2629595,0.37775489762224024,"{""geodesic"":false,""type"":""Point"",""coordinates"":[-75.56803639135526,9.006552001095367]}"
837,0.0,3.418273,9631.309,13.375886,0,0.00844816,1.9973011,30.0,0.31592843,-0.41782555,0.2067056,0.4208760319148843,"{""geodesic"":false,""type"":""Point"",""coordinates"":[-75.61935202620542,8.847464828594916]}"
838,0.0,3.8082047,1019.11725,26.588472,0,0.014952912,1.1458255,30.0,0.70694405,-0.6339678,2.602888,0.04270751032190845,"{""geodesic"":false,""type"":""Point"",""coordinates"":[-75.94832027145387,8.508980903568862]}"
839,0.0,-0.108035564,6099.156,7.4559984,0,1.6549075,0.48513618,30.0,0.7946768,-0.66996884,1.6901193,0.20411731860244398,"{""geodesic"":false,""type"":""Point"",""coordinates"":[-75.64939546296335,8.8669502835926]}"
840,0.0,3.1548104,1800.0,7.5872946,0,0.011588736,3.1237319,30.0,0.6158959,-0.5583742,2.606076,0.4122211534520417,"{""geodesic"":false,""type"":""Point"",""coordinates"":[-75.71123772810743,9.238562448093939]}"
841,0.21285447,1.8177223,5778.7974,17.984732,0,0.5314554,4.03173,10.0,0.8125,-0.71422076,4.024785,0.5709720808897194,"{""geodesic"":false,""type"":""Point"",""coordinates"":[-75.78998821141666,9.28235240551274]}"
844,0.0,0.39715624,4736.6763,5.6932297,0,0.37710768,0.46591935,30.0,0.26151884,-0.37736902,0.52147394,0.5792852905405268,"{""geodesic"":false,""type"":""Point"",""coordinates"":[-75.64073794158305,9.064227201268377]}"
845,0.0,15.86455,8345.663,28.086966,0,0.017588254,8.188579,30.0,0.7121761,-0.6490004,7.3293695,0.07534463787104828,"{""geodesic"":false,""type"":""Point"",""coordinates"":[-75.79414079843457,9.30703364019059]}"
848,0.0,4.195389,9553.245,40.805378,0,0.029854763,17.157139,20.0,0.65368545,-0.59864277,4.2331095,0.697993362124363,"{""geodesic"":false,""type"":""Point"",""coordinates"":[-75.82044790253364,9.343331147915837]}"
849,0.0,-4.1208725,11258.956,76.5044,0,0.0257263,11.712276,30.0,0.3112964,-0.29091305,2.023536,0.518551148943372,"{""geodesic"":false,""type"":""Point"",""coordinates"":[-75.64967586994297,8.714728609866446]}"
850,0.0,0.08874893,1390228.5,40.343487,0,0.021425676,11.093539,30.0,0.44845155,-0.46614194,1.7291499,0.19216175612057274,"{""geodesic"":false,""type"":""Point"",""coordinates"":[-75.77218900341279,8.613563230615018]}"
852,0.0,-5.3028584,6445.603,33.658207,0,0.012784146,5.813775,30.0,0.6676404,-0.58165306,1.1361756,0.1518254378447147,"{""geodesic"":false,""type"":""Point"",""coordinates"":[-75.65196894344078,8.778760809734587]}"
853,0.0,-2.0487347,6417.8267,29.24068,0,0.00958282,16.433102,30.0,0.3392226,-0.45809287,4.0255923,0.20012529115790767,"{""geodesic"":false,""type"":""Point"",""coordinates"":[-75.8677925437091,8.693400976884806]}"
854,0.0,5.140936,2668.6514,20.603708,0,9.232217,0.5334951,30.0,0.6328785,-0.6218135,14.687834,0.39321884798635875,"{""geodesic"":false,""type"":""Point"",""coordinates"":[-76.02213457249078,8.695459958161779]}"
855,0.0,14.437202,12631.746,50.10093,0,0.012858621,3.7684355,30.0,0.58707225,-0.56740516,2.147462,0.32366941633493307,"{""geodesic"":false,""type"":""Point"",""coordinates"":[-75.71062076334935,8.638916426490786]}"
857,0.0,-11.008156,690.0,137.27095,0,0.008496584,113.42077,10.0,0.71734893,-0.6680341,19.598438,0.23834924470515162,"{""geodesic"":false,""type"":""Point"",""coordinates"":[-75.92807579157808,8.70166989012342]}"
858,0.0,2.2236824,1390228.5,34.312298,0,0.11622588,4.705608,30.0,0.47253668,-0.51183814,1.4211755,0.6765605519846846,"{""geodesic"":false,""type"":""Point"",""coordinates"":[-75.52446558628647,8.884783817058475]}"
859,0.0,-4.389633,1390228.5,65.102234,0,0.010492624,1.1464149,30.0,0.71097475,-0.63496614,2.573249,0.4941778420867965,"{""geodesic"":false,""type"":""Point"",""coordinates"":[-75.53142420685074,8.790346295564284]}"
860,63.3301,-1.2182426,1390228.5,59.33394,0,0.008439751,22.55669,30.0,0.64289486,-0.58028454,9.761999,0.08756012532103019,"{""geodesic"":false,""type"":""Point"",""coordinates"":[-76.04733896067955,9.213593461323129]}"
863,0.0,2.7115936,7960.3516,95.189026,0,0.008452046,36.605087,10.0,0.8400693,-0.77153975,9.466401,0.5323089558472297,"{""geodesic"":false,""type"":""Point"",""coordinates"":[-76.08696438880823,8.672490374263875]}"
864,0.0,2.6060143,2329.9785,41.29528,0,0.009253642,26.448404,30.0,0.42678347,-0.50860167,6.8880796,0.469081009243264,"{""geodesic"":false,""type"":""Point"",""coordinates"":[-75.77241956445904,9.241963324971136]}"
865,0.0,8.116127,1390228.5,91.745155,0,0.078546025,16.625986,30.0,0.62246937,-0.5942841,4.6764,0.6885431100356494,"{""geodesic"":false,""type"":""Point"",""coordinates"":[-75.56253752045916,8.801697552226864]}"
867,0.0,-1.4038792,7322.5815,24.09265,0,0.015116951,6.662632,30.0,0.563478,-0.5150852,2.01934,0.41044497750030284,"{""geodesic"":false,""type"":""Point"",""coordinates"":[-75.77774114741753,8.662120805021546]}"
869,0.0,-6.23061,10088.256,50.768044,0,0.009214561,9.286473,30.0,0.5197774,-0.52605367,4.5494723,0.5221074123731608,"{""geodesic"":false,""type"":""Point"",""coordinates"":[-75.67176693074312,9.30647114786491]}"
870,0.0,-10.7997675,3936.8643,17.438795,0,24.8585,0.120798916,10.0,0.78214556,-0.6841222,4.743495,0.05036168965693777,"{""geodesic"":false,""type"":""Point"",""coordinates"":[-75.76793875811887,8.802148547746466]}"
871,2356.5562,-0.6101513,6493.5967,13.459955,0,0.019946868,2.3958702,50.0,0.2852685,-0.3089315,1.1479902,0.2409063220274913,"{""geodesic"":false,""type"":""Point"",""coordinates"":[-75.76672804391285,8.876224584951439]}"
873,0.0,-4.5466785,720.62476,29.349972,0,20.218409,0.8274606,30.0,0.5735294,-0.58471566,2.2449718,0.5539512447916104,"{""geodesic"":false,""type"":""Point"",""coordinates"":[-76.08892464109486,8.595432499420491]}"
874,0.98333025,0.20821083,660.0,1.8021877,0,0.8876163,0.0028363834,90.0,0.6402005,-0.595177,0.27966374,0.6374316880221851,"{""geodesic"":false,""type"":""Point"",""coordinates"":[-75.94415757589375,9.329458321556954]}"
875,0.0,-0.66433144,1390228.5,28.985111,0,2.9386885,0.9760404,30.0,0.58577055,-0.57557976,2.0006182,0.6786589577328549,"{""geodesic"":false,""type"":""Point"",""coordinates"":[-75.56958831801492,9.125396047474467]}"
877,0.0,0.34903336,757.1658,18.314297,0,0.04427029,0.92608553,30.0,0.3995294,-0.501641,0.23632582,0.6450995884219928,"{""geodesic"":false,""type"":""Point"",""coordinates"":[-75.94874860390874,8.681269809454292]}"
878,0.0,4.0985336,1390228.5,79.95218,0,0.11227109,8.538994,10.0,0.75793993,-0.6542811,6.773099,0.4379977513785842,"{""geodesic"":false,""type"":""Point"",""coordinates"":[-76.02134911127756,8.906273228704318]}"
879,0.0,1.2473011,5609.599,17.79576,0,0.010839139,4.176083,30.0,0.48954704,-0.54518074,1.6034714,0.57386503207872,"{""geodesic"":false,""type"":""Point"",""coordinates"":[-75.93285716624732,8.869063451555185]}"
880,0.0,-2.7284927,9690.418,88.46686,0,0.0282124,11.764784,30.0,0.3901761,-0.48221344,2.2666972,0.3758788236568643,"{""geodesic"":false,""type"":""Point"",""coordinates"":[-75.8262412786578,8.646281881719254]}"
882,0.0,-5.1602383,6037.3833,33.003372,0,0.013853921,6.400264,30.0,0.6755952,-0.60513186,6.7068553,0.4889625300099082,"{""geodesic"":false,""type"":""Point"",""coordinates"":[-75.83318377263443,8.70351743658108]}"
883,0.0,-0.11608505,6201.008,8.989466,0,0.104430795,0.23533754,60.0,0.5168378,-0.53308785,0.24434456,0.025025379618358934,"{""geodesic"":false,""type"":""Point"",""coordinates"":[-75.76759338730831,8.898743281101446]}"
884,0.61121655,-2.1382132,2240.5803,6.810166,0,0.008444085,0.9339422,30.0,0.69660336,-0.62145805,0.8701603,0.46889416382917193,"{""geodesic"":false,""type"":""Point"",""coordinates"":[-75.63712344649029,9.026789146677334]}"
885,0.0,0.0,725.6032,3.0,0,0.06687972,2.1650996,90.0,0.5207619,-0.44742566,0.0,0.6876136545302378,"{""geodesic"":false,""type"":""Point"",""coordinates"":[-75.72943689382329,9.190500802300226]}"
887,0.0,0.9743271,5358.0034,20.121141,0,0.020436274,6.0674706,30.0,0.35235414,-0.45172366,0.4208594,0.13085014323648136,"{""geodesic"":false,""type"":""Point"",""coordinates"":[-75.6066350273093,9.07541015866584]}"
890,0.0,0.0,632.8507,3.0,0,0.02413713,0.34518754,90.0,0.5553587,-0.3686672,0.0,0.27172453232907845,"{""geodesic"":false,""type"":""Point"",""coordinates"":[-75.71874262112345,9.168273220747816]}"
892,0.0,-0.38575172,990.0,9.23793,0,0.030472502,2.0601397,40.0,0.20259319,-0.38416696,0.3673004,0.12553171556454723,"{""geodesic"":false,""type"":""Point"",""coordinates"":[-75.71542263605055,8.869000397662361]}"
893,0.9711999,-0.43976784,276.58633,8.87765,0,0.02865322,0.37271932,30.0,0.73890066,-0.6595208,1.8698361,0.5354793022665414,"{""geodesic"":false,""type"":""Point"",""coordinates"":[-75.7134006424887,8.810667265742902]}"
894,0.0,0.72892,7560.0,22.602512,0,0.04433027,4.456429,30.0,0.59871733,-0.5861233,0.45251244,0.08306735781463359,"{""geodesic"":false,""type"":""Point"",""coordinates"":[-75.91607886372748,9.032439732527722]}"
896,0.0,-0.22429657,1390228.5,67.50296,0,2.6311023,0.12008926,30.0,0.4892908,-0.5613772,0.2279839,0.6139570310816136,"{""geodesic"":false,""type"":""Point"",""coordinates"":[-76.18007351708795,8.540360680923788]}"
897,0.0,-0.5093084,1504.7924,1.5079814,0,0.16303459,0.75046074,90.0,0.78051573,-0.6744813,0.67959905,0.35752564644820295,"{""geodesic"":false,""type"":""Point"",""coordinates"":[-75.89681615899764,9.402835991709356]}"
898,0.0,19.316467,10167.521,87.40752,0,0.028679837,12.631084,30.0,0.5852156,-0.61731845,7.4670553,0.511319317509517,"{""geodesic"":false,""type"":""Point"",""coordinates"":[-76.14515088008584,8.528256625667153]}"
901,0.0,10.842316,1390228.5,181.69757,0,0.008449618,60.69396,30.0,0.6430073,-0.6051177,25.183905,0.22842037509604007,"{""geodesic"":false,""type"":""Point"",""coordinates"":[-75.56523570930649,8.782156809332125]}"
902,0.0,-1.5421265,1046.5658,1.9919941,0,0.027215142,0.09303964,90.0,0.74893725,-0.6356408,0.77185726,0.21663133765102793,"{""geodesic"":false,""type"":""Point"",""coordinates"":[-75.92504971631963,9.437491187377411]}"
903,0.0,-0.2076788,6224.1865,11.849438,0,0.49023053,0.61698866,30.0,0.45617342,-0.5107562,0.24849795,0.02365993226897889,"{""geodesic"":false,""type"":""Point"",""coordinates"":[-75.62190960469304,9.225432852795931]}"
905,0.0,4.65065,12541.292,103.796906,0,0.014492929,35.435608,10.0,0.76154125,-0.674499,24.37395,0.4006383266903224,"{""geodesic"":false,""type"":""Point"",""coordinates"":[-75.5947628412716,8.824983374532486]}"
906,0.0,-5.3690186,1390228.5,110.846535,0,0.0084412685,29.17565,10.0,0.42034173,-0.4973409,3.8345664,0.20984761719117018,"{""geodesic"":false,""type"":""Point"",""coordinates"":[-75.49235393620856,9.1483015187728]}"
907,0.0,-1.4417496,11610.0,71.61812,0,0.0365623,12.932253,30.0,0.4749553,-0.5242644,7.3582916,0.5635470157392761,"{""geodesic"":false,""type"":""Point"",""coordinates"":[-75.95292563357823,9.032888565196926]}"
908,0.0,-42.230896,1987.2594,131.87221,0,0.008451694,83.14434,10.0,0.6341259,-0.61738646,13.287371,0.6314755251573886,"{""geodesic"":false,""type"":""Point"",""coordinates"":[-75.91495594683188,8.688949434929158]}"
909,20.183168,1.5567932,1390228.5,86.5745,0,0.008444567,24.698395,30.0,0.5867398,-0.6202596,8.984651,0.221940282281488,"{""geodesic"":false,""type"":""Point"",""coordinates"":[-75.98805855344516,9.005392983501453]}"
911,0.0,1.6118126,9349.851,47.593754,0,0.21944657,0.35537186,30.0,0.60796076,-0.5850578,0.58526176,0.12077765879281743,"{""geodesic"":false,""type"":""Point"",""coordinates"":[-76.06945590255395,8.45630296668687]}"
912,0.0,-0.60995483,1390228.5,159.03061,0,0.009583223,69.923706,30.0,0.5618599,-0.6317796,6.6751237,0.2893049177406779,"{""geodesic"":false,""type"":""Point"",""coordinates"":[-75.50545744997608,8.751036858105843]}"
915,51.641968,-1.8228531,10357.605,48.96751,0,0.03860406,7.3260016,30.0,0.62396693,-0.59216744,3.9158618,0.2580007196746922,"{""geodesic"":false,""type"":""Point"",""coordinates"":[-76.04042920401744,8.80285052365409]}"
916,0.0,-0.60116196,2825.261,18.777365,0,6.972335,0.6274341,30.0,0.7126855,-0.666485,0.42057768,0.2816186758741889,"{""geodesic"":false,""type"":""Point"",""coordinates"":[-75.96636121611259,8.637814310893006]}"
917,0.0,2.5543747,1390228.5,112.45431,0,0.14944035,10.469122,10.0,0.73970515,-0.6869608,12.27583,0.3384499683847121,"{""geodesic"":false,""type"":""Point"",""coordinates"":[-76.08436674587205,8.904467081166615]}"
919,0.0,-5.9944077,8700.0,81.2921,0,0.015070834,14.95151,30.0,0.7150259,-0.6214136,12.304417,0.304744179253294,"{""geodesic"":false,""type"":""Point"",""coordinates"":[-75.66143832249558,8.73505877064272]}"
920,0.0,-0.14823055,5377.62,9.186042,0,0.014395969,7.023477,95.0,0.87362784,-0.7820219,1.3742942,0.3425889854821227,"{""geodesic"":false,""type"":""Point"",""coordinates"":[-75.8745747831218,9.358667125545235]}"
923,0.0,-1.0166397,1390228.5,78.24713,0,0.9934135,2.2794836,10.0,0.72290236,-0.6566179,1.5290147,0.5814946738177507,"{""geodesic"":false,""type"":""Point"",""coordinates"":[-75.4440353073321,9.156504184488485]}"
925,0.0,1.1558075,1390228.5,155.60483,0,0.008450594,18.096155,30.0,0.5108236,-0.5145922,15.933756,0.5472695141264624,"{""geodesic"":false,""type"":""Point"",""coordinates"":[-76.12287792597489,8.73831402691331]}"
926,0.0,-0.8953061,5292.3438,6.378498,0,0.008653352,3.054107,30.0,0.64724004,-0.6447065,1.5353833,0.14977736067334646,"{""geodesic"":false,""type"":""Point"",""coordinates"":[-75.98450677275235,9.301675365700548]}"
927,0.0,2.7477217,2880.1562,13.9533,0,0.009878423,1.2226068,30.0,0.7554146,-0.6634539,1.5735484,0.393337118319653,"{""geodesic"":false,""type"":""Point"",""coordinates"":[-75.56711729626471,8.941974411689586]}"
930,0.0,2.2760477,84.85281,11.625102,0,0.014631463,0.7715716,30.0,0.73595005,-0.6694309,0.60402703,0.48633088027773064,"{""geodesic"":false,""type"":""Point"",""coordinates"":[-75.86690357070056,8.897440063292892]}"
932,8.784113,1.3902578,4754.219,8.839399,0,0.021901768,1.6782126,30.0,0.48087877,-0.49425286,0.6034293,0.49729867329349997,"{""geodesic"":false,""type"":""Point"",""coordinates"":[-75.8855746400559,9.16953130201052]}"
933,0.0,-5.242858,6267.775,15.777125,0,0.44727743,0.5548713,30.0,0.54764134,-0.54570985,6.7137165,0.32527828886211185,"{""geodesic"":false,""type"":""Point"",""coordinates"":[-75.65148936252726,8.816477734643192]}"
934,0.0,4.827591,1390228.5,121.332664,0,0.120332785,3.8957314,10.0,0.65750104,-0.6390532,7.991878,0.6698256105966203,"{""geodesic"":false,""type"":""Point"",""coordinates"":[-75.43924094529359,9.254193165709715]}"
936,0.0,-1.548151,2858.0413,9.164516,0,0.013147404,1.0042881,30.0,0.5419062,-0.5503499,0.33117124,0.12297750750359926,"{""geodesic"":false,""type"":""Point"",""coordinates"":[-75.87602880912677,9.061840232908182]}"
937,0.9134703,-0.2198,3453.2593,12.9169,0,0.07078456,0.544848,30.0,0.50598925,-0.5193777,0.21406178,0.3286483022041653,"{""geodesic"":false,""type"":""Point"",""coordinates"":[-75.5540463633364,8.960174043487807]}"
938,0.0,-0.07470772,1176.1377,0.54508305,0,0.008434833,0.5421345,90.0,0.5783832,-0.4442174,0.30255562,0.3074555647720074,"{""geodesic"":false,""type"":""Point"",""coordinates"":[-75.91353074227412,9.421242476672035]}"
939,0.0,0.3569336,9194.938,38.403145,0,5.3376746,1.3103651,30.0,0.50959766,-0.57330775,0.2315528,0.26228173348977646,"{""geodesic"":false,""type"":""Point"",""coordinates"":[-75.94055050034657,8.996835255374771]}"
940,21.41246,10.549438,1390228.5,53.72533,0,0.008440063,15.747315,30.0,0.65913284,-0.58632857,8.068468,0.581810533634585,"{""geodesic"":false,""type"":""Point"",""coordinates"":[-76.0172637702087,9.20011423585915]}"
942,0.0,0.02258873,4736.6763,5.4049277,0,0.008440166,1.0186403,30.0,0.56237566,-0.5588319,0.38833472,0.21789423398677588,"{""geodesic"":false,""type"":""Point"",""coordinates"":[-75.89383165594239,9.195828887143005]}"
943,0.0,-2.8685074,12760.584,102.613914,0,0.008449228,20.479303,30.0,0.7709341,-0.689245,11.441194,0.5718151899834046,"{""geodesic"":false,""type"":""Point"",""coordinates"":[-76.07205937173099,8.799777339523475]}"
944,0.0,0.2923813,12298.72,58.329357,0,0.01477061,4.810813,30.0,0.50550693,-0.51062626,3.2123358,0.6430114417376477,"{""geodesic"":false,""type"":""Point"",""coordinates"":[-75.48300186776136,9.09730186001008]}"
945,0.0,0.25655746,7117.6543,23.147247,0,0.037644442,7.140802,30.0,0.54740834,-0.57731956,1.6609547,0.6960237499111348,"{""geodesic"":false,""type"":""Point"",""coordinates"":[-75.6153104113114,8.87786153837978]}"
946,0.0,-0.7525091,3644.7222,3.6372254,0,0.06687314,0.27649158,30.0,0.4361855,-0.49030772,0.96304935,0.6479235552991265,"{""geodesic"":false,""type"":""Point"",""coordinates"":[-75.75841751909822,9.078382617917208]}"
947,0.0,21.219406,12205.724,58.612255,0,0.017142078,15.233605,30.0,0.7755546,-0.6640848,4.962793,0.4140534068151487,"{""geodesic"":false,""type"":""Point"",""coordinates"":[-75.696747266035,8.656307562475344]}"
948,0.0,0.0,3020.6292,0.0,0,0.025174212,1.9676898,80.0,-0.24193548,0.39666238,0.0,0.5903074971251888,"{""geodesic"":false,""type"":""Point"",""coordinates"":[-75.88288693060966,9.40477030346521]}"
949,0.0,2.0106926,3631.8591,49.50602,0,0.02277305,5.4278264,30.0,0.8238022,-0.7378498,1.002637,0.36446662251428275,"{""geodesic"":false,""type"":""Point"",""coordinates"":[-76.11508174885893,8.591288017091307]}"
950,0.0,-0.36446,967.47095,17.207592,0,0.008452174,1.7371334,30.0,0.43061063,-0.5016648,0.71876293,0.055453006415468575,"{""geodesic"":false,""type"":""Point"",""coordinates"":[-75.98933904317194,8.667058128288973]}"
952,0.0,5.853485,11283.829,59.187042,0,0.06136169,10.415445,30.0,0.68679196,-0.6325301,4.4909644,0.14977585868168997,"{""geodesic"":false,""type"":""Point"",""coordinates"":[-75.49063896182354,9.092136168242233]}"
955,0.0,-0.2962494,7124.7314,43.035988,0,0.051149607,1.8476546,30.0,0.5479305,-0.5681995,2.4301662,0.3995712957440192,"{""geodesic"":false,""type"":""Point"",""coordinates"":[-75.51926681149473,9.066319156195924]}"
957,0.0,0.4731531,3880.219,14.452185,0,0.017792577,1.0201246,30.0,0.5597148,-0.56110615,0.75964594,0.3052885523994664,"{""geodesic"":false,""type"":""Point"",""coordinates"":[-75.88827380221623,8.706106078827235]}"
959,0.0,3.223938,6836.4463,22.75352,0,1.9797823,0.7080517,30.0,0.5537748,-0.53011215,1.11517,0.21518769195256626,"{""geodesic"":false,""type"":""Point"",""coordinates"":[-75.77278873241222,9.28591721660849]}"
960,18.139622,-4.0780106,4262.323,60.577274,0,0.009004598,17.452082,30.0,0.48428756,-0.53414905,3.9418294,0.6358713734728738,"{""geodesic"":false,""type"":""Point"",""coordinates"":[-75.92337378282906,8.562220718995505]}"
961,0.0,11.319626,1390228.5,74.49995,0,1.6293892,0.24934857,30.0,0.664967,-0.5625616,2.0491638,0.2523735681914273,"{""geodesic"":false,""type"":""Point"",""coordinates"":[-75.50503882134035,8.84465162772415]}"
962,0.0,-1.0354056,853.81494,5.0244093,0,0.028212512,0.44980422,30.0,0.51980793,-0.5500459,0.8543335,0.5277087261862543,"{""geodesic"":false,""type"":""Point"",""coordinates"":[-75.90717998612189,9.29021375594041]}"
963,0.0,3.5745125,8729.794,49.43097,0,0.027464537,4.7903137,30.0,0.5942029,-0.5831894,2.7631662,0.6831350186595009,"{""geodesic"":false,""type"":""Point"",""coordinates"":[-76.06599858169217,8.487242314630373]}"
964,0.0,5.075268,9042.151,45.357162,0,0.017799383,25.376085,30.0,0.57106984,-0.540128,8.373651,0.472963204516452,"{""geodesic"":false,""type"":""Point"",""coordinates"":[-75.60354486648306,8.857258890479407]}"
965,0.0,-1.5833054,9058.312,34.59421,0,0.04538659,6.831272,30.0,0.6548972,-0.60784775,3.0707223,0.014964411915173725,"{""geodesic"":false,""type"":""Point"",""coordinates"":[-75.66792062073102,9.294811154184798]}"
966,0.0,-11.482819,1390228.5,66.04345,0,0.013014113,25.097164,30.0,0.49896365,-0.5159307,5.0945463,0.5864366228154684,"{""geodesic"":false,""type"":""Point"",""coordinates"":[-75.77234431496043,9.332314679926938]}"
968,0.0,18.556564,1390228.5,189.08788,0,0.09182358,44.976013,10.0,0.75731397,-0.6854991,12.212607,0.45618253896672334,"{""geodesic"":false,""type"":""Point"",""coordinates"":[-75.56186080587389,8.714325891433038]}"
969,0.0,-14.391228,1390228.5,65.25121,0,0.008572838,40.124004,10.0,0.7339968,-0.6596666,13.478184,0.028958294619709335,"{""geodesic"":false,""type"":""Point"",""coordinates"":[-76.03087271346617,9.27902598977271]}"
973,0.0,-0.5506468,364.96576,13.862131,0,0.06256153,0.6173027,30.0,0.605242,-0.5857332,2.1797044,0.49983013248285624,"{""geodesic"":false,""type"":""Point"",""coordinates"":[-75.86641740535458,8.806275953715343]}"
974,0.0,-34.98848,1390228.5,195.67816,0,0.019746484,27.133999,30.0,0.6122707,-0.5797955,14.485109,0.10270133547002513,"{""geodesic"":false,""type"":""Point"",""coordinates"":[-76.18111280567419,8.43454874937449]}"
975,0.0,0.38627052,1656.5325,29.735752,0,0.015944049,0.60700136,30.0,0.5068493,-0.53803134,0.12057493,0.21411094249459395,"{""geodesic"":false,""type"":""Point"",""coordinates"":[-76.078620536233,8.614724658811985]}"
976,0.0,16.16594,8143.7705,68.033104,0,0.0098783225,30.69694,30.0,0.7614523,-0.6331603,14.183233,0.4710955112853209,"{""geodesic"":false,""type"":""Point"",""coordinates"":[-75.7973594191251,8.65556841133228]}"
977,0.0,0.6613512,3212.3823,15.591598,0,3.179944,0.43136343,30.0,0.6012426,-0.57237935,3.3405256,0.33046786870867195,"{""geodesic"":false,""type"":""Point"",""coordinates"":[-75.90598060236589,8.922579967929886]}"
978,10.543175,1.2365952,12245.293,78.42256,0,0.008902727,11.240539,30.0,0.27401766,-0.39977178,3.545094,0.014264756676352297,"{""geodesic"":false,""type"":""Point"",""coordinates"":[-75.4753380632093,9.082388097230345]}"
979,0.0,0.5718193,7838.2715,53.29369,0,0.008451328,11.318738,30.0,0.38677645,-0.45219377,1.6697489,0.34767236302444327,"{""geodesic"":false,""type"":""Point"",""coordinates"":[-76.06824438055871,8.705371948159847]}"
980,0.0,7.6106243,6449.1626,23.926569,0,0.01865811,1.1362598,30.0,0.58385444,-0.5915453,2.1740935,0.26021728846800474,"{""geodesic"":false,""type"":""Point"",""coordinates"":[-75.95132711016605,8.837543878082515]}"
982,0.0,23.576714,9133.066,116.546326,0,0.049882,27.564672,30.0,0.6709511,-0.62833065,10.075792,0.5905492120282,"{""geodesic"":false,""type"":""Point"",""coordinates"":[-76.12212400936683,8.66831904949875]}"
983,129.89415,-2.2477112,1390228.5,94.31626,0,0.013451774,14.234043,30.0,0.36130482,-0.43365696,3.2891617,0.16520346147595855,"{""geodesic"":false,""type"":""Point"",""coordinates"":[-75.46268125381778,9.004800081804477]}"
984,0.0,0.7737942,2460.0,31.126635,0,0.01056977,3.2700436,30.0,0.43277553,-0.49803922,0.27497816,0.5306777743086969,"{""geodesic"":false,""type"":""Point"",""coordinates"":[-76.06856215717359,8.624791332772208]}"
986,0.0,-1.9135978,1444.9913,4.272165,0,0.016798014,0.15313946,40.0,0.366956,-0.4028567,1.0749376,0.065715330914077,"{""geodesic"":false,""type"":""Point"",""coordinates"":[-75.7312722225202,9.153325009777278]}"
989,3.980972,8.337418,1390228.5,65.054665,0,0.07706878,2.3959904,30.0,0.65479064,-0.583322,1.3153222,0.14979266349923215,"{""geodesic"":false,""type"":""Point"",""coordinates"":[-75.99140668935642,9.032244024379125]}"
990,0.0,3.0177994,9988.559,45.377357,0,0.097003646,9.659774,30.0,0.40050918,-0.45875785,10.965973,0.01875023687414945,"{""geodesic"":false,""type"":""Point"",""coordinates"":[-75.7937784741837,8.638210560578052]}"
991,0.0,-0.8463726,2674.2102,3.6420143,0,87.919876,0.15566733,30.0,0.5987786,-0.57615894,0.66972077,0.6976230759815427,"{""geodesic"":false,""type"":""Point"",""coordinates"":[-75.87310398149708,9.205918469070388]}"
993,0.0,3.3784943,3058.9705,40.48243,0,0.02099883,25.71263,30.0,0.54342365,-0.5425621,4.3072205,0.34150932357673014,"{""geodesic"":false,""type"":""Point"",""coordinates"":[-75.77270745839793,9.248745843104237]}"
994,0.0,-3.9523401,5964.1934,11.563305,0,3.7668872,0.002994939,30.0,0.7832417,-0.69365495,2.5225685,0.10232671657180126,"{""geodesic"":false,""type"":""Point"",""coordinates"":[-75.65668333565733,8.82270947409892]}"
995,0.0,-6.9899654,9489.157,28.613007,0,0.022565436,12.398087,30.0,0.45980543,-0.5250067,5.281362,0.5057799241977086,"{""geodesic"":false,""type"":""Point"",""coordinates"":[-75.99584274218923,9.253622134831524]}"
996,52.653614,0.015452385,30.0,11.39392,0,181.83144,0.80643827,30.0,0.6189719,-0.6245679,0.0989285,0.27262943347978175,"{""geodesic"":false,""type"":""Point"",""coordinates"":[-75.7803462400333,8.735104045272813]}"
998,0.0,0.39763737,436.80658,8.2762165,0,0.17043245,0.71187925,30.0,0.57251275,-0.5671067,0.15804183,0.3450391712049551,"{""geodesic"":false,""type"":""Point"",""coordinates"":[-75.83550372062753,9.006584783049702]}"
1000,0.0,0.2847824,3005.0957,38.042557,0,0.06345844,3.660433,30.0,0.5012841,-0.57714003,2.6874921,0.6423935970583541,"{""geodesic"":false,""type"":""Point"",""coordinates"":[-76.07675220917652,8.62883812693723]}"
1001,30.095747,2.9611092,1390228.5,41.02886,0,0.5347145,1.3848497,10.0,0.7616747,-0.7513341,2.889712,0.37209193752778025,"{""geodesic"":false,""type"":""Point"",""coordinates"":[-76.01920308770278,9.209875871973027]}"
1002,19.552137,8.327705,1390228.5,113.08126,0,0.012294653,11.29696,10.0,0.7449556,-0.6820539,14.938553,0.6406794191515373,"{""geodesic"":false,""type"":""Point"",""coordinates"":[-76.21988148044487,8.545392118444422]}"
1004,0.0,2.302555,5917.6094,28.561985,0,0.015899856,8.329843,30.0,0.44998574,-0.47692308,5.997429,0.5379475908097017,"{""geodesic"":false,""type"":""Point"",""coordinates"":[-75.78676511095284,8.6745836536695]}"
1005,0.0,9.430702,13402.515,56.170994,0,0.3439402,1.7895058,30.0,0.8176307,-0.73209774,3.2502382,0.43513912503661756,"{""geodesic"":false,""type"":""Point"",""coordinates"":[-75.55084210054831,8.824779037905616]}"
1006,0.0,-0.037597656,13374.618,68.61503,0,0.011813958,11.713589,30.0,0.4853503,-0.4639046,2.2183,0.665720418174294,"{""geodesic"":false,""type"":""Point"",""coordinates"":[-76.0094987214725,8.862895322472092]}"
1007,0.0,-0.8766022,408.04413,31.298315,0,0.021846691,11.075871,30.0,0.78880095,-0.7162044,3.585203,0.2825106932467738,"{""geodesic"":false,""type"":""Point"",""coordinates"":[-75.9363203365154,8.617268303409825]}"
1008,5.51467,-1.535963,2377.3936,16.808949,0,0.008449258,1.2564262,30.0,0.6842424,-0.6227737,3.5140657,0.044012171591689575,"{""geodesic"":false,""type"":""Point"",""coordinates"":[-75.83721305993878,8.798202244306683]}"
1009,0.0,-0.37495995,6531.1865,22.513603,0,0.016238634,0.7315033,30.0,0.4992764,-0.53413296,0.36179164,0.025257721120584775,"{""geodesic"":false,""type"":""Point"",""coordinates"":[-75.52374954916141,8.956690721172517]}"
1010,0.0,2.1233444,5246.9136,29.698057,0,0.0147615,4.7379007,30.0,0.40976757,-0.4573434,1.5121324,0.61818345759791,"{""geodesic"":false,""type"":""Point"",""coordinates"":[-76.03095895590566,8.731521023311332]}"
1011,0.0,0.64686537,630.71387,5.897187,0,0.00852872,0.3649434,30.0,0.5184192,-0.5197062,0.3144031,0.6540993128991232,"{""geodesic"":false,""type"":""Point"",""coordinates"":[-75.63180864447155,8.952451969237314]}"
1012,0.0,-2.6436353,2356.4805,5.17754,0,0.12957877,0.86777043,30.0,0.5949512,-0.5635546,1.9263504,0.30622913905596716,"{""geodesic"":false,""type"":""Point"",""coordinates"":[-75.88402948506794,9.316318259374603]}"
1013,0.0,-0.30273485,5562.3916,8.03074,0,0.07149125,3.350651,30.0,0.64427257,-0.5981835,2.598384,0.4995191277940656,"{""geodesic"":false,""type"":""Point"",""coordinates"":[-75.64515278514632,9.241943215854132]}"
1014,13.162564,3.0344276,10716.889,39.973,0,0.02170521,13.77423,30.0,0.4539117,-0.4976064,3.5046926,0.458059048154836,"{""geodesic"":false,""type"":""Point"",""coordinates"":[-75.63350254177597,9.29405987377027]}"
1015,0.57184243,-3.504589,1390228.5,66.78251,0,0.03583122,7.532184,30.0,0.608566,-0.5970933,7.7809987,0.1623925120293046,"{""geodesic"":false,""type"":""Point"",""coordinates"":[-75.67491638873746,8.646578475138337]}"
1016,0.0,0.22456217,2354.7612,7.789343,0,0.019541869,1.6645962,30.0,0.65185183,-0.6101083,0.18726665,0.4050314293306788,"{""geodesic"":false,""type"":""Point"",""coordinates"":[-75.60528599778648,8.920749595975474]}"
1017,0.0,-5.431057,1390228.5,61.147224,0,0.010452628,4.7126455,30.0,0.54783434,-0.563211,2.156915,0.5722270731945016,"{""geodesic"":false,""type"":""Point"",""coordinates"":[-75.54291113968671,8.81122340572725]}"
1018,0.0,1.7240067,2497.2185,18.278854,0,4.1373315,0.80494195,30.0,0.63947433,-0.6447761,5.7874265,0.5096593764096133,"{""geodesic"":false,""type"":""Point"",""coordinates"":[-76.01698454059438,8.706869016382258]}"
1019,0.0,0.18375587,1390228.5,13.1626215,0,0.28681922,4.088133,30.0,0.45507017,-0.50216687,0.2552237,0.024735421441753447,"{""geodesic"":false,""type"":""Point"",""coordinates"":[-75.60537878133438,9.139990362184477]}"
1020,0.0,0.88322926,2797.088,3.9501975,0,0.01777321,1.1654012,30.0,0.6838619,-0.6102314,0.15198602,0.0644240838813589,"{""geodesic"":false,""type"":""Point"",""coordinates"":[-75.77238925491321,9.101687535109967]}"
1021,0.0,-3.831791,1390228.5,72.94032,0,0.013372827,25.789068,10.0,0.67304283,-0.5969569,21.493921,0.2790867448599017,"{""geodesic"":false,""type"":""Point"",""coordinates"":[-75.75770708094633,8.597311917317612]}"
1022,0.0,0.2267294,0.0,10.892569,0,660.5347,1.3545194,30.0,0.8256972,-0.72843,0.39092323,0.06668010248021072,"{""geodesic"":false,""type"":""Point"",""coordinates"":[-75.8527470351748,8.910767682231558]}"
1023,0.0,1.6305656,1390228.5,32.370045,0,0.028096676,3.0619442,30.0,0.47940606,-0.55089337,2.6860065,0.6808814853136713,"{""geodesic"":false,""type"":""Point"",""coordinates"":[-75.52774630665246,8.889392026466457]}"
1025,0.0,2.193407,1111.6205,22.325216,0,0.009161371,2.1817248,30.0,0.8153454,-0.74479806,7.4587474,0.1464723572117922,"{""geodesic"":false,""type"":""Point"",""coordinates"":[-76.04280239784215,8.576025433142233]}"
1027,0.0,0.0,0.0,3.0,0,1207.6025,0.41640103,90.0,0.46482685,-0.40989584,0.0,0.45179325770438683,"{""geodesic"":false,""type"":""Point"",""coordinates"":[-75.74377997560228,9.128337309207707]}"
1028,0.0,6.678108,11822.322,51.687653,0,0.043860298,10.775739,60.0,0.10843374,0.025718609,1.259853,0.24404374365028136,"{""geodesic"":false,""type"":""Point"",""coordinates"":[-75.54704812606353,8.841879211476867]}"
1029,194.71298,0.5690155,11129.515,75.940285,0,0.026113506,12.627602,30.0,0.3874399,-0.43945578,3.4869196,0.373706670053645,"{""geodesic"":false,""type"":""Point"",""coordinates"":[-75.48132763267496,9.070169842066244]}"
1030,0.0,19.026382,1390228.5,108.00041,0,0.008449928,10.287613,10.0,0.71897185,-0.6778973,15.123886,0.3827613927819047,"{""geodesic"":false,""type"":""Point"",""coordinates"":[-75.57912531164243,8.76829726512067]}"
1031,0.0,0.13241196,1390228.5,19.27918,0,0.03430424,0.7853728,30.0,0.44209144,-0.5012924,0.87420255,0.6104120060237985,"{""geodesic"":false,""type"":""Point"",""coordinates"":[-75.6032526349242,9.174453575813084]}"
1032,43.86863,0.2849064,1591.1317,5.8545656,0,0.011072791,1.3781016,30.0,0.5895869,-0.55833334,0.69286096,0.615790661392777,"{""geodesic"":false,""type"":""Point"",""coordinates"":[-75.64109254640236,8.955692057152572]}"
1033,0.0,10.780571,1390228.5,113.222275,0,0.06708263,25.813927,10.0,0.8094861,-0.74205035,12.837939,0.2213590907627836,"{""geodesic"":false,""type"":""Point"",""coordinates"":[-75.51550097959036,8.71601967570767]}"
1035,0.0,4.7184753,1390228.5,79.92752,0,0.010664696,4.648175,30.0,0.5959889,-0.57213414,5.3718133,0.5655928428491677,"{""geodesic"":false,""type"":""Point"",""coordinates"":[-75.53218072829593,8.746930053971969]}"
1036,16.463884,-3.0578308,6768.3086,11.231821,0,0.009213712,1.5745307,30.0,0.63253856,-0.57670164,2.380118,0.557869089195361,"{""geodesic"":false,""type"":""Point"",""coordinates"":[-75.74432639336702,8.99592720336013]}"
1037,0.0,-7.8162613,1531.176,14.367299,0,0.020647876,5.1194825,95.0,0.85714287,-0.74546397,3.276289,0.1392237874004919,"{""geodesic"":false,""type"":""Point"",""coordinates"":[-75.94111356006826,9.416286299717514]}"
1038,881.8199,-1.0400686,1041.3933,12.447248,0,0.008445642,1.0970238,10.0,0.5376717,-0.5353283,3.290915,0.43133692883223607,"{""geodesic"":false,""type"":""Point"",""coordinates"":[-75.84166999059774,8.958546222605676]}"
1039,11.058322,1.8846512,1390228.5,59.10884,0,1.2046793,0.65935725,30.0,0.79429877,-0.65190005,1.79144,0.1692812395675708,"{""geodesic"":false,""type"":""Point"",""coordinates"":[-75.9907775878056,9.101430516388534]}"
1040,0.0,-2.8397388,5360.2705,23.442247,0,0.0087725865,3.6853807,30.0,0.47606382,-0.5363322,1.5818139,0.337423575497387,"{""geodesic"":false,""type"":""Point"",""coordinates"":[-75.9233509803058,8.885908949917056]}"
1041,0.0,-0.41406822,5462.06,22.315096,0,0.22113208,0.6531649,30.0,0.6343001,-0.60555005,2.989524,0.23623490350638077,"{""geodesic"":false,""type"":""Point"",""coordinates"":[-75.9055663522922,9.085101783655269]}"
1042,0.0,-0.46574402,6336.1816,34.93995,0,0.008970762,3.2466457,30.0,0.34186655,-0.43671092,1.2253889,0.22054577696149502,"{""geodesic"":false,""type"":""Point"",""coordinates"":[-75.68545359347951,8.743427592900492]}"
1044,0.0,10.738094,1390228.5,65.32059,0,0.026070174,13.354556,30.0,0.6290507,-0.57766914,9.887047,0.6755858148354222,"{""geodesic"":false,""type"":""Point"",""coordinates"":[-75.74513521240856,8.581327593408309]}"
1045,0.0,2.0078301,4234.572,7.167488,0,0.008440633,1.9821582,30.0,0.38583186,-0.47382873,0.43604356,0.5100620187910619,"{""geodesic"":false,""type"":""Point"",""coordinates"":[-75.63274468973036,9.175488512221948]}"
1046,34.133003,3.181932,2135.9072,6.1961875,0,0.009738214,0.8669451,30.0,0.64985085,-0.61160374,1.3928299,0.62910884872264,"{""geodesic"":false,""type"":""Point"",""coordinates"":[-75.64572402194293,8.951342616319922]}"
1047,2.9361858,-12.546921,14469.084,235.75911,0,0.04849934,45.047745,30.0,0.44153765,-0.48351648,27.25387,0.2969128466268699,"{""geodesic"":false,""type"":""Point"",""coordinates"":[-76.15128809079309,8.484286725558505]}"
1048,0.0,2.9326591,10768.287,30.173424,0,0.42433563,0.87846273,30.0,0.4685827,-0.5188693,0.8792852,0.3827231951647794,"{""geodesic"":false,""type"":""Point"",""coordinates"":[-75.63678522120566,9.29676735877101]}"
1051,0.0,1.7126389,240.0,13.798513,0,0.017345767,1.5834116,30.0,0.5666123,-0.5619409,0.5820894,0.3312813325416354,"{""geodesic"":false,""type"":""Point"",""coordinates"":[-75.86045861849973,8.824468474634267]}"
1052,6.248763,-0.70265293,2106.4187,4.710937,0,0.008437508,2.2337596,30.0,0.705144,-0.6424846,2.3364706,0.3483306561279591,"{""geodesic"":false,""type"":""Point"",""coordinates"":[-75.87881997997984,9.308462936747139]}"
1053,247.48743,-0.28466797,8092.274,43.526493,0,0.059800223,3.7107677,30.0,0.5461865,-0.5745379,3.986413,0.0155112040650629,"{""geodesic"":false,""type"":""Point"",""coordinates"":[-75.94400557663488,8.961012476867277]}"
1054,0.0,0.17400098,2188.3555,3.513858,0,0.015474437,0.6286031,90.0,0.6438112,-0.5652911,0.12176627,0.039401038718141934,"{""geodesic"":false,""type"":""Point"",""coordinates"":[-75.90347200558207,9.228634273554858]}"
1055,0.0,11.536285,1390228.5,69.14086,0,0.19388567,6.886986,10.0,0.550826,-0.55545604,3.5227628,0.10000119285424958,"{""geodesic"":false,""type"":""Point"",""coordinates"":[-75.52019122666303,9.139308437578025]}"
1056,0.0,0.95018387,7941.165,43.154686,0,0.020820169,6.324355,30.0,0.5629176,-0.552115,0.7298449,0.26950537206611647,"{""geodesic"":false,""type"":""Point"",""coordinates"":[-76.05886329198214,8.469083616035439]}"
1057,0.0,3.4693527,6836.381,37.630512,0,0.017726103,3.403346,30.0,0.70755583,-0.64806616,5.2038007,0.11857271083062282,"{""geodesic"":false,""type"":""Point"",""coordinates"":[-76.07548913274911,8.664112211639992]}"
1060,0.0,0.6877868,3715.4004,3.8412757,0,0.393023,0.1413753,30.0,0.6950613,-0.6255563,0.43176267,0.32079055597127226,"{""geodesic"":false,""type"":""Point"",""coordinates"":[-75.86791832307959,9.318257097893202]}"
1061,0.0,0.9956217,2163.7468,12.240387,0,0.011474222,0.53912055,30.0,0.5757247,-0.5505199,0.06955336,0.3093148860155561,"{""geodesic"":false,""type"":""Point"",""coordinates"":[-75.89035859593565,8.893857539231306]}"
1062,0.085893996,2.05897,3180.7075,4.451914,0,0.19076468,0.8151897,40.0,0.6580335,-0.62762964,0.5957605,0.054174312004356184,"{""geodesic"":false,""type"":""Point"",""coordinates"":[-75.75679161648685,9.084083896207542]}"
1063,13.288433,-1.740377,4178.0854,8.639757,0,0.00844664,0.71531504,30.0,0.5049094,-0.50303864,1.0438437,0.407198572897584,"{""geodesic"":false,""type"":""Point"",""coordinates"":[-75.64020235998116,8.91472164521021]}"
1065,0.0,3.1467314,7689.018,7.6691155,0,0.011738947,1.8981643,30.0,0.85207283,-0.74018943,0.50121284,0.1832229086155155,"{""geodesic"":false,""type"":""Point"",""coordinates"":[-75.63466620116895,8.868874957622571]}"
1066,0.0,1.1417274,966.0745,32.53508,0,0.28093398,4.4858065,30.0,0.49430242,-0.53398675,5.8553414,0.23526607107516073,"{""geodesic"":false,""type"":""Point"",""coordinates"":[-75.98093607552025,8.580528748369703]}"
1067,0.0,-2.595378,3457.8171,14.848323,0,0.01820521,3.94077,30.0,0.52936643,-0.5531193,0.33140224,0.6028210591689354,"{""geodesic"":false,""type"":""Point"",""coordinates"":[-75.74786545513379,8.721602775840337]}"
1070,0.0,0.0020604134,3783.451,5.4986925,0,27.201359,0.23213966,30.0,0.5019025,-0.51642084,1.7978367,0.09982106272916114,"{""geodesic"":false,""type"":""Point"",""coordinates"":[-75.65137698827574,9.060409724220877]}"
1071,0.0,2.0663567,5711.357,39.22195,0,0.20293385,2.3768704,30.0,0.58588547,-0.5949113,3.0748518,0.4211613942869864,"{""geodesic"":false,""type"":""Point"",""coordinates"":[-75.86391106107277,8.66546304535903]}"
1073,285.84875,2.341106,174.92856,6.779018,0,0.008442756,0.6999998,30.0,0.6129676,-0.59310347,0.3031072,0.5599877812277441,"{""geodesic"":false,""type"":""Point"",""coordinates"":[-75.83704696166515,9.083908713648754]}"
1074,130.85104,-3.9206147,94.86833,4.637099,0,0.015588561,1.5761933,10.0,0.74016374,-0.6811224,2.9700809,0.13249424208761884,"{""geodesic"":false,""type"":""Point"",""coordinates"":[-75.95019637550666,9.340294730562768]}"
1075,0.0,-10.326225,8148.7974,55.12358,0,0.008831653,24.154705,30.0,0.5673054,-0.58615613,1.5581503,0.4972541675520391,"{""geodesic"":false,""type"":""Point"",""coordinates"":[-75.91830677296102,9.156969120302705]}"
1079,0.0,0.3233652,1072.0541,5.384449,0,0.008552246,1.0172398,30.0,0.650908,-0.59814036,0.89178425,0.184444255238012,"{""geodesic"":false,""type"":""Point"",""coordinates"":[-75.64414073506228,8.982006429848424]}"
1080,0.0,0.02413559,4440.0,16.3814,0,0.23790485,1.1298659,30.0,0.60320336,-0.54103124,0.31808457,0.29112628727836276,"{""geodesic"":false,""type"":""Point"",""coordinates"":[-75.55292649741764,8.941453166866005]}"
1081,0.0,-8.718216,10132.586,83.84939,0,0.018052887,32.23116,30.0,0.44407424,-0.41709483,18.40663,0.14145355979519403,"{""geodesic"":false,""type"":""Point"",""coordinates"":[-75.69380666806225,8.68833083010186]}"
1083,0.0,-1.402111,7326.022,44.30722,0,0.011568605,1.6184698,30.0,0.5884993,-0.5702204,2.560507,0.19929419948229388,"{""geodesic"":false,""type"":""Point"",""coordinates"":[-75.52364942692166,9.076623859634973]}"
1085,0.0,0.0,1999.2249,3.0,0,0.9802399,0.22628425,90.0,0.27827647,-0.15646996,0.0,0.546764932009967,"{""geodesic"":false,""type"":""Point"",""coordinates"":[-75.72618724555419,9.203802473219426]}"
1086,0.0,0.5030258,241.86774,0.9934407,0,0.056561463,0.6999999,90.0,0.70913976,-0.62900335,0.62188876,0.185330518648813,"{""geodesic"":false,""type"":""Point"",""coordinates"":[-75.9319818239486,9.37317185176209]}"
1088,0.0,11.676369,1390228.5,70.61116,0,0.015687028,22.027576,30.0,0.46067876,-0.41175306,5.6052623,0.17061577080926638,"{""geodesic"":false,""type"":""Point"",""coordinates"":[-75.76203004469127,8.577767226425864]}"
1090,0.0,0.38832664,3037.1204,21.120674,0,0.111218944,1.2455331,30.0,0.5417709,-0.5923534,0.33343765,0.6069476772749344,"{""geodesic"":false,""type"":""Point"",""coordinates"":[-76.01320791536523,8.7220727967685]}"
1092,0.0,-4.5115337,0.0,20.31282,0,220.34636,0.5413293,30.0,0.7095436,-0.65728074,4.669283,0.32831585541273367,"{""geodesic"":false,""type"":""Point"",""coordinates"":[-76.0097056994439,8.636074679709846]}"
1093,172.44627,-1.7120552,4919.268,42.413296,0,0.00844334,5.3807645,30.0,0.4861017,-0.52518785,1.1459353,0.68785926653404,"{""geodesic"":false,""type"":""Point"",""coordinates"":[-75.53809145153116,9.05896575949147]}"
1094,0.0,2.625164,7095.0474,44.874805,0,0.10798488,14.250989,30.0,0.68991196,-0.62235945,3.36962,0.11219281701751371,"{""geodesic"":false,""type"":""Point"",""coordinates"":[-75.83916308413711,8.694550436535337]}"
1097,0.0,0.66562986,9225.231,4.5714836,0,0.04135409,0.9200003,40.0,0.52244467,-0.5828221,0.17427063,0.496958231255471,"{""geodesic"":false,""type"":""Point"",""coordinates"":[-76.02383333312429,9.300208159876384]}"
1098,0.0,-1.3241348,2382.1208,25.522516,0,0.008452826,3.663914,30.0,0.5333673,-0.56363636,2.1740165,0.3521050353445522,"{""geodesic"":false,""type"":""Point"",""coordinates"":[-75.89356538181113,8.637448272492938]}"
1099,0.0,0.14824867,8143.7705,26.066364,0,0.049257033,2.950221,30.0,0.35938615,-0.4392594,1.0139312,0.4228370362076821,"{""geodesic"":false,""type"":""Point"",""coordinates"":[-75.75101968644141,8.66217423556994]}"
1101,0.0,-3.4417877,1390228.5,104.05546,0,0.0129374415,16.402613,10.0,0.34754375,-0.40073368,10.607438,0.6023942069322687,"{""geodesic"":false,""type"":""Point"",""coordinates"":[-75.46427947902494,9.186055049741123]}"
1103,0.0,5.4534454,6143.4844,45.227924,0,0.026112404,9.763466,30.0,0.2984734,-0.4063273,2.4888673,0.2570811952376316,"{""geodesic"":false,""type"":""Point"",""coordinates"":[-75.52224412186537,9.048677747147726]}"
1105,0.0,-4.14727,11506.906,101.82404,0,0.012143188,14.029431,10.0,0.28896436,-0.34419262,7.9173493,0.498150530866995,"{""geodesic"":false,""type"":""Point"",""coordinates"":[-76.0706411241527,8.780789654702634]}"
1106,0.0,2.7092361,12274.84,32.917667,0,0.008855871,3.235027,30.0,0.68392855,-0.60556185,0.8969969,0.3960905714792625,"{""geodesic"":false,""type"":""Point"",""coordinates"":[-75.77246989597417,8.617632684243842]}"
1107,0.03807418,4.9368134,1390228.5,64.128716,0,0.0117393285,4.8038883,30.0,0.48413193,-0.5382135,6.952534,0.6244176500492208,"{""geodesic"":false,""type"":""Point"",""coordinates"":[-76.02951191366921,8.898382681859616]}"
1108,0.0,0.62499905,1356.6503,13.679285,0,0.01716972,5.374233,30.0,0.6994251,-0.6133056,0.60951734,0.5737735475388909,"{""geodesic"":false,""type"":""Point"",""coordinates"":[-75.88093729246944,9.281325941285145]}"
1110,0.0,-1.5186386,9586.679,37.12607,0,0.0085715195,7.137999,30.0,0.36589837,-0.4571109,0.85732156,0.11687995246636984,"{""geodesic"":false,""type"":""Point"",""coordinates"":[-75.64770023751514,9.290778424969155]}"
1113,0.0,-0.41827393,10670.769,35.482697,0,8.692721,2.5127385,10.0,0.68131113,-0.60800844,1.1747481,0.03352943312988721,"{""geodesic"":false,""type"":""Point"",""coordinates"":[-75.51113163370339,8.910308649840655]}"
1115,0.0,3.2370038,523.9275,4.9677577,0,0.018561991,0.50129455,30.0,0.6305974,-0.5269267,0.53031653,0.5967269287785993,"{""geodesic"":false,""type"":""Point"",""coordinates"":[-75.70736568147248,8.935492646762304]}"
1116,0.0,-10.102855,4225.7427,20.008644,0,7.177735,2.9759927,30.0,0.75764674,-0.6640789,5.9111257,0.2550361869409782,"{""geodesic"":false,""type"":""Point"",""coordinates"":[-75.77956136942038,9.260669315099573]}"
1117,0.0,-0.6445403,859.0693,5.20071,0,0.13749628,1.1553736,30.0,0.5640311,-0.551062,0.49872035,0.40305513810849014,"{""geodesic"":false,""type"":""Point"",""coordinates"":[-75.71035165409812,9.067354646297082]}"
1118,0.0,-10.308853,1390228.5,161.26291,0,0.008439251,30.69174,30.0,0.41027954,-0.47798148,3.6194396,0.10734167165535669,"{""geodesic"":false,""type"":""Point"",""coordinates"":[-75.48100293911257,9.234874447645584]}"
1119,0.0,-22.793808,1390228.5,150.22679,0,0.014864687,25.064146,10.0,0.8462166,-0.7580113,8.061702,0.1618939817011369,"{""geodesic"":false,""type"":""Point"",""coordinates"":[-75.57500105493123,8.746867458543486]}"
1120,0.0,11.453018,1390228.5,153.86946,0,0.016606502,41.544632,10.0,0.6338767,-0.6370489,12.368868,0.6403718321923286,"{""geodesic"":false,""type"":""Point"",""coordinates"":[-76.02450097496485,8.960255677989746]}"
1121,0.0,-4.730198,6391.1265,34.406513,0,6.2205772,3.1419435,30.0,0.6752716,-0.61534274,5.0510006,0.15606775108475812,"{""geodesic"":false,""type"":""Point"",""coordinates"":[-75.75640010479663,9.285680948949455]}"
1122,7.049587,13.267853,1390228.5,99.63513,0,0.014153685,33.7455,30.0,0.7238568,-0.6183028,7.501661,0.24433840487813485,"{""geodesic"":false,""type"":""Point"",""coordinates"":[-75.5936244702639,8.795408952252213]}"
1123,0.0,0.53068924,1410.3191,29.246706,0,0.09316864,1.9518062,30.0,0.6041605,-0.57147014,0.18983962,0.3967324958040529,"{""geodesic"":false,""type"":""Point"",""coordinates"":[-76.0818017995436,8.582972216214397]}"
1124,0.0,-0.53094435,161.55495,5.865791,0,0.010633168,0.44680303,30.0,0.6490224,-0.5604693,0.38680157,0.4306511020308289,"{""geodesic"":false,""type"":""Point"",""coordinates"":[-75.61985031548723,8.981234007907906]}"
1125,0.0,2.8987021,794.2921,4.5097847,0,0.008444819,0.34154594,30.0,0.73276454,-0.5852952,0.54281306,0.683634353819633,"{""geodesic"":false,""type"":""Point"",""coordinates"":[-75.64934824872431,8.99447877045208]}"
1126,0.0,4.1006603,1390228.5,25.20988,0,0.019441323,17.405855,30.0,0.52569,-0.5348142,10.308393,0.18161075198298526,"{""geodesic"":false,""type"":""Point"",""coordinates"":[-75.96874050905583,9.229549596071747]}"
1127,0.0,0.10998535,10248.634,37.729813,0,0.10272991,3.5095012,30.0,0.48759305,-0.5225397,1.8270512,0.13060791456009324,"{""geodesic"":false,""type"":""Point"",""coordinates"":[-76.03280651454068,8.808026471790544]}"
1129,9.552981,-3.3216324,1390228.5,92.8955,0,0.008446716,11.747886,30.0,0.7301496,-0.6663896,4.695893,0.5194693501580175,"{""geodesic"":false,""type"":""Point"",""coordinates"":[-76.06201497522521,8.911314267855918]}"
1130,0.0,3.0498352,7294.998,104.28216,0,0.03457142,61.580368,30.0,0.60074675,-0.6047411,20.641129,0.09683532874597978,"{""geodesic"":false,""type"":""Point"",""coordinates"":[-75.67127152963837,8.743452987745949]}"
1131,40.156593,-22.11621,1390228.5,114.98479,0,0.01012805,38.97583,10.0,0.48112148,-0.49565873,18.66758,0.42734310669459663,"{""geodesic"":false,""type"":""Point"",""coordinates"":[-76.06997892496109,9.20565907643232]}"
1132,0.0,3.0196075,1390228.5,81.37668,0,41.553413,1.8352816,10.0,0.8062231,-0.6772375,7.506036,0.2537958841998571,"{""geodesic"":false,""type"":""Point"",""coordinates"":[-76.20154106046596,8.519947063548699]}"
1133,37.18562,3.5196972,5786.9683,27.037128,0,0.012502871,5.9619827,30.0,0.57220167,-0.59745336,1.2290721,0.15415570764101072,"{""geodesic"":false,""type"":""Point"",""coordinates"":[-75.576584807941,8.888777012832728]}"
1134,0.0,0.03245139,391.15213,0.89177656,0,0.017361065,0.4525106,90.0,0.6926796,-0.6312812,0.21463503,0.38476789585182214,"{""geodesic"":false,""type"":""Point"",""coordinates"":[-75.93019550503067,9.420384953583602]}"
1135,0.0,3.3449745,2965.2993,9.672842,0,0.043838337,0.74115723,40.0,0.40346643,-0.43736658,0.5137232,0.6564794267748064,"{""geodesic"":false,""type"":""Point"",""coordinates"":[-75.73805270794263,8.861901721933409]}"
1136,0.0,0.06387138,6527.672,19.29496,0,0.009504854,10.34806,30.0,0.51640534,-0.5307554,1.1667322,0.5819727413354852,"{""geodesic"":false,""type"":""Point"",""coordinates"":[-75.90650123110689,9.022424675703046]}"
1137,64.65784,2.7319717,60.0,11.951565,0,0.01113693,1.480595,30.0,0.5816672,-0.5753676,3.127421,0.2827674962884381,"{""geodesic"":false,""type"":""Point"",""coordinates"":[-75.8672275660028,8.9191452503897]}"
1138,0.0,0.96084976,3971.4607,16.703081,0,0.1575054,3.5306334,30.0,0.6229555,-0.60408396,0.3604265,0.29805771369635103,"{""geodesic"":false,""type"":""Point"",""coordinates"":[-75.88935303643943,8.70121969636937]}"
1139,0.0,-1.7610517,4263.9067,6.8276405,0,0.012865219,0.39145732,30.0,0.49315265,-0.5070566,1.7250035,0.6937842566108742,"{""geodesic"":false,""type"":""Point"",""coordinates"":[-75.80283159373415,9.041929980049574]}"
1141,0.0,7.7274475,2770.74,24.727097,0,0.05857054,7.063859,30.0,0.4878049,-0.5496052,1.5599015,0.09723281402255668,"{""geodesic"":false,""type"":""Point"",""coordinates"":[-76.05466313220299,8.626457655621305]}"
1142,0.0,-0.6546478,1516.1134,9.1445875,0,0.015199412,1.5208381,30.0,0.62616825,-0.57198167,0.4245972,0.6840626518904966,"{""geodesic"":false,""type"":""Point"",""coordinates"":[-75.73283162464533,8.842918639902996]}"
1143,0.0,-0.6320443,3384.1543,7.7223325,0,0.04104174,0.9715239,30.0,0.6134162,-0.5805127,1.0197524,0.6094175265599246,"{""geodesic"":false,""type"":""Point"",""coordinates"":[-75.74142520355007,8.911006249847304]}"
1144,0.0,-3.5947418,827.58685,62.246433,0,0.030723723,45.05863,30.0,0.49525237,-0.54665285,5.2529325,0.44650384331120985,"{""geodesic"":false,""type"":""Point"",""coordinates"":[-75.87677179286008,9.253661701842992]}"
1148,2.1825185,-9.12603,11732.57,71.99229,0,0.008453703,12.849326,30.0,0.7709512,-0.70856625,3.1337397,0.3908642506492762,"{""geodesic"":false,""type"":""Point"",""coordinates"":[-75.81713822018428,8.597190388888945]}"
1149,0.0,-10.24218,3094.802,22.493896,0,0.009676993,1.1275138,10.0,0.5847953,-0.6052465,6.494119,0.49099940664287567,"{""geodesic"":false,""type"":""Point"",""coordinates"":[-75.92998685177098,8.812364569799556]}"
1151,30.392664,0.22089863,3449.4783,5.3483157,0,0.019921122,0.87489873,30.0,0.72940356,-0.6484902,0.07244553,0.6493143911110504,"{""geodesic"":false,""type"":""Point"",""coordinates"":[-75.74829604289214,9.068092970065416]}"
1152,0.0,-16.044472,1390228.5,124.90593,0,0.008454819,17.816086,30.0,0.59361994,-0.5991649,4.3091116,0.5841636477152321,"{""geodesic"":false,""type"":""Point"",""coordinates"":[-76.21443311654997,8.54622314238122]}"
1154,0.0,-14.225655,8932.245,144.61879,0,0.009395637,29.604462,30.0,0.68782884,-0.5917962,24.6065,0.5703044248962416,"{""geodesic"":false,""type"":""Point"",""coordinates"":[-76.16332556221805,8.589788855548168]}"
1155,0.0,3.513382,10245.999,103.395775,0,0.04045733,39.317158,30.0,0.7478854,-0.70463014,8.16914,0.38717208033488326,"{""geodesic"":false,""type"":""Point"",""coordinates"":[-76.16101238366252,8.546115674304463]}"
1156,0.0,7.3314896,1390228.5,79.72754,0,0.085372455,15.704048,30.0,0.5103537,-0.5223495,3.1424887,0.5306952500325253,"{""geodesic"":false,""type"":""Point"",""coordinates"":[-75.46362063187819,9.098955077571132]}"
1157,0.0,0.21515656,9864.162,67.38855,0,0.010785216,15.678827,30.0,0.33699104,-0.45643285,1.7671046,0.6707806275082252,"{""geodesic"":false,""type"":""Point"",""coordinates"":[-75.48729672689402,9.043027686505223]}"
1159,0.0,11.411324,1390228.5,90.44363,0,0.035532936,15.079389,30.0,0.52050954,-0.58092713,3.828599,0.533502509123009,"{""geodesic"":false,""type"":""Point"",""coordinates"":[-76.0531651175493,8.869557636881641]}"
1160,0.0,-0.93343925,1527.6453,11.349999,0,0.4972023,1.0644257,30.0,0.684127,-0.6373457,3.0526888,0.32462794531306316,"{""geodesic"":false,""type"":""Point"",""coordinates"":[-75.8853056071336,8.94813414482297]}"
1161,0.0,-9.945511,1390228.5,179.74123,0,0.009337173,38.65622,30.0,0.7102443,-0.64807934,1.5607455,0.29867868707191947,"{""geodesic"":false,""type"":""Point"",""coordinates"":[-75.41411140968607,9.252595011021821]}"
1163,0.0,-7.1547775,12088.251,97.07215,0,0.25250268,17.081276,10.0,0.8364254,-0.76671696,1.2773308,0.6838265726383644,"{""geodesic"":false,""type"":""Point"",""coordinates"":[-76.13088866697902,8.49764055493824]}"
1165,0.0,2.6997375,1390228.5,92.39506,0,0.012426478,4.155996,30.0,0.56276023,-0.5548979,8.112347,0.6641700295093471,"{""geodesic"":false,""type"":""Point"",""coordinates"":[-76.20034118300343,8.484681447324574]}"
1166,0.0,-8.249405,1390228.5,163.92155,0,0.009239619,23.86185,10.0,0.6531981,-0.62137014,8.625176,0.673876722947006,"{""geodesic"":false,""type"":""Point"",""coordinates"":[-75.42478285373672,9.268863034400672]}"
1167,0.0,1.3952408,1390228.5,119.28609,0,0.10829976,24.14198,30.0,0.51076376,-0.53590167,23.819452,0.5672929635271425,"{""geodesic"":false,""type"":""Point"",""coordinates"":[-75.56142106401889,8.784875939463545]}"
1172,0.0,-0.45651245,1390228.5,74.49393,0,0.072588146,3.336431,30.0,0.29079306,-0.4186346,4.069164,0.3702411999585622,"{""geodesic"":false,""type"":""Point"",""coordinates"":[-75.51701497730859,9.208504568574428]}"
1175,0.0,0.3481059,5813.811,6.004977,0,0.5139916,0.37406966,90.0,0.7487374,-0.6522517,0.14271076,0.026419755375017173,"{""geodesic"":false,""type"":""Point"",""coordinates"":[-75.91540856919897,9.197945321008433]}"
1176,0.0,0.9687977,5125.0854,9.581648,0,0.029819343,0.5032902,30.0,0.5701309,-0.55744004,1.0796299,0.08943370145823826,"{""geodesic"":false,""type"":""Point"",""coordinates"":[-75.79581347596174,8.952949793893898]}"
1178,0.0,1.88727,1843.9631,24.505066,0,0.30891547,0.65619427,30.0,0.8242652,-0.7509004,2.587798,0.6032996893606207,"{""geodesic"":false,""type"":""Point"",""coordinates"":[-76.02619140633243,8.5823102423553]}"
1179,0.0,-1.4104795,30.0,10.852844,0,143.8698,0.20149648,30.0,0.6293141,-0.5774207,1.0996588,0.35242359612833407,"{""geodesic"":false,""type"":""Point"",""coordinates"":[-75.57896489512129,9.013589797923474]}"
1180,0.0,-0.10580063,4084.9602,9.13599,0,0.012668613,0.44289085,30.0,0.42222223,-0.4752902,0.3086486,0.6249431584923433,"{""geodesic"":false,""type"":""Point"",""coordinates"":[-75.6722196465989,8.815627212539306]}"
1181,0.0,-2.3632507,1390228.5,82.42683,0,0.09607427,8.673399,30.0,0.6854369,-0.59314775,9.986355,0.18716440883380037,"{""geodesic"":false,""type"":""Point"",""coordinates"":[-76.04226162605559,8.872572641448544]}"
1182,0.0,-8.778267,8404.392,55.612072,0,0.008445232,21.102015,30.0,0.36127388,-0.42918283,0.72571623,0.0975594888090574,"{""geodesic"":false,""type"":""Point"",""coordinates"":[-75.7700917845112,9.301659884195868]}"
1183,0.0,-0.09421539,10982.541,63.401825,0,0.06541559,11.565354,30.0,0.49361312,-0.52420855,3.3386853,0.4389250285602221,"{""geodesic"":false,""type"":""Point"",""coordinates"":[-75.56669171020987,8.842664049386352]}"
1185,0.0,-0.5376854,1442.8098,9.758273,0,0.009621005,1.9032755,40.0,0.3728848,-0.47191256,0.29056045,0.1737587389403411,"{""geodesic"":false,""type"":""Point"",""coordinates"":[-75.7195228873139,8.873062535606364]}"
1186,0.0,1.7730379,1770.0,5.6802206,0,0.041010495,0.7652248,30.0,0.5234216,-0.5355139,0.79783124,0.4379951178224526,"{""geodesic"":false,""type"":""Point"",""coordinates"":[-75.72749581481735,8.903979095187387]}"
1187,0.0,-1.5587392,5353.298,7.267819,0,0.06803512,1.6830535,30.0,0.7947447,-0.6975381,0.21142767,0.39115734613180064,"{""geodesic"":false,""type"":""Point"",""coordinates"":[-75.64045396436926,8.902511010663671]}"
1189,18.409193,-1.3059311,1390228.5,74.8017,0,0.008439763,37.158997,30.0,0.6229741,-0.6597848,6.734273,0.022010805610841122,"{""geodesic"":false,""type"":""Point"",""coordinates"":[-75.99381631876156,9.21265990570728]}"
1190,0.0,-2.6192322,9304.112,51.504707,0,0.38623717,4.1600194,30.0,0.37949887,-0.45088643,2.8931403,0.5839457370189337,"{""geodesic"":false,""type"":""Point"",""coordinates"":[-75.49459729236507,8.992005469642812]}"
1191,0.0,-1.2733612,1390228.5,200.52817,0,0.00845347,110.3015,30.0,0.23989151,-0.33838987,19.398806,0.24577347843286024,"{""geodesic"":false,""type"":""Point"",""coordinates"":[-75.66230724486535,8.608341458100298]}"
1192,0.0,-3.568657,1390228.5,79.31318,0,0.08608765,11.277754,30.0,0.4394084,-0.55355304,3.4188826,0.15862767621978835,"{""geodesic"":false,""type"":""Point"",""coordinates"":[-75.9780893006417,8.951427885759948]}"
1193,0.0,-5.4556465,4844.234,21.802237,0,0.05390768,0.4802319,30.0,0.84732825,-0.7419712,5.5821934,0.42864604207876844,"{""geodesic"":false,""type"":""Point"",""coordinates"":[-76.05528607930613,8.654401249762198]}"
1194,0.0,0.023952484,2350.1702,15.244759,0,0.12763003,0.35411328,30.0,0.73772323,-0.6450079,0.1771158,0.22008032544266176,"{""geodesic"":false,""type"":""Point"",""coordinates"":[-75.97866421300257,8.756078210290097]}"
1195,30.681786,4.420368,1390228.5,64.02509,0,0.5192913,3.75374,30.0,0.6617382,-0.5977809,8.378344,0.15530713694596687,"{""geodesic"":false,""type"":""Point"",""coordinates"":[-75.97286813166323,8.937604521142887]}"
1196,0.0,0.5550766,7289.6914,37.98476,0,30.910032,0.17200352,30.0,0.77047575,-0.6912626,2.7843812,0.0804788855689037,"{""geodesic"":false,""type"":""Point"",""coordinates"":[-76.09255596673145,8.530578760686804]}"
1197,0.0,-0.6131706,8970.753,47.308037,0,0.01884546,5.370692,30.0,0.43545938,-0.40819368,1.0735106,0.6625408821851929,"{""geodesic"":false,""type"":""Point"",""coordinates"":[-76.04445432476147,8.779235188093526]}"
1199,0.0,10.6968155,1390228.5,56.19674,0,0.013279102,12.171791,30.0,0.6170637,-0.6257101,1.0659405,0.6477094110655464,"{""geodesic"":false,""type"":""Point"",""coordinates"":[-75.81115909529639,8.605885663767799]}"
1200,0.0,-11.31694,2464.5688,56.896355,0,0.008455186,20.447937,30.0,0.61055505,-0.60036165,3.0811868,0.13048099224970766,"{""geodesic"":false,""type"":""Point"",""coordinates"":[-75.94700759830702,8.52933339625533]}"
1201,0.0,-0.28569603,4735.251,25.452261,0,16.296202,0.4407337,30.0,0.6970874,-0.7057819,0.762781,0.5495690564893794,"{""geodesic"":false,""type"":""Point"",""coordinates"":[-76.01948403589819,8.520196248562353]}"
1202,0.0,0.2890606,941.54126,6.197774,0,0.008444577,1.8911823,30.0,0.63523996,-0.5611348,0.26184508,0.2941241754160733,"{""geodesic"":false,""type"":""Point"",""coordinates"":[-75.6040606087823,9.00486662325105]}"
1203,2.47328,4.216858,1390228.5,78.6153,0,0.017670305,24.569738,30.0,0.69478774,-0.6358921,2.7953308,0.058553619786662736,"{""geodesic"":false,""type"":""Point"",""coordinates"":[-76.02542035668762,8.898665282251699]}"
1205,0.0,14.302483,1390228.5,68.93913,0,0.09183156,9.195636,30.0,0.7155447,-0.6602701,8.656513,0.3046343975243735,"{""geodesic"":false,""type"":""Point"",""coordinates"":[-75.69061556491414,8.58305708735666]}"
1207,0.0,1.0765262,702.9225,3.5,0,0.036304582,0.5549451,40.0,0.60812426,-0.56375253,0.0,0.19196842922519786,"{""geodesic"":false,""type"":""Point"",""coordinates"":[-75.82881542961393,9.183774575845327]}"
1209,0.0,-3.5379944,2880.0,47.978577,0,3.6035693,2.5653417,30.0,0.6670487,-0.6365682,3.3165374,0.35386570018072194,"{""geodesic"":false,""type"":""Point"",""coordinates"":[-76.108552201479,8.595647813690587]}"
1210,0.0,0.7181034,3821.675,22.715216,0,0.12991786,0.0637431,30.0,0.42097968,-0.517769,0.60771966,0.11228236999242658,"{""geodesic"":false,""type"":""Point"",""coordinates"":[-76.0102894409468,8.547623470396228]}"
1211,0.0,7.6450577,1390228.5,78.5714,0,0.087137595,16.250818,30.0,0.59671533,-0.6055046,8.253577,0.10696249681236347,"{""geodesic"":false,""type"":""Point"",""coordinates"":[-76.06588502956183,8.834251283535833]}"
1212,11.5839615,0.72348785,9022.023,38.55528,0,0.010214314,11.9508,30.0,0.67917424,-0.6733389,0.40369773,0.1953278056499128,"{""geodesic"":false,""type"":""Point"",""coordinates"":[-75.92915030799591,9.021011516915127]}"
1213,42.31044,-22.451141,1390228.5,139.62206,0,0.008455007,39.1863,60.0,0.279383,-0.38499528,7.0931735,0.6142061849736962,"{""geodesic"":false,""type"":""Point"",""coordinates"":[-76.01978453562776,9.02999579922861]}"
1214,0.0,1.5113392,8766.214,6.70465,0,0.0140328845,2.5279093,30.0,0.49291512,-0.5173378,0.5743581,0.05102990769837357,"{""geodesic"":false,""type"":""Point"",""coordinates"":[-75.62388688175076,9.106584750908391]}"
1215,8.309874,-0.40021133,690.65186,7.1704435,0,0.008447831,1.0180537,30.0,0.6498369,-0.6046187,1.6589602,0.161268366718884,"{""geodesic"":false,""type"":""Point"",""coordinates"":[-75.71486335213443,8.861946773017443]}"
1217,0.0,6.382347,10255.306,65.62783,0,0.014637687,3.8618002,30.0,0.55145264,-0.56547946,5.607266,0.036089581049264186,"{""geodesic"":false,""type"":""Point"",""coordinates"":[-76.09061000656362,8.707478964159957]}"
1218,0.0,3.2043457,8449.834,78.37143,0,0.015898712,10.452735,30.0,0.416763,-0.50970125,2.1520443,0.0020104427701872485,"{""geodesic"":false,""type"":""Point"",""coordinates"":[-76.15261951572789,8.56486087630034]}"
1219,0.0,0.46390152,3771.538,21.771988,0,0.06776673,3.2821825,30.0,0.45991346,-0.4984326,0.6386631,0.5283213762493206,"{""geodesic"":false,""type"":""Point"",""coordinates"":[-76.03303700434572,8.693802652703273]}"
1220,0.0,-1.4696755,5608.155,5.9055614,0,0.07529152,0.038761567,30.0,0.65242463,-0.6259995,1.0083843,0.3126815162412411,"{""geodesic"":false,""type"":""Point"",""coordinates"":[-75.84798209348384,9.319933031293562]}"
1221,0.0,1.7536678,7366.2065,28.946539,0,0.013226151,0.96316487,30.0,0.68059784,-0.671346,0.52478963,0.1379009797590497,"{""geodesic"":false,""type"":""Point"",""coordinates"":[-75.9200982235272,9.110298000964013]}"
1223,2.548114,2.590477,11029.274,42.89756,0,11.598448,1.3325807,30.0,0.7741935,-0.71825284,7.947251,0.3270730381703202,"{""geodesic"":false,""type"":""Point"",""coordinates"":[-75.95546932332682,9.065982490714752]}"
1226,0.0,5.877899,9685.123,75.84791,0,0.24701022,15.064149,10.0,0.8446739,-0.80943614,20.326506,0.6985415041908808,"{""geodesic"":false,""type"":""Point"",""coordinates"":[-76.15529039693597,8.546675398106244]}"
1227,39.48596,0.5552664,2133.5886,9.105888,0,0.14180227,1.0036807,10.0,0.67464745,-0.59090203,4.8824034,0.19448467111396806,"{""geodesic"":false,""type"":""Point"",""coordinates"":[-75.7426367125927,8.835030672757819]}"
1228,0.0,2.6424923,1390228.5,23.32303,0,0.039245628,1.2642105,30.0,0.8422582,-0.72316056,0.67864925,0.2915857860266201,"{""geodesic"":false,""type"":""Point"",""coordinates"":[-75.97930150809437,9.197234892821056]}"
1229,0.0,-6.2645683,9317.597,47.915127,0,0.08026572,1.1074743,30.0,0.5808788,-0.5755534,2.91704,0.25832003859981,"{""geodesic"":false,""type"":""Point"",""coordinates"":[-75.49351993287601,9.002589294855223]}"
1230,0.0,-3.538128,1390228.5,58.384987,0,0.027297065,8.607426,30.0,0.6877432,-0.6364065,5.8933487,0.499110996097342,"{""geodesic"":false,""type"":""Point"",""coordinates"":[-76.01560536097139,9.19306487425407]}"
1231,0.0,6.885956,1390228.5,99.60807,0,0.00844185,26.513393,30.0,0.48243994,-0.5168873,12.408881,0.2515562517105988,"{""geodesic"":false,""type"":""Point"",""coordinates"":[-75.45409692794924,9.123930614464234]}"
1232,0.0,0.8165691,60.0,4.3369656,0,0.008438527,1.236729,30.0,0.4487914,-0.5003871,6.342374,0.578326710319716,"{""geodesic"":false,""type"":""Point"",""coordinates"":[-75.89619287679406,9.265822966486056]}"
1233,0.0,0.42369843,2137.592,16.501049,0,0.49155933,0.45560852,30.0,0.38276133,-0.456,2.343562,0.5626996729704804,"{""geodesic"":false,""type"":""Point"",""coordinates"":[-75.59674634650634,9.038253162538453]}"
1234,1.5512946,-1.8597717,6985.4277,11.918759,0,11.527344,0.1804562,10.0,0.7534781,-0.6510774,4.8128505,0.5152884351397388,"{""geodesic"":false,""type"":""Point"",""coordinates"":[-75.74488165662888,9.000538704872707]}"
1235,0.0,1.7865124,5570.9604,30.842861,0,0.0088126855,6.2021184,30.0,0.4416961,-0.50533664,3.245396,0.2650158311066029,"{""geodesic"":false,""type"":""Point"",""coordinates"":[-75.81733811999518,8.689985273971837]}"
1239,0.0,0.57116604,3623.0513,13.412017,0,0.01742947,0.4324348,30.0,0.42102242,-0.46520582,1.8192611,0.5088379839656116,"{""geodesic"":false,""type"":""Point"",""coordinates"":[-75.82954915750683,8.786280754778208]}"
1241,0.0,-18.703342,8970.0,52.222576,0,3.4082553,8.2747965,10.0,0.7358993,-0.62252665,13.975547,0.3088098611922814,"{""geodesic"":false,""type"":""Point"",""coordinates"":[-75.7485293575355,9.30930289588759]}"
1242,0.0,-5.9683228,1806.2391,21.235203,0,0.009066387,2.0364335,10.0,0.8119156,-0.69085014,5.308122,0.21619794012971438,"{""geodesic"":false,""type"":""Point"",""coordinates"":[-76.00174901331653,8.719932664607683]}"
1244,0.0,-4.424364,4245.2915,17.92888,0,4.707753,1.7096436,30.0,0.71539915,-0.63876545,5.1850004,0.659717950135717,"{""geodesic"":false,""type"":""Point"",""coordinates"":[-75.77737288227844,9.259046119097965]}"
1245,0.0,1.472372,3812.9517,12.734395,0,0.09481723,0.7676281,30.0,0.6633965,-0.6024116,0.47586474,0.3923042053855671,"{""geodesic"":false,""type"":""Point"",""coordinates"":[-75.54370772541992,8.981354013982667]}"
1246,0.0,0.2171135,180.0,5.6565747,0,0.0146248285,2.0930715,90.0,0.69162345,-0.5754228,0.2530639,0.6042843091625261,"{""geodesic"":false,""type"":""Point"",""coordinates"":[-75.84069769044856,9.1275833636458]}"
1247,0.0,0.17549753,5144.803,6.4517894,0,0.03888871,1.4874986,30.0,0.49303252,-0.5166835,0.30980664,0.32638931331294296,"{""geodesic"":false,""type"":""Point"",""coordinates"":[-75.94280397726722,9.231789061787865]}"
1248,112.8654,-0.4532013,1390228.5,103.91778,0,0.008558578,18.659342,30.0,0.43899557,-0.42218977,12.576286,0.6846631897954514,"{""geodesic"":false,""type"":""Point"",""coordinates"":[-75.48838459922827,8.835176612143778]}"
1250,0.0,-0.43269753,997.2462,3.8665369,0,0.020785512,0.397463,30.0,0.6477414,-0.5723702,0.90118897,0.3209384503195376,"{""geodesic"":false,""type"":""Point"",""coordinates"":[-75.8105888922767,9.213661553144773]}"
1251,0.0,-11.207771,1390228.5,119.05368,0,0.014773707,16.902737,30.0,0.33204633,-0.31553861,27.525913,0.690279060857084,"{""geodesic"":false,""type"":""Point"",""coordinates"":[-75.62889307238657,8.680845895954496]}"
1254,0.0,7.0792274,4489.287,62.17238,0,0.008438466,35.194706,30.0,0.6220945,-0.6136659,5.2574964,0.3271109749103128,"{""geodesic"":false,""type"":""Point"",""coordinates"":[-75.73942879899806,9.268080204386305]}"
1255,0.0,0.1850419,5202.4707,4.6015124,0,0.03906061,1.1152965,30.0,0.55951756,-0.5389392,1.8972563,0.1630626841304199,"{""geodesic"":false,""type"":""Point"",""coordinates"":[-75.94582666319512,9.238835282197567]}"
1256,0.0,-1.9273453,2438.1345,20.218454,0,0.079286404,0.7828402,30.0,0.75846714,-0.67549497,1.7791804,0.06474267389825605,"{""geodesic"":false,""type"":""Point"",""coordinates"":[-75.59567237131336,9.049108429377398]}"
1257,0.0,2.923458,7200.0625,34.959045,0,4.5814457,0.2360969,30.0,0.76967686,-0.6943416,0.6559253,0.38446434290338927,"{""geodesic"":false,""type"":""Point"",""coordinates"":[-76.08247165522198,8.530607027972918]}"
1259,0.0,6.2673035,8413.062,47.848717,0,0.01259488,10.126624,30.0,0.43184358,-0.51388067,8.51956,0.6134431684116339,"{""geodesic"":false,""type"":""Point"",""coordinates"":[-75.94375722115548,8.970509239180657]}"
1260,0.0,2.4589844,1390228.5,68.78591,0,0.014526715,1.2857078,10.0,0.49471176,-0.5503708,2.7254047,0.25450533864937963,"{""geodesic"":false,""type"":""Point"",""coordinates"":[-75.55660195057759,9.201662157983241]}"
1261,0.0,-5.6308136,1390228.5,41.89652,0,0.008437328,9.624656,30.0,0.7199074,-0.6673731,7.202509,0.13314045116788387,"{""geodesic"":false,""type"":""Point"",""coordinates"":[-75.80508846207206,9.31650538230725]}"
1262,0.0,2.9043715,4607.2227,2.8069618,0,0.026712427,1.1251768,10.0,0.7285862,-0.6457873,4.719261,0.31442728814750176,"{""geodesic"":false,""type"":""Point"",""coordinates"":[-75.88518296605551,9.340462601122628]}"
1263,0.0,6.0127716,1390228.5,36.94258,0,0.35521194,3.4930131,30.0,0.6029897,-0.55678904,2.0873175,0.02792263587406474,"{""geodesic"":false,""type"":""Point"",""coordinates"":[-76.04735815052109,9.22010475415403]}"
1264,0.0,-0.3275795,1376.4083,11.0221405,0,0.0084501235,3.3359928,90.0,0.63838357,-0.57437825,0.3365346,0.6094807762482612,"{""geodesic"":false,""type"":""Point"",""coordinates"":[-75.73894078037225,8.759607119468788]}"
1267,0.0,-1.1026382,5408.327,29.212547,0,0.010664837,1.1694218,30.0,0.48233107,-0.5132911,0.318711,0.2655355283832084,"{""geodesic"":false,""type"":""Point"",""coordinates"":[-76.03404757530987,8.462638455263324]}"
1268,0.0,-1.3988724,8316.009,65.72929,0,0.008903597,7.5116243,30.0,0.5800389,-0.5851756,1.690741,0.6269207456157203,"{""geodesic"":false,""type"":""Point"",""coordinates"":[-75.53159604341563,9.096962904419577]}"
1269,0.0,0.7098646,8751.828,5.8933344,0,18.899536,0.14578307,30.0,0.5182292,-0.5441436,0.31908146,0.4737711648879056,"{""geodesic"":false,""type"":""Point"",""coordinates"":[-75.61789569179811,9.115277715702451]}"
1270,0.0,-3.5809708,9304.838,92.52994,0,0.008455794,39.99581,30.0,0.76540637,-0.6578138,0.69976544,0.15705052182184387,"{""geodesic"":false,""type"":""Point"",""coordinates"":[-76.0684903032415,8.501343849022394]}"
1271,0.0,-0.9485841,2795.8005,5.185576,0,6.0924826,0.625361,30.0,0.63844514,-0.5733095,0.3561741,0.21393414034950908,"{""geodesic"":false,""type"":""Point"",""coordinates"":[-75.80546982748767,9.123321949294812]}"
1272,80.04543,11.127739,6854.196,25.18315,0,0.050661806,9.05754,50.0,0.35633764,-0.3880135,5.0971994,0.13209517594149223,"{""geodesic"":false,""type"":""Point"",""coordinates"":[-75.78099054264202,9.289426606108462]}"
1273,97.60841,4.8236885,1390228.5,43.454224,0,0.2059523,5.3829746,30.0,0.7180092,-0.6658153,1.7211963,0.11234734057122076,"{""geodesic"":false,""type"":""Point"",""coordinates"":[-75.56701015431443,9.221182197428607]}"
1274,0.0,0.27829933,335.4102,19.97584,0,0.50795305,0.6457459,10.0,0.86614364,-0.77975214,0.2562406,0.03281100729836206,"{""geodesic"":false,""type"":""Point"",""coordinates"":[-75.94503349951596,8.612905805637347]}"
1275,0.0,-0.019901514,600.0,1.0124829,0,0.19192249,0.19934016,90.0,0.64292264,-0.63194656,0.08973583,0.5056797269363174,"{""geodesic"":false,""type"":""Point"",""coordinates"":[-75.918717790315,9.41960111559993]}"
1276,0.0,-19.47731,1390228.5,154.22623,0,0.008453004,34.96197,30.0,0.7672518,-0.72267294,19.037886,0.5408517151135988,"{""geodesic"":false,""type"":""Point"",""coordinates"":[-75.65525469889437,8.629246806330926]}"
1277,0.0,-0.9313278,9627.43,26.264185,0,2.9547663,0.59070176,30.0,0.6867656,-0.6290876,3.9369435,0.6503723973395683,"{""geodesic"":false,""type"":""Point"",""coordinates"":[-75.64195875988197,9.287804134619604]}"
1279,0.0,0.9604912,5891.392,43.216934,0,0.009087741,11.274847,30.0,0.6673878,-0.65441376,1.962101,0.30345420971400305,"{""geodesic"":false,""type"":""Point"",""coordinates"":[-75.9281430541084,8.94694401391926]}"
1280,0.0,4.275238,1390228.5,105.29312,0,0.03827767,16.768948,30.0,0.53370947,-0.5450412,8.969645,0.3464132494354355,"{""geodesic"":false,""type"":""Point"",""coordinates"":[-75.50079540276045,8.732048799064351]}"
1281,0.0,-0.30812073,1390228.5,77.58813,0,0.28746447,10.482567,30.0,0.6282588,-0.6134386,2.193005,0.11858867229819092,"{""geodesic"":false,""type"":""Point"",""coordinates"":[-75.46062207502659,9.102486335900672]}"
1283,8.929631,-0.77360535,1390228.5,86.10068,0,23.857182,0.7306454,10.0,0.749354,-0.68870044,4.5317674,0.1085858193155469,"{""geodesic"":false,""type"":""Point"",""coordinates"":[-76.1995531486727,8.494179468366568]}"
1284,0.0,-1.6173782,4128.353,32.49523,0,0.071227945,3.8811593,30.0,0.7196429,-0.6082164,7.2824636,0.23499223920325552,"{""geodesic"":false,""type"":""Point"",""coordinates"":[-75.75635593459472,9.265060263100537]}"
1286,0.0,-16.442963,9351.583,84.5046,0,0.010694239,34.27846,30.0,0.5498018,-0.53179264,13.412051,0.16015373144874767,"{""geodesic"":false,""type"":""Point"",""coordinates"":[-75.62984979230052,8.763603319707686]}"
1287,0.0,-3.9852333,9567.743,56.60748,0,0.011667767,17.793846,30.0,0.4141033,-0.47890744,3.1170535,0.6552095990926499,"{""geodesic"":false,""type"":""Point"",""coordinates"":[-75.55580575360634,8.860317625167294]}"
1288,0.0,4.1051865,1390228.5,113.9036,0,0.024057264,15.812607,30.0,0.5503455,-0.49464667,12.219485,0.5254630330508456,"{""geodesic"":false,""type"":""Point"",""coordinates"":[-76.0996717503104,8.72915757441567]}"
1289,0.0,-12.334877,1390228.5,90.76296,0,0.086661294,12.394371,30.0,0.5953757,-0.61925286,6.9941454,0.15442162151820282,"{""geodesic"":false,""type"":""Point"",""coordinates"":[-75.97774585069165,9.026854374438747]}"
1290,0.0,2.2037773,807.7747,16.259815,0,0.036025994,0.13535437,30.0,0.67309517,-0.568,0.5656824,0.41412456136298104,"{""geodesic"":false,""type"":""Point"",""coordinates"":[-75.98594919596947,8.726214325501383]}"
1291,0.0,-2.388504,1390228.5,30.591776,0,0.1711076,5.8421946,30.0,0.6541942,-0.65540874,1.5299909,0.6400384191288819,"{""geodesic"":false,""type"":""Point"",""coordinates"":[-75.9766209011701,9.215420063871433]}"
1293,64.91241,0.44175386,2700.0,4.395092,0,73.75723,0.34484702,30.0,0.7194523,-0.63417625,2.1128385,0.6896355193202602,"{""geodesic"":false,""type"":""Point"",""coordinates"":[-75.84768623924572,9.19648289987908]}"
1294,0.0,-8.869938,2541.6924,53.95553,0,0.008439039,34.742348,30.0,0.32158694,-0.44852284,7.8246183,0.6848039264836422,"{""geodesic"":false,""type"":""Point"",""coordinates"":[-75.77269680534567,9.243862007238741]}"
1297,0.0,-1.0643978,1230.0,4.8946385,0,0.02062007,0.6529682,30.0,0.40772426,-0.45779017,0.50810814,0.6277011291859346,"{""geodesic"":false,""type"":""Point"",""coordinates"":[-75.6925033149869,9.01230824468031]}"
1298,0.0,0.34925652,706.11615,16.229212,0,0.10881228,0.2284684,10.0,0.87544113,-0.7755503,4.2155037,0.6648565809736815,"{""geodesic"":false,""type"":""Point"",""coordinates"":[-75.84630437003798,8.837795657934553]}"
1299,125.68373,-3.3243103,3263.3877,6.973386,0,0.017154193,1.4911188,30.0,0.7676113,-0.6636606,1.4906293,0.6876825612394812,"{""geodesic"":false,""type"":""Point"",""coordinates"":[-75.8040714069632,9.1084021448369]}"
1300,0.0,-2.0582724,1082.0813,12.475477,0,13.341267,0.23254368,30.0,0.5958738,-0.5622216,2.6580904,0.22350203239076494,"{""geodesic"":false,""type"":""Point"",""coordinates"":[-75.88431603569225,8.877049877430945]}"
1301,0.0,-1.3153391,1006.2306,9.817445,0,0.079151206,0.84713894,40.0,0.4384653,-0.45072964,1.2107464,0.6110408468802284,"{""geodesic"":false,""type"":""Point"",""coordinates"":[-75.73686119052213,8.811436027670297]}"
1302,0.0,1.0786438,13150.817,47.15449,0,1.0755906,0.47857568,30.0,0.5774234,-0.57315284,1.4330133,0.08555348022222664,"{""geodesic"":false,""type"":""Point"",""coordinates"":[-75.54184886626226,8.83103302649838]}"
1303,3.797747,1.8577347,1390228.5,41.7615,0,1.3502206,1.7765832,30.0,0.6983188,-0.65780276,2.936887,0.11233277711559309,"{""geodesic"":false,""type"":""Point"",""coordinates"":[-75.67887734764412,9.310798963806329]}"
1304,0.0,1.9879007,785.1751,9.735331,0,0.3752222,0.23652928,30.0,0.50360876,-0.5140908,1.6171865,0.43819803240319266,"{""geodesic"":false,""type"":""Point"",""coordinates"":[-75.75697180255403,8.774494791196458]}"
1305,0.0,-1.7364855,3612.4783,17.395039,0,0.060985517,3.9005115,30.0,0.6334584,-0.6226363,2.1044226,0.45874905439394376,"{""geodesic"":false,""type"":""Point"",""coordinates"":[-75.73806166835854,8.728676668204193]}"
1307,0.0,2.600153,7898.4365,24.657927,0,0.07590736,2.4608836,30.0,0.3883482,-0.48005262,1.9131362,0.11930738452296796,"{""geodesic"":false,""type"":""Point"",""coordinates"":[-75.75511079955592,8.662708846205486]}"
1308,0.0,-0.22117615,1390228.5,151.1023,0,0.008446495,74.22762,30.0,0.44974875,-0.5234323,10.4261465,0.644461005549064,"{""geodesic"":false,""type"":""Point"",""coordinates"":[-76.00774713265197,8.920689943077445]}"
1309,0.0,0.46559715,8388.903,28.00003,0,0.024082778,3.8360252,30.0,0.5054402,-0.5578301,0.076172136,0.09398328872468298,"{""geodesic"":false,""type"":""Point"",""coordinates"":[-76.00198445340664,8.807838527718276]}"
1310,0.0,5.4459496,1390228.5,25.176113,0,1.813282,0.42167312,30.0,0.6136256,-0.5736696,2.6144104,0.291084313260507,"{""geodesic"":false,""type"":""Point"",""coordinates"":[-75.59735148989716,9.237684559015298]}"
1311,137.72714,-5.543062,582.4946,18.571121,0,0.009164918,4.146171,10.0,0.69212896,-0.6291946,4.9521465,0.5854324451370003,"{""geodesic"":false,""type"":""Point"",""coordinates"":[-75.86986153059658,8.762584546846366]}"
1313,0.0,5.5519066,6299.2856,34.681458,0,0.008780128,8.112719,30.0,0.578247,-0.5888177,9.565023,0.4220876758113973,"{""geodesic"":false,""type"":""Point"",""coordinates"":[-75.93159664336044,8.910035908313304]}"
1314,0.0,-2.4827747,4854.905,30.201843,0,0.008445499,7.5241146,30.0,0.38101265,-0.4978034,4.391948,0.3376512667762074,"{""geodesic"":false,""type"":""Point"",""coordinates"":[-75.91126929932277,8.964621733975797]}"
1316,8.354153,-36.111763,1390228.5,121.90697,0,0.008449997,25.1869,30.0,0.7144196,-0.65520364,5.4601164,0.37307015487927586,"{""geodesic"":false,""type"":""Point"",""coordinates"":[-75.54857225405704,8.765358077813822]}"
1317,6.936155,4.267456,1390228.5,54.547626,0,0.26107052,3.58995,30.0,0.5151515,-0.5202703,4.6135964,0.13431297364401773,"{""geodesic"":false,""type"":""Point"",""coordinates"":[-75.96875453328545,8.929747110435121]}"
1319,0.0,-1.6873283,5550.324,45.770428,0,0.27338314,6.7308693,30.0,0.56334233,-0.55825794,6.8192058,0.382303298754187,"{""geodesic"":false,""type"":""Point"",""coordinates"":[-75.8175729551587,9.281747751119676]}"
1320,0.0,0.77892685,1587.7343,9.052456,0,0.027951112,1.5070188,30.0,0.5960889,-0.5294719,0.5590926,0.18089908760155116,"{""geodesic"":false,""type"":""Point"",""coordinates"":[-75.85731843914657,8.9986662402857]}"
1321,0.6361712,4.298195,1390228.5,83.07429,0,0.51357627,3.1786666,10.0,0.6592914,-0.6137834,3.502267,0.11022211335491572,"{""geodesic"":false,""type"":""Point"",""coordinates"":[-75.4686197928879,9.16407078732523]}"
1323,150.23895,7.0226517,1390228.5,42.850395,0,0.01775659,5.228393,30.0,0.5470688,-0.54815966,3.9798603,0.5580423661225428,"{""geodesic"":false,""type"":""Point"",""coordinates"":[-75.74800960591989,9.321784979878133]}"
1324,47.496044,-3.2561982,2806.724,2.774212,0,0.3241286,0.7257547,30.0,0.64216214,-0.60825837,1.1061559,0.419905407661026,"{""geodesic"":false,""type"":""Point"",""coordinates"":[-75.8958011784274,9.326598875566122]}"
1325,36.6103,-7.1122704,1390228.5,58.350647,0,0.014570802,16.562298,30.0,0.6420233,-0.61612976,17.47399,0.6627978264010628,"{""geodesic"":false,""type"":""Point"",""coordinates"":[-76.02492632390545,9.20606132057572]}"
1326,0.0,4.4563847,7552.4365,31.808344,0,0.03811774,3.0268085,30.0,0.6583762,-0.6082617,3.0303872,0.45505691692036443,"{""geodesic"":false,""type"":""Point"",""coordinates"":[-75.54112254969388,8.893985677853797]}"
1327,0.0,0.895453,417.85165,7.182568,0,0.04633477,0.7710261,30.0,0.6219768,-0.56932235,0.22476257,0.4512611774363383,"{""geodesic"":false,""type"":""Point"",""coordinates"":[-75.71345588330871,8.839428679577011]}"
1328,0.0,-2.698453,1950.0,13.424791,0,51.448307,1.519707,30.0,0.6534946,-0.6045306,0.2618597,0.3835781024704328,"{""geodesic"":false,""type"":""Point"",""coordinates"":[-75.57557583834644,8.941418694031126]}"
1329,0.0,-0.14952469,1636.8567,11.9032755,0,0.653135,0.044392403,30.0,0.2101484,-0.22421308,0.5662453,0.30541464201462376,"{""geodesic"":false,""type"":""Point"",""coordinates"":[-75.84674615327309,8.79221172816302]}"
1330,0.0,4.552166,8074.5156,41.223755,0,0.34256464,3.1580522,30.0,0.7458992,-0.6953374,7.43596,0.6165443547463187,"{""geodesic"":false,""type"":""Point"",""coordinates"":[-75.91668392732991,9.162942207767355]}"
1331,0.0,2.3831558,8238.265,54.055767,0,0.03276498,6.279197,30.0,0.42895353,-0.5086481,2.6381278,0.2621506322867787,"{""geodesic"":false,""type"":""Point"",""coordinates"":[-76.07125153239258,8.708076605939072]}"
1332,0.0,-14.228058,1390228.5,168.13477,0,0.008439926,30.69339,30.0,0.45353478,-0.5092497,1.9848579,0.14008913947531043,"{""geodesic"":false,""type"":""Point"",""coordinates"":[-75.40668322345944,9.205661209364289]}"
1334,0.0,-10.768959,12203.217,88.660614,0,0.01434722,28.142262,30.0,0.57981104,-0.5879045,7.163369,0.034184972433199734,"{""geodesic"":false,""type"":""Point"",""coordinates"":[-75.64911266548313,8.70441864495867]}"
1336,70.46156,0.727417,1390228.5,94.22943,0,0.03088364,15.829515,30.0,0.3854572,-0.4730446,2.1154394,0.042499845981604945,"{""geodesic"":false,""type"":""Point"",""coordinates"":[-75.52904010773557,9.214727900063467]}"
1337,118.23259,-2.3495712,5000.29,36.178997,0,0.008442813,5.060447,30.0,0.47683188,-0.5194013,1.79988,0.3970523648904818,"{""geodesic"":false,""type"":""Point"",""coordinates"":[-75.57279504835162,9.081705555399413]}"
1341,0.0,0.96084785,4276.6577,22.48008,0,0.008875994,3.5084703,30.0,0.70391494,-0.661274,1.6181662,0.11774356686950316,"{""geodesic"":false,""type"":""Point"",""coordinates"":[-75.89197289656775,9.107383479830936]}"
1342,0.0,-3.3814163,6507.995,33.05073,0,0.46003535,0.472022,30.0,0.7180328,-0.66481334,4.685077,0.596396629569454,"{""geodesic"":false,""type"":""Point"",""coordinates"":[-76.03509809078552,8.74914515818894]}"
1344,31.450089,1.6507835,1390228.5,39.324665,0,0.008440771,11.528077,30.0,0.61525625,-0.6095012,5.1785765,0.5762544898005815,"{""geodesic"":false,""type"":""Point"",""coordinates"":[-75.98304942965288,9.170093515651613]}"
1346,0.0,-16.645203,1390228.5,46.029526,0,0.00843935,5.708157,30.0,0.7219454,-0.66659015,7.513165,0.5420674002299232,"{""geodesic"":false,""type"":""Point"",""coordinates"":[-76.0468432241385,9.230687190788487]}"
1348,0.0,0.3388729,2174.1206,6.328251,0,39.117496,0.1987438,40.0,0.52351016,-0.5221706,0.33532712,0.3778388930382446,"{""geodesic"":false,""type"":""Point"",""coordinates"":[-75.82187627043744,9.014755235616883]}"
1350,0.0,0.11194992,1390228.5,43.573147,0,0.023985041,4.494587,30.0,0.38722503,-0.49116808,1.2836704,0.027383362166393255,"{""geodesic"":false,""type"":""Point"",""coordinates"":[-75.57057477908837,9.2301306679661]}"
1352,0.0,-3.8703308,1390228.5,258.1209,0,0.008453415,97.03093,10.0,0.44336894,-0.49856433,11.654131,0.024695627459761282,"{""geodesic"":false,""type"":""Point"",""coordinates"":[-75.6462249503039,8.610268208840035]}"
1353,0.0,1.1386681,1273.4991,48.038906,0,0.010453964,23.099674,10.0,0.70714086,-0.6463022,23.41197,0.32408852670919464,"{""geodesic"":false,""type"":""Point"",""coordinates"":[-75.92640435463649,8.687293840343465]}"
1354,0.0,-2.7810898,9838.216,72.33248,0,0.010177068,13.454968,30.0,0.50823826,-0.54585606,4.586796,0.14647712916292632,"{""geodesic"":false,""type"":""Point"",""coordinates"":[-75.93927691093779,9.136837995959798]}"
1355,0.0,6.2458267,12516.761,103.36882,0,0.008449176,38.92284,30.0,0.5239064,-0.55960435,14.189998,0.10681415904524838,"{""geodesic"":false,""type"":""Point"",""coordinates"":[-76.0677016816816,8.801960206924198]}"
1358,0.0,-1.4659958,5567.567,20.599884,0,0.34323516,1.2317162,30.0,0.69596785,-0.59540766,1.2333418,0.2568242303493905,"{""geodesic"":false,""type"":""Point"",""coordinates"":[-75.54390039222079,8.927356737190774]}"
1359,0.0,-2.1924915,4488.4854,7.6060376,0,0.028606348,1.2131304,10.0,0.8305085,-0.7069316,1.3630545,0.5802874068717236,"{""geodesic"":false,""type"":""Point"",""coordinates"":[-75.92118628511217,9.214752213524687]}"
1360,27.636877,-2.3298998,6835.393,12.861392,0,0.013010893,1.3115331,10.0,0.6361527,-0.5918214,4.543481,0.3522124343321311,"{""geodesic"":false,""type"":""Point"",""coordinates"":[-75.78704811320051,8.93750277777964]}"
1361,0.0,-6.15329,1390228.5,151.83302,0,0.011107099,59.376457,10.0,0.7124828,-0.6429279,19.699976,0.3191215903351574,"{""geodesic"":false,""type"":""Point"",""coordinates"":[-75.67998595268617,8.584432675478013]}"
1362,0.0,6.628166,1390228.5,100.88107,0,0.02808453,32.790295,30.0,0.5933029,-0.5831821,9.348788,0.5712277741426125,"{""geodesic"":false,""type"":""Point"",""coordinates"":[-75.50555377035859,9.214490299688137]}"
1363,0.0,-0.19752872,3210.0,2.3899121,0,2.1832745,2.1805046,30.0,0.617862,-0.58441556,1.1354848,0.3327853241819374,"{""geodesic"":false,""type"":""Point"",""coordinates"":[-75.9808094705904,9.346994308099354]}"
1364,0.0,5.2663956,371.0795,29.434372,0,0.48892635,3.3365002,10.0,0.6993826,-0.6850327,9.133591,0.10832586909645392,"{""geodesic"":false,""type"":""Point"",""coordinates"":[-75.92470591040193,8.661793559272766]}"
1365,0.0,-0.6063309,7103.478,37.400555,0,0.030577619,10.592605,30.0,0.6025821,-0.59008634,1.3928827,0.2304917398919316,"{""geodesic"":false,""type"":""Point"",""coordinates"":[-75.90982508132282,9.1499362596302]}"
1367,0.0,1.095849,5563.686,12.933033,0,0.01578811,0.7282716,30.0,0.6452145,-0.61413926,0.69289374,0.2624472999642119,"{""geodesic"":false,""type"":""Point"",""coordinates"":[-75.8544753381231,8.7129666986166]}"
1368,0.0,-6.791977,1390228.5,79.1924,0,2.4697182,0.01736475,30.0,0.68853205,-0.6534639,5.3731503,0.6943879126338097,"{""geodesic"":false,""type"":""Point"",""coordinates"":[-75.99834416886654,8.974435505117855]}"
1369,0.0,1.0772743,8082.8706,47.02024,0,0.01421992,9.220839,30.0,0.5321986,-0.51940143,2.8227057,0.0743777904959203,"{""geodesic"":false,""type"":""Point"",""coordinates"":[-75.6505603073597,8.752986005144216]}"
1370,0.0,7.6232033,1390228.5,55.526123,0,0.01549266,9.912078,30.0,0.48531628,-0.4775281,5.5352855,0.2168320445039762,"{""geodesic"":false,""type"":""Point"",""coordinates"":[-75.80707374878979,8.607793583674072]}"
1372,0.0,14.647377,10399.577,71.73539,0,0.014599986,12.183766,30.0,0.5522388,-0.5058824,11.386823,0.2936592290900193,"{""geodesic"":false,""type"":""Point"",""coordinates"":[-76.11974912741455,8.509339071901918]}"
1374,0.0,9.693222,11931.743,131.31192,0,0.07335886,53.25813,10.0,0.7805128,-0.7477976,23.052515,0.20424739189513308,"{""geodesic"":false,""type"":""Point"",""coordinates"":[-76.13880940051044,8.503586254241451]}"
1375,0.0,0.0,825.409,3.5,0,0.008443153,1.811061,90.0,0.4974982,-0.47587177,0.0,0.6852023663466204,"{""geodesic"":false,""type"":""Point"",""coordinates"":[-75.68632917659443,9.066857848395252]}"
1376,0.0,-32.63784,1390228.5,101.882256,0,0.008454365,31.709429,10.0,0.45971087,-0.45240775,5.8362074,0.30929083603520224,"{""geodesic"":false,""type"":""Point"",""coordinates"":[-75.71166515371657,8.614222733439908]}"
1377,0.0,-2.601982,8591.793,64.561295,0,0.008443758,24.970339,30.0,0.38415948,-0.48604482,4.8864775,0.6845878554788906,"{""geodesic"":false,""type"":""Point"",""coordinates"":[-75.49875817910777,9.04084153856492]}"
1378,0.0,-18.699524,1390228.5,172.94414,0,0.008437364,79.09922,10.0,0.69425076,-0.6117647,29.529968,0.23040304658387345,"{""geodesic"":false,""type"":""Point"",""coordinates"":[-75.71821976933306,9.314520463524968]}"
1379,0.0,-2.7136707,4123.227,22.259937,0,0.031629816,5.210101,30.0,0.7534823,-0.66342556,4.0367365,0.6674013907592198,"{""geodesic"":false,""type"":""Point"",""coordinates"":[-75.89327862724956,9.083504140010618]}"
1382,12.971731,3.3693304,3750.0,11.544487,0,0.010287385,0.8222304,30.0,0.53524286,-0.5270655,0.18001524,0.30631058742368056,"{""geodesic"":false,""type"":""Point"",""coordinates"":[-75.8198028801667,8.81940420149111]}"
1383,0.0,0.0,4898.826,3.0,0,0.19781142,0.7580052,30.0,0.39161235,-0.4418673,0.0,0.37565659994827927,"{""geodesic"":false,""type"":""Point"",""coordinates"":[-75.63761325701078,9.149431871741232]}"
1385,0.0,1.1639519,6003.374,11.39242,0,0.008719884,0.5865047,30.0,0.7668119,-0.66540855,0.7391274,0.5927467308306019,"{""geodesic"":false,""type"":""Point"",""coordinates"":[-75.79086285320366,8.807527693019798]}"
1388,19.126986,-0.1930809,6059.183,50.17431,0,0.008718257,14.544906,30.0,0.7847485,-0.6979676,0.48274323,0.057904046110412666,"{""geodesic"":false,""type"":""Point"",""coordinates"":[-75.88065264562081,8.59487975034767]}"
1393,44.372646,-10.633251,6295.427,39.464172,0,0.0117561575,11.233841,10.0,0.7779619,-0.67874837,1.569881,0.3204594495553241,"{""geodesic"":false,""type"":""Point"",""coordinates"":[-75.52135898114481,9.00255093775688]}"
1394,7.00074,-0.08754063,3325.808,13.084499,0,0.023041451,0.36638954,50.0,0.25890738,-0.25890738,0.43530393,0.6175845270790048,"{""geodesic"":false,""type"":""Point"",""coordinates"":[-75.88393814369215,8.717783190578198]}"
1396,0.0,-0.10987377,2679.2537,9.2062025,0,0.14166613,0.22064197,30.0,0.53156394,-0.52835554,0.45342538,0.04268490886221399,"{""geodesic"":false,""type"":""Point"",""coordinates"":[-75.68612966219362,8.81451672877542]}"
1397,97.67541,-7.842499,11202.379,74.69727,0,1.6078393,2.2813184,10.0,0.35873622,-0.31524113,2.907889,0.6645702783747048,"{""geodesic"":false,""type"":""Point"",""coordinates"":[-75.6450471963148,8.71907793890318]}"
1398,0.0,1.7710857,2612.757,8.206012,0,0.114263475,1.0132033,30.0,0.68474865,-0.59440935,0.49354014,0.6410162699487335,"{""geodesic"":false,""type"":""Point"",""coordinates"":[-75.68320448387341,8.85549388583979]}"
1399,2.0200012,-7.8970942,5264.466,10.213149,0,40.373135,0.24595426,30.0,0.644343,-0.58294576,2.0019002,0.5040724544143064,"{""geodesic"":false,""type"":""Point"",""coordinates"":[-75.7848400984891,9.052550703910002]}"
1400,5.9698052,12.964199,8525.755,63.382183,0,0.008437595,21.429161,30.0,0.5174246,-0.52027553,12.698755,0.4669217321471427,"{""geodesic"":false,""type"":""Point"",""coordinates"":[-75.74005246881362,9.304979366224138]}"
1404,0.0,-11.2083435,14627.454,87.29705,0,0.008735044,25.821955,10.0,0.6261032,-0.56761634,8.638771,0.38673348575183364,"{""geodesic"":false,""type"":""Point"",""coordinates"":[-75.70513393231882,8.62074689455566]}"
1407,0.0,-2.484089,1390228.5,27.57923,0,0.0115764905,2.3584917,30.0,0.49099922,-0.502761,0.94891286,0.3830485223213529,"{""geodesic"":false,""type"":""Point"",""coordinates"":[-75.60504715095155,9.26616180438147]}"
1409,0.0,2.0588684,684.76276,1.3683074,0,0.15453845,0.16768384,30.0,0.66874677,-0.5769042,0.9126181,0.1921941441447771,"{""geodesic"":false,""type"":""Point"",""coordinates"":[-75.92564961025101,9.354739138357983]}"
1411,0.0,-6.868103,4101.5605,37.065804,0,0.6084513,1.5166368,30.0,0.5905744,-0.57510936,6.200701,0.19504006158187948,"{""geodesic"":false,""type"":""Point"",""coordinates"":[-75.87724829177799,8.655393559352056]}"
1412,0.0,-0.595253,1390228.5,89.239456,0,0.012317884,16.220415,30.0,0.58742994,-0.58515626,6.569991,0.17314535032584977,"{""geodesic"":false,""type"":""Point"",""coordinates"":[-76.000014906599,8.986640089725551]}"
1417,99.20801,3.5087814,4150.8555,28.5,0,0.38386178,2.3746924,90.0,0.49464113,-0.37496266,0.0,0.05111811013721945,"{""geodesic"":false,""type"":""Point"",""coordinates"":[-75.5801535210634,9.074096468290845]}"
1418,0.0,2.4621506,1485.5302,9.664498,0,0.009520697,0.41466707,30.0,0.64788735,-0.6071048,1.7845863,0.6858401216622805,"{""geodesic"":false,""type"":""Point"",""coordinates"":[-75.78936653514046,8.744853317803063]}"
1419,1.919165,2.2065048,1390228.5,101.862305,0,0.05124617,16.887253,30.0,0.5738139,-0.5988153,3.6796322,0.5768971192537119,"{""geodesic"":false,""type"":""Point"",""coordinates"":[-76.01955815961277,9.046546401153185]}"
1420,0.0,0.8204117,1390228.5,100.712845,0,0.022950402,15.017229,30.0,0.518927,-0.54424244,5.921218,0.48908991336539265,"{""geodesic"":false,""type"":""Point"",""coordinates"":[-76.09903293260042,8.790203787904137]}"
1421,0.0,4.9147873,9517.379,46.514458,0,0.008437621,12.272774,30.0,0.49747348,-0.57152325,3.195498,0.5167113152976667,"{""geodesic"":false,""type"":""Point"",""coordinates"":[-75.67995634988618,9.303742330212385]}"
1422,0.0,0.07565093,1173.4564,3.9705892,0,0.008441858,0.90001774,30.0,0.41884586,-0.46551985,0.12029398,0.4401586871882729,"{""geodesic"":false,""type"":""Point"",""coordinates"":[-75.76151494286512,9.12314534476698]}"
1423,2.9130695,-6.950264,1390228.5,72.85651,0,13.33256,0.053105105,10.0,0.776501,-0.6882337,1.6241931,0.1581323801644322,"{""geodesic"":false,""type"":""Point"",""coordinates"":[-75.51673755471568,9.205520236431296]}"
1425,0.0,-0.44334364,2256.3909,5.2004347,0,0.036257092,0.75364953,30.0,0.66905856,-0.5968694,0.09007609,0.458102559860744,"{""geodesic"":false,""type"":""Point"",""coordinates"":[-75.69793536752518,8.998459978227098]}"
1426,2.1997945,0.68235016,7050.9575,37.30641,0,0.037960395,17.782291,30.0,0.6081491,-0.5704812,1.7545394,0.1806173731339208,"{""geodesic"":false,""type"":""Point"",""coordinates"":[-75.58347145889492,9.100139631772137]}"
1427,0.0,0.44168472,3030.0,39.703514,0,0.008452611,14.424521,30.0,0.3639676,-0.34062874,5.745759,0.06232432878651717,"{""geodesic"":false,""type"":""Point"",""coordinates"":[-75.88677280711191,8.647503131502114]}"
1429,0.0,-31.183716,1390228.5,142.47311,0,0.008449216,44.735756,10.0,0.85410243,-0.7344501,8.097257,0.5894955768792113,"{""geodesic"":false,""type"":""Point"",""coordinates"":[-75.55789821760793,8.80034774052294]}"
1431,0.0,2.62261,551.5433,10.508847,0,0.009038965,0.7984468,30.0,0.61178327,-0.5728953,0.56070805,0.12236397467521543,"{""geodesic"":false,""type"":""Point"",""coordinates"":[-75.84676759270236,8.920820388443879]}"
1432,0.0,-2.3996553,979.4897,16.636393,0,0.5362074,0.03521498,30.0,0.6057156,-0.6397629,0.6886063,0.12566727968954583,"{""geodesic"":false,""type"":""Point"",""coordinates"":[-75.92927251663032,8.744535916803812]}"
1435,0.0,-3.1721897,4412.7544,20.065487,0,0.0089142015,7.390574,30.0,0.57693315,-0.5767265,1.596837,0.20652774837038035,"{""geodesic"":false,""type"":""Point"",""coordinates"":[-75.69735284387944,9.260567387745922]}"
1436,0.0,7.680088,1390228.5,48.80355,0,0.008934445,0.97073734,30.0,0.48280388,-0.53770757,6.3570447,0.08232069392809171,"{""geodesic"":false,""type"":""Point"",""coordinates"":[-75.96041781354062,9.079263974606521]}"
1438,0.0,-1.3002243,6223.825,20.27855,0,11.652846,0.935312,30.0,0.51779795,-0.55339235,0.9120964,0.6615797631663448,"{""geodesic"":false,""type"":""Point"",""coordinates"":[-75.72384376059038,8.709710537546783]}"
1439,0.0,-5.653839,11587.342,70.20166,0,0.019313054,5.7974443,30.0,0.55737704,-0.5535568,9.002046,0.07099753860563185,"{""geodesic"":false,""type"":""Point"",""coordinates"":[-76.08392780997598,8.754163384276541]}"
1441,0.0,0.3838482,1707.6299,3.0,0,0.019622548,0.7725047,30.0,0.44285715,-0.52209824,1.0624095,0.5697083595088921,"{""geodesic"":false,""type"":""Point"",""coordinates"":[-75.68472906457505,9.229388714653894]}"
1443,0.0,10.310455,1390228.5,74.69346,0,0.011112633,26.867285,30.0,0.48339152,-0.56090045,6.5168295,0.41154331691569823,"{""geodesic"":false,""type"":""Point"",""coordinates"":[-75.97819173160238,8.989683068587533]}"
1445,0.0,2.623806,6372.723,32.624325,0,1.2297237,1.1936927,30.0,0.53344506,-0.5440319,3.725505,0.24876826218214343,"{""geodesic"":false,""type"":""Point"",""coordinates"":[-75.81950310212291,8.682383368177813]}"
1446,0.0,1.119484,9744.46,56.316887,0,0.033939276,6.231025,30.0,0.41509962,-0.47556335,1.4295571,0.6031417156604567,"{""geodesic"":false,""type"":""Point"",""coordinates"":[-76.07549151408753,8.470937397201105]}"
1447,0.0,-12.078918,1390228.5,87.5569,0,0.008440365,30.05016,30.0,0.34886453,-0.34229496,8.756531,0.695646617356112,"{""geodesic"":false,""type"":""Point"",""coordinates"":[-76.01695355002154,9.187092278383883]}"
1448,0.0,-8.491333,1390228.5,273.75565,0,0.00845774,47.0298,10.0,0.79650563,-0.6909311,11.101122,0.44335895224318833,"{""geodesic"":false,""type"":""Point"",""coordinates"":[-76.18730687473719,8.410655226606314]}"
1451,0.0,-0.8244567,1606.051,4.2241335,0,0.019191626,0.3712287,30.0,0.6184103,-0.57705617,0.718595,0.5095455504742492,"{""geodesic"":false,""type"":""Point"",""coordinates"":[-75.70814064007165,9.191899855075746]}"
1452,0.0,-4.1264687,3283.3215,30.621717,0,0.011966817,6.7966375,30.0,0.69695103,-0.6369578,1.5909461,0.04503690531799187,"{""geodesic"":false,""type"":""Point"",""coordinates"":[-75.88700360975201,8.629595036894397]}"
1453,16.611633,3.1281781,874.64276,5.7022305,0,0.02067309,1.110581,30.0,0.67846966,-0.6291809,1.2649006,0.6159871839152985,"{""geodesic"":false,""type"":""Point"",""coordinates"":[-75.69995573516128,8.91325728020265]}"
1454,6.6152387,-6.265026,1168.4606,5.8988137,0,0.36340487,0.6662059,10.0,0.85796946,-0.7611568,3.6031723,0.558482481304613,"{""geodesic"":false,""type"":""Point"",""coordinates"":[-75.92229369946438,9.325174638838321]}"
1455,0.0,1.8579082,3903.2295,10.979373,0,0.02598771,1.1011207,30.0,0.60375214,-0.5650485,1.8077893,0.36175442346229925,"{""geodesic"":false,""type"":""Point"",""coordinates"":[-75.77556330390921,8.795892283276338]}"
1457,10.4431715,5.688942,13619.472,61.738777,0,0.015388641,4.281938,10.0,0.79832405,-0.7200107,4.14147,0.45216213445542497,"{""geodesic"":false,""type"":""Point"",""coordinates"":[-76.06584220018098,8.819329344364872]}"
1459,0.0,-0.89158344,4127.045,15.286102,0,0.008529956,1.4818541,30.0,0.54811597,-0.5591884,0.6791333,0.6211234572012171,"{""geodesic"":false,""type"":""Point"",""coordinates"":[-75.67739488796849,9.250023766526203]}"
1460,9.696721,12.736652,1390228.5,58.082504,0,0.026989663,20.622318,30.0,0.5363525,-0.561194,9.900329,0.6239444875969965,"{""geodesic"":false,""type"":""Point"",""coordinates"":[-75.9988244560173,9.148345429076658]}"
1462,0.0,3.27596,4990.1104,13.181815,0,0.00843644,5.1767225,95.0,0.8479249,-0.738387,2.2320294,0.32271224470446125,"{""geodesic"":false,""type"":""Point"",""coordinates"":[-75.87947980373056,9.353771294582355]}"
1463,0.0,-4.9960575,0.0,10.925512,0,3369.8706,1.0881371,30.0,0.60742843,-0.572943,6.1151047,0.16653781461748962,"{""geodesic"":false,""type"":""Point"",""coordinates"":[-75.83602056889686,9.112128724192528]}"
1464,0.0,-7.9847755,5477.527,12.811439,0,0.014778918,7.3820662,95.0,0.8318154,-0.7299312,2.0855708,0.43649418013930785,"{""geodesic"":false,""type"":""Point"",""coordinates"":[-75.87375387876033,9.358126513930134]}"
1466,0.0,0.3634796,1390228.5,85.42366,0,0.012041853,20.498665,30.0,0.29848042,-0.36129788,9.419755,0.2892493116880894,"{""geodesic"":false,""type"":""Point"",""coordinates"":[-75.521615738312,8.798500345532753]}"
1467,0.0,1.4487915,5209.7314,18.304688,0,0.35354525,0.40122417,30.0,0.5519705,-0.57006294,1.6481801,0.5698352508745663,"{""geodesic"":false,""type"":""Point"",""coordinates"":[-75.5322718570511,8.99955057130924]}"
1468,0.0,-2.378461,630.71387,3.046709,0,0.022738034,0.6167473,30.0,0.5196278,-0.5740964,0.31667918,0.3272678036602552,"{""geodesic"":false,""type"":""Point"",""coordinates"":[-75.92156696933016,9.360447355576264]}"
1469,0.0,3.2277985,4012.0444,53.446747,0,0.2271862,2.8303058,30.0,0.5396872,-0.57405734,1.5704906,0.5561598538972207,"{""geodesic"":false,""type"":""Point"",""coordinates"":[-76.10726652360397,8.62223985478993]}"
1470,38.012024,3.9538116,1390228.5,89.691605,0,0.011757244,20.111794,30.0,0.47464827,-0.5023665,12.46537,0.08388570969037512,"{""geodesic"":false,""type"":""Point"",""coordinates"":[-75.51365551029579,9.151256711684388]}"
1473,12.994405,-8.076935,8159.228,56.719933,0,0.009851522,22.877798,30.0,0.39185977,-0.4704959,0.27249926,0.6905778598172175,"{""geodesic"":false,""type"":""Point"",""coordinates"":[-75.5689142280002,8.868709513025106]}"
1474,65.28687,0.84717655,874.64276,6.5575867,0,0.011030727,0.62001175,30.0,0.63997114,-0.57555455,0.73059046,0.3819146806007824,"{""geodesic"":false,""type"":""Point"",""coordinates"":[-75.60808533310716,8.963345236148376]}"
1475,0.0,2.5864487,300.0,4.8995776,0,0.015448318,0.4300547,30.0,0.7176972,-0.62266684,1.5276997,0.47529458138178393,"{""geodesic"":false,""type"":""Point"",""coordinates"":[-75.69535211547402,8.93171667701369]}"
1478,0.0,-18.222824,1390228.5,147.74829,0,0.008446547,47.53239,30.0,0.6981818,-0.6683537,3.0239973,0.1204885654421487,"{""geodesic"":false,""type"":""Point"",""coordinates"":[-76.08195286670318,8.918582103712243]}"
1479,0.0,0.27518797,2987.0723,4.3726993,0,0.08914262,0.40844673,30.0,0.45074224,-0.48891968,0.44971964,0.18121053139524268,"{""geodesic"":false,""type"":""Point"",""coordinates"":[-75.75323720868123,9.08137795621662]}"
1480,0.0,0.715034,730.5477,4.854581,0,0.008440737,3.3731759,30.0,0.6347103,-0.61209327,1.170378,0.09902972775810615,"{""geodesic"":false,""type"":""Point"",""coordinates"":[-75.81977606586685,9.171314318463386]}"
1481,30.10622,-0.2283926,4518.462,6.2470994,0,0.008444862,1.3154086,30.0,0.63958013,-0.58916324,1.9319053,0.5308758249456748,"{""geodesic"":false,""type"":""Point"",""coordinates"":[-75.72385075233022,8.99244067115346]}"
1482,0.0,1.0871887,1390228.5,82.95216,0,0.78045195,0.93092,10.0,0.652708,-0.63310343,2.081486,0.14190715086227823,"{""geodesic"":false,""type"":""Point"",""coordinates"":[-75.48747356313228,9.173542820125434]}"
1484,0.0,0.43315697,2881.406,19.608627,0,0.021961933,1.5689156,30.0,0.6827881,-0.60660934,3.6497061,0.1628299526709256,"{""geodesic"":false,""type"":""Point"",""coordinates"":[-76.00831400169042,8.727512150719289]}"
1486,0.0,5.647793,4256.724,33.15625,0,0.06395789,2.7091362,30.0,0.37560976,-0.48559034,0.41757444,0.28993357969784295,"{""geodesic"":false,""type"":""Point"",""coordinates"":[-76.09127190263204,8.558256187039467]}"
1487,0.0,6.614235,7390.298,11.669972,0,0.15866643,2.8428385,30.0,0.5713872,-0.58146316,2.2465024,0.1534011060710322,"{""geodesic"":false,""type"":""Point"",""coordinates"":[-75.63370411683289,9.254173596401285]}"
1489,0.0,0.19490051,4603.314,16.671267,0,0.0120660905,0.37507227,30.0,0.4321711,-0.50864196,0.116515584,0.396206846643401,"{""geodesic"":false,""type"":""Point"",""coordinates"":[-75.97438131967563,8.787019560050846]}"
1490,0.0,0.5887518,4914.2344,12.39854,0,1.0939186,1.1710048,30.0,0.69505495,-0.5769968,0.7762809,0.6977988206218746,"{""geodesic"":false,""type"":""Point"",""coordinates"":[-75.925762140693,8.86826713668785]}"
1491,37.62373,-0.53428364,4722.9756,12.652769,0,0.017467605,5.296144,30.0,0.59528315,-0.5844419,1.1397004,0.4477726816201202,"{""geodesic"":false,""type"":""Point"",""coordinates"":[-75.6044286143212,8.897144448563234]}"
1492,0.0,3.5832443,1390228.5,66.010956,0,0.01800847,5.7183504,30.0,0.5669535,-0.62150437,8.426057,0.6232169732704911,"{""geodesic"":false,""type"":""Point"",""coordinates"":[-75.98719204311729,8.987759884922902]}"
1494,0.0,-4.308837,4378.8696,11.237835,0,0.008537587,2.272876,30.0,0.56344897,-0.5571587,1.6965564,0.2643796491546192,"{""geodesic"":false,""type"":""Point"",""coordinates"":[-75.63165102230809,9.174676421332016]}"
1495,0.0,-2.1240454,0.0,10.484567,0,568.46533,0.26991877,30.0,0.66070867,-0.61463416,3.892264,0.005954767963425978,"{""geodesic"":false,""type"":""Point"",""coordinates"":[-75.8696165312763,8.890921956064878]}"
1496,0.0,-15.13562,1390228.5,127.47978,0,0.008446233,17.38975,30.0,0.50813395,-0.5511811,6.3052197,0.01943589975705895,"{""geodesic"":false,""type"":""Point"",""coordinates"":[-76.04024863363766,8.932538045188165]}"
1497,0.0,1.0592155,1667.3632,47.105885,0,0.015177466,9.205212,30.0,0.50055003,-0.51499444,4.5589747,0.546386132704789,"{""geodesic"":false,""type"":""Point"",""coordinates"":[-75.9067385059018,8.673503567406025]}"
1500,0.0,0.95838165,4418.258,18.81707,0,0.9811861,1.4995766,30.0,0.41226003,-0.4635253,0.48807192,0.4624851244783468,"{""geodesic"":false,""type"":""Point"",""coordinates"":[-75.80616789533126,8.69462170063804]}"
1501,0.0,0.4866562,1390228.5,80.11459,0,0.021892168,14.243214,30.0,0.50915974,-0.53613806,4.246109,0.5370094900747066,"{""geodesic"":false,""type"":""Point"",""coordinates"":[-75.46390902926544,9.110893787678588]}"
1504,0.0,3.5415144,0.0,11.5,0,6716.0786,0.26345643,80.0,0.00892326,0.084727466,1.9484618,0.32312334681056354,"{""geodesic"":false,""type"":""Point"",""coordinates"":[-75.87016268112845,8.774793525278872]}"
1506,0.0,-1.6357231,1390228.5,52.576477,0,0.015340845,11.030654,30.0,0.65320927,-0.61886895,3.9454453,0.3817123212383231,"{""geodesic"":false,""type"":""Point"",""coordinates"":[-75.51765325739895,8.891034239128185]}"
1507,0.0,5.476509,2584.3567,36.24166,0,9.651254,0.33838022,30.0,0.59287363,-0.55541235,1.2597698,0.2590021583491935,"{""geodesic"":false,""type"":""Point"",""coordinates"":[-76.10583019941143,8.597012188829245]}"
1508,82.68155,6.8558655,1390228.5,116.18676,0,0.010974941,14.105858,30.0,0.62634283,-0.5918927,10.445793,0.15477998089941725,"{""geodesic"":false,""type"":""Point"",""coordinates"":[-75.50902147856343,9.156690052205228]}"
1510,0.0,-4.5318985,1390228.5,85.12358,0,0.01494143,20.539928,30.0,0.43516973,-0.50466746,7.626365,0.3817687279036761,"{""geodesic"":false,""type"":""Point"",""coordinates"":[-76.04066919235261,8.888313151947765]}"
1511,100.11248,2.8983154,1390228.5,109.50639,0,0.008444192,30.34543,30.0,0.5968492,-0.60305935,3.2957542,0.38303478729690754,"{""geodesic"":false,""type"":""Point"",""coordinates"":[-75.98291812241604,9.021956915365843]}"
1512,0.0,0.5962715,1707.6299,12.287116,0,2.4317262,0.95941794,30.0,0.7443182,-0.66436666,0.23022191,0.010541835654923726,"{""geodesic"":false,""type"":""Point"",""coordinates"":[-75.85459275948217,8.764518663030522]}"
1513,9.571132,-4.395323,305.94116,19.575346,0,0.00844384,3.1526659,30.0,0.625893,-0.5945096,2.5730608,0.4945373964404205,"{""geodesic"":false,""type"":""Point"",""coordinates"":[-75.58009435784024,9.037194514179843]}"
1514,0.0,4.255478,1390228.5,105.602356,0,0.017688682,4.546251,10.0,0.7625974,-0.69311374,4.4230413,0.2327695504897609,"{""geodesic"":false,""type"":""Point"",""coordinates"":[-76.19560306251637,8.450511770776737]}"
1515,0.0,5.248493,1390228.5,28.37656,0,0.008439682,9.98944,30.0,0.57734317,-0.5829722,2.605183,0.18080041056307516,"{""geodesic"":false,""type"":""Point"",""coordinates"":[-75.97225409666845,9.21624581881516]}"
1516,0.0,0.37406158,1390228.5,68.82179,0,0.02793126,21.236732,30.0,0.6171254,-0.5956548,7.313065,0.06967412487908331,"{""geodesic"":false,""type"":""Point"",""coordinates"":[-76.05088340312439,8.834564930020823]}"
1518,0.0,0.54577637,3966.9258,25.536062,0,0.041755497,1.3750217,30.0,0.7161255,-0.6365299,0.97251815,0.35175798940696656,"{""geodesic"":false,""type"":""Point"",""coordinates"":[-75.54105241164194,9.031013326249752]}"
1520,117.52718,-2.2839375,0.0,5.279793,0,482.97583,0.57447016,30.0,0.5563584,-0.5518732,1.7019719,0.41011355871459887,"{""geodesic"":false,""type"":""Point"",""coordinates"":[-75.68708526734424,9.033753765674803]}"
1521,0.0,0.0,1328.1566,3.0,0,0.023427427,0.037707146,90.0,0.3091328,-0.2650334,0.0,0.17973005045610868,"{""geodesic"":false,""type"":""Point"",""coordinates"":[-75.7425823649214,9.208924304262233]}"
1523,2.6957176,-4.7552223,9930.182,37.33471,0,0.009519804,4.7379937,30.0,0.49808428,-0.56043327,2.0365996,0.5736275743913276,"{""geodesic"":false,""type"":""Point"",""coordinates"":[-75.97565822728714,8.857830140344571]}"
1526,0.0,-7.2965927,1390228.5,115.51711,0,0.01906917,12.8126335,30.0,0.40067557,-0.45764983,5.720978,0.2314123920550878,"{""geodesic"":false,""type"":""Point"",""coordinates"":[-75.50331267749301,9.174606484683913]}"
1527,3461.973,-2.3655548,2105.3503,17.008871,0,0.008450631,0.75420105,50.0,0.15443787,-0.19619866,0.74528265,0.6147545268348658,"{""geodesic"":false,""type"":""Point"",""coordinates"":[-75.8758007800307,8.736523546203484]}"
1528,0.0,-0.026194096,630.0,4.7165523,0,0.0634644,0.5362368,30.0,0.33903232,-0.433907,0.47050107,0.13653061796391963,"{""geodesic"":false,""type"":""Point"",""coordinates"":[-75.68704573991475,9.01286114479832]}"
1529,0.0,-3.2358093,1390228.5,78.78927,0,1.0850841,0.22823676,30.0,0.7357734,-0.6793597,2.6487648,0.5101595081227427,"{""geodesic"":false,""type"":""Point"",""coordinates"":[-76.09687679254858,8.705833086965864]}"
1530,0.0,-0.16482544,1390228.5,112.02392,0,0.011701491,10.791502,30.0,0.680038,-0.6599437,7.360729,0.03461455347905951,"{""geodesic"":false,""type"":""Point"",""coordinates"":[-76.06532114355484,8.922428480292167]}"
1531,0.0,-1.6530762,13122.352,80.547295,0,0.009653638,15.355887,30.0,0.46822158,-0.51413107,3.1856823,0.017662843833190056,"{""geodesic"":false,""type"":""Point"",""coordinates"":[-75.65808020468734,8.686223465562197]}"
1532,0.0,5.066532,8724.019,37.651844,0,0.28207877,3.0365217,30.0,0.65392894,-0.6110092,6.4593906,0.4363855415823815,"{""geodesic"":false,""type"":""Point"",""coordinates"":[-75.95341301182756,8.905910858276568]}"
1534,0.0,-0.3349657,1033.1505,9.983209,0,0.030790959,0.7120866,90.0,0.6005256,-0.5813618,0.3205013,0.4363169221168306,"{""geodesic"":false,""type"":""Point"",""coordinates"":[-75.73921995267142,8.762862587842324]}"
1536,0.0,1.6412697,1390228.5,62.13238,0,0.026315177,5.871471,30.0,0.13607489,-0.13531573,6.7530284,0.36572769003540195,"{""geodesic"":false,""type"":""Point"",""coordinates"":[-76.04711134827728,8.851125484936702]}"
1538,0.0,1.3916988,2808.1667,27.132427,0,0.02924948,5.781803,30.0,0.64070106,-0.60133046,1.9908549,0.35875766394599395,"{""geodesic"":false,""type"":""Point"",""coordinates"":[-75.89090401754956,8.665129741047114]}"
1540,0.0,0.34283638,2696.8315,13.667654,0,25.82329,1.0012693,30.0,0.623553,-0.5826135,0.3784748,0.1011718759596123,"{""geodesic"":false,""type"":""Point"",""coordinates"":[-75.73046783070434,8.750398187772193]}"
1541,0.0,6.9720306,2057.79,22.373531,0,0.024034064,6.286218,30.0,0.566394,-0.5828299,2.8567724,0.45278272104741124,"{""geodesic"":false,""type"":""Point"",""coordinates"":[-75.98562971914706,8.603578982382967]}"
1542,16.775131,1.7203403,886.3972,6.26126,0,0.121593006,0.8618776,30.0,0.500762,-0.5223373,1.4033412,0.32645348634608784,"{""geodesic"":false,""type"":""Point"",""coordinates"":[-75.69947414484753,8.946903647565389]}"
1543,0.0,-5.076313,4658.122,24.116348,0,4.5777836,2.4293914,30.0,0.6579394,-0.60389304,3.022229,0.053275852035914895,"{""geodesic"":false,""type"":""Point"",""coordinates"":[-75.76428281648606,9.26802802016395]}"
1544,0.0,0.6534786,6748.933,29.243124,0,0.010744636,7.299999,30.0,0.6349953,-0.64817446,2.0354702,0.6756164447811587,"{""geodesic"":false,""type"":""Point"",""coordinates"":[-75.94513137292124,8.86821864663819]}"
1546,17.864511,1.2517614,1390228.5,10.179257,0,0.01536198,4.1892686,30.0,0.63032436,-0.59358287,0.5942145,0.10130804866487775,"{""geodesic"":false,""type"":""Point"",""coordinates"":[-75.60559552827317,9.106615623390642]}"
1547,0.0,-1.3507633,6960.0,33.47146,0,2.799101,1.6569601,30.0,0.7534203,-0.65123594,1.6833987,0.6384402257826969,"{""geodesic"":false,""type"":""Point"",""coordinates"":[-75.74794443971585,9.291125269753426]}"
1548,117.78137,-0.8961892,1060.6602,9.61701,0,0.008446925,0.97378874,10.0,0.5255281,-0.5086457,1.2649535,0.5892607801137687,"{""geodesic"":false,""type"":""Point"",""coordinates"":[-75.72094376282017,8.902092508407476]}"
1552,7.354628,14.516857,8040.056,34.618668,0,0.023454735,5.509147,30.0,0.6693445,-0.58674407,5.8021665,0.20998528329763178,"{""geodesic"":false,""type"":""Point"",""coordinates"":[-75.74687258919009,9.300895259051803]}"
1554,3.8664587,0.8173561,391.15213,4.755625,0,0.009402639,0.46627694,30.0,0.6579054,-0.58709675,1.4498355,0.5107883529849095,"{""geodesic"":false,""type"":""Point"",""coordinates"":[-75.7281456021063,9.092553397008473]}"
1555,0.0,-0.60321426,8655.923,50.43242,0,0.0116672525,7.492883,30.0,0.5523466,-0.5806402,0.93033177,0.4259064479125234,"{""geodesic"":false,""type"":""Point"",""coordinates"":[-75.49900762686171,9.023746628649187]}"
1556,42.512577,-5.55254,7385.912,45.509098,0,0.11169905,1.0457186,30.0,0.456838,-0.4968679,2.8346539,0.5515026802361882,"{""geodesic"":false,""type"":""Point"",""coordinates"":[-75.55972192610928,9.101262233102371]}"
1557,56.573948,-4.4022827,1390228.5,56.46337,0,0.009463824,7.326671,30.0,0.32944083,-0.45794854,10.705451,0.013496055425419873,"{""geodesic"":false,""type"":""Point"",""coordinates"":[-75.96587058377102,8.974250529761724]}"
1559,0.0,11.136932,1390228.5,137.93625,0,0.022191312,33.045216,30.0,0.6577824,-0.62359387,4.697452,0.4480050042715765,"{""geodesic"":false,""type"":""Point"",""coordinates"":[-75.45636731478548,9.191491967402632]}"
1560,0.0,0.23031187,2580.0,5.3175926,0,0.008915518,0.68666446,30.0,0.64321935,-0.5685739,0.2055335,0.43579584162007634,"{""geodesic"":false,""type"":""Point"",""coordinates"":[-75.62837984573386,9.021377473249085]}"
1563,0.0,-20.907433,1390228.5,104.06673,0,0.013802624,52.51374,10.0,0.81479734,-0.737032,15.427233,0.649276394645942,"{""geodesic"":false,""type"":""Point"",""coordinates"":[-76.04769529735877,9.24180824958963]}"
1564,0.0,-3.4431,6771.898,34.598488,0,0.021370426,6.7795143,30.0,0.51875156,-0.56280756,2.979061,0.21126153614436183,"{""geodesic"":false,""type"":""Point"",""coordinates"":[-75.90655296913957,9.151572364626446]}"
1566,0.0,-14.565445,8740.458,88.03791,0,0.008455458,29.7887,30.0,0.5594811,-0.5826331,18.203373,0.3303403845981332,"{""geodesic"":false,""type"":""Point"",""coordinates"":[-76.08979205711351,8.51702091964371]}"
1567,0.0,1.5585613,3956.4756,21.002682,0,3.6398787,0.38742656,30.0,0.442348,-0.51061237,0.8403601,0.4941823690491167,"{""geodesic"":false,""type"":""Point"",""coordinates"":[-75.88438488465353,8.675726613758552]}"
1568,0.0,-6.776848,4110.438,38.588264,0,0.008446338,11.111896,30.0,0.41428572,-0.49366325,5.711615,0.30787608644196884,"{""geodesic"":false,""type"":""Point"",""coordinates"":[-75.9147245878183,8.927713631652493]}"
1569,0.0,0.7556753,1410.3191,14.777153,0,0.024636963,0.575816,30.0,0.7213569,-0.6811836,0.1488947,0.4909719760814738,"{""geodesic"":false,""type"":""Point"",""coordinates"":[-75.9424448516852,8.777061885044207]}"
1570,1285.9612,-0.11601925,2923.5767,13.579558,0,0.022411732,1.4211648,60.0,0.3529412,-0.363022,0.71987045,0.33756503020227446,"{""geodesic"":false,""type"":""Point"",""coordinates"":[-75.81523001868501,8.848717661530214]}"
1571,0.0,8.798346,379.47333,27.394573,0,0.011230569,5.8871717,30.0,0.48271695,-0.55251837,5.279342,0.4074509066743236,"{""geodesic"":false,""type"":""Point"",""coordinates"":[-75.98136660798092,8.535759728100691]}"
1572,0.0,0.42661667,1390228.5,48.233498,0,0.009287666,11.722922,30.0,0.5047868,-0.54974604,1.1452711,0.46146246226859033,"{""geodesic"":false,""type"":""Point"",""coordinates"":[-75.5853747142419,9.261853132282091]}"
1573,1214.6864,0.9182863,480.0,16.596283,0,0.1278586,1.8996044,50.0,0.14892474,-0.19686362,0.8382152,0.28782442104353523,"{""geodesic"":false,""type"":""Point"",""coordinates"":[-75.89820747698617,8.754921180753174]}"
1574,0.0,0.70671797,4635.17,7.1216288,0,0.008446901,1.0159179,30.0,0.6286507,-0.58202827,0.5446905,0.23204150740123664,"{""geodesic"":false,""type"":""Point"",""coordinates"":[-75.65764450893462,8.903023714609814]}"
1577,0.0,-0.7528572,8776.936,39.661476,0,0.0084510865,4.932744,30.0,0.4391625,-0.47719297,0.8327998,0.43836173404408096,"{""geodesic"":false,""type"":""Point"",""coordinates"":[-75.68349508955664,8.716297322761292]}"
1578,39.562424,1.2815857,1924.2141,4.6152525,0,3.641526,1.1462463,30.0,0.61959726,-0.5702381,0.5250281,0.05349086730552055,"{""geodesic"":false,""type"":""Point"",""coordinates"":[-75.77469443550004,9.15784734782766]}"
1579,1309.5956,4.1891365,174.92856,10.892765,0,0.008445332,1.5661576,30.0,0.48701754,-0.43320933,2.3426275,0.17520075247395828,"{""geodesic"":false,""type"":""Point"",""coordinates"":[-75.83678920174201,8.972123567708618]}"
1582,0.0,-5.546255,3920.9438,11.075421,0,0.039341014,0.81403965,30.0,0.6490234,-0.58611786,4.6876125,0.6032138779287411,"{""geodesic"":false,""type"":""Point"",""coordinates"":[-75.67011480936719,8.858502262841373]}"
1583,0.0,1.6402788,1860.0,8.294282,0,0.011968762,1.9124695,30.0,0.4902898,-0.5253823,0.36400765,0.44298689727624274,"{""geodesic"":false,""type"":""Point"",""coordinates"":[-75.8720105150767,9.093323125116203]}"
1584,0.0,-0.09219551,360.0,20.70123,0,0.0908778,0.27891183,30.0,0.7610354,-0.6903283,1.1613663,0.17111419370712755,"{""geodesic"":false,""type"":""Point"",""coordinates"":[-75.95781386259317,8.599850719799113]}"
1585,153.80031,-5.977211,1390228.5,99.80791,0,0.008443694,13.447205,60.0,0.34588236,-0.39532214,2.7598987,0.2615877926526623,"{""geodesic"":false,""type"":""Point"",""coordinates"":[-75.45972774185483,9.043334629433657]}"
1586,0.0,2.3894043,12611.424,50.968155,0,0.008446315,12.022259,30.0,0.35556203,-0.45673603,2.4675272,0.30861540813137944,"{""geodesic"":false,""type"":""Point"",""coordinates"":[-75.47568359670068,8.92907846967465]}"
1587,0.0,-0.599308,351.141,18.270426,0,0.01401687,1.2991661,10.0,0.82286304,-0.7192812,0.46740878,0.08447441783124066,"{""geodesic"":false,""type"":""Point"",""coordinates"":[-75.99025665080703,8.705040314880813]}"
1588,0.0,0.9662342,5972.713,21.156208,0,0.00845202,6.088534,30.0,0.50782216,-0.51452494,0.49212268,0.6353144724870065,"{""geodesic"":false,""type"":""Point"",""coordinates"":[-75.78240117764788,8.674049956418703]}"
1590,0.0,-4.3990936,1390228.5,60.215256,0,0.008439823,22.951021,30.0,0.72112477,-0.67216074,6.120681,0.17048405062699,"{""geodesic"":false,""type"":""Point"",""coordinates"":[-75.99380949444742,9.210218129259987]}"
1591,0.0,-1.060256,5474.157,9.513642,0,0.3150549,0.104014985,30.0,0.6219014,-0.5361197,0.13880673,0.44270935224376606,"{""geodesic"":false,""type"":""Point"",""coordinates"":[-75.79280945503973,8.95187092440065]}"
1592,0.0,1.3353868,2200.0454,6.131627,0,0.69949704,0.08343419,30.0,0.54486066,-0.54157245,0.9389595,0.19330888896271414,"{""geodesic"":false,""type"":""Point"",""coordinates"":[-75.73050951961353,8.910213850366826]}"
1593,0.0,0.010126114,524.78564,6.8869114,0,0.008448219,0.8383488,30.0,0.72446424,-0.6527074,0.25417238,0.5965684548179817,"{""geodesic"":false,""type"":""Point"",""coordinates"":[-75.7096470672482,8.844862610563753]}"
1594,0.0,21.220108,8077.747,47.978626,0,0.015021057,25.167505,30.0,0.7774381,-0.684241,3.9268906,0.5732823961386726,"{""geodesic"":false,""type"":""Point"",""coordinates"":[-75.78648353812663,9.302980752051042]}"
1595,0.0,5.186758,657.95135,19.237364,0,0.08060196,2.1255577,30.0,0.4716981,-0.54131734,1.9336791,0.27829443244018004,"{""geodesic"":false,""type"":""Point"",""coordinates"":[-75.94246436121246,8.676130268380035]}"
1596,186.07718,2.3655052,1889.0474,14.362735,0,16.800657,0.27462593,30.0,0.67777103,-0.64148146,2.936746,0.4052305749198034,"{""geodesic"":false,""type"":""Point"",""coordinates"":[-75.90226493361484,8.853673199336974]}"
1597,30.58102,-10.171158,1390228.5,103.96214,0,0.008441415,31.684608,30.0,0.29910842,-0.40738434,9.344753,0.11303850308344121,"{""geodesic"":false,""type"":""Point"",""coordinates"":[-75.48551977540325,9.142341225948474]}"
1599,0.0,1.2251053,7963.347,52.11293,0,0.1346165,4.4692025,30.0,0.7916667,-0.66078925,0.6906987,0.5892694413585606,"{""geodesic"":false,""type"":""Point"",""coordinates"":[-76.14195945224428,8.554854157644762]}"
1601,0.0,-1.1509123,751.79785,5.8774567,0,0.010689086,1.1461926,30.0,0.62095064,-0.5828529,2.5619967,0.4750162872669639,"{""geodesic"":false,""type"":""Point"",""coordinates"":[-75.73508355845604,9.147890716649476]}"
1603,0.0,-7.846649,1390228.5,27.686373,0,12.403862,1.0550694,30.0,0.8153098,-0.69772726,2.4045846,0.4552932119615273,"{""geodesic"":false,""type"":""Point"",""coordinates"":[-76.0269255398896,9.236442103357803]}"
1605,0.0,1.7163715,7464.697,0.0,0,0.018650616,3.0899272,80.0,0.026490066,0.13286713,0.0,0.44931733675789853,"{""geodesic"":false,""type"":""Point"",""coordinates"":[-75.8507846985999,9.349228818887097]}"
1606,0.0,1.4645958,2724.0596,46.796658,0,0.008453977,17.893625,30.0,0.4159664,-0.51072687,3.0535843,0.3374198207095521,"{""geodesic"":false,""type"":""Point"",""coordinates"":[-75.91688571050166,8.584756170921331]}"
1608,12.929938,19.125656,1390228.5,95.59599,0,0.09842473,26.489243,10.0,0.78966236,-0.699773,4.5546775,0.10955335618483397,"{""geodesic"":false,""type"":""Point"",""coordinates"":[-75.46041938490652,9.157297760431545]}"
1609,0.0,-0.57935715,10401.48,56.633595,0,0.012056225,12.944245,30.0,0.2742299,-0.2858226,1.0565397,0.16765782320225409,"{""geodesic"":false,""type"":""Point"",""coordinates"":[-76.0466864229162,8.797135617246589]}"
1610,0.0,5.510147,1390228.5,88.81906,0,0.010226155,14.380449,10.0,0.721979,-0.6855362,18.489367,0.02636417245874434,"{""geodesic"":false,""type"":""Point"",""coordinates"":[-75.68651073392131,8.574381534490895]}"
1611,0.0,-0.45694542,4500.4,20.354156,0,0.024601886,1.5804052,30.0,0.61249423,-0.5809581,1.1652077,0.6140872786506119,"{""geodesic"":false,""type"":""Point"",""coordinates"":[-75.53666032344188,9.01419663067274]}"
1614,0.0,-0.21615839,4850.4536,6.299389,0,0.010693798,1.083213,30.0,0.31413096,-0.37188384,0.117108025,0.10801068127617575,"{""geodesic"":false,""type"":""Point"",""coordinates"":[-75.78622196919778,9.060416236326349]}"
1616,0.0,5.6055565,8920.7,61.772705,0,0.24212599,9.722094,30.0,0.36844602,-0.49818182,8.473504,0.3729328135039639,"{""geodesic"":false,""type"":""Point"",""coordinates"":[-75.84766346512905,8.593597114080264]}"
1618,0.0,2.3939972,1390228.5,130.68553,0,0.008682219,44.100044,10.0,0.16288866,-0.16780822,14.1118555,0.4394334551340029,"{""geodesic"":false,""type"":""Point"",""coordinates"":[-76.09676422534659,8.76063779714203]}"
1619,0.0,11.02961,1390228.5,82.54212,0,0.008519372,12.144708,30.0,0.59632754,-0.57335705,2.8939679,0.4787718853659292,"{""geodesic"":false,""type"":""Point"",""coordinates"":[-75.45000766474787,9.128819870264268]}"
1623,0.0,3.7420883,1390228.5,32.21745,0,9.519217,0.17718172,30.0,0.58905286,-0.5469382,0.8875279,0.6604808078722945,"{""geodesic"":false,""type"":""Point"",""coordinates"":[-75.77682209380642,8.61273989198243]}"
1625,0.0,-0.97592926,15133.922,71.69672,0,0.019251399,17.584251,30.0,0.6693052,-0.62430465,2.0290554,0.018300286026493917,"{""geodesic"":false,""type"":""Point"",""coordinates"":[-76.02587547903377,8.866106500761221]}"
1627,0.0,0.954947,30.0,3.821893,0,137.0412,1.0886303,30.0,0.48747182,-0.49819735,0.22166665,0.28274009918447995,"{""geodesic"":false,""type"":""Point"",""coordinates"":[-75.72843779778277,9.10204937427458]}"
1628,0.0,-1.9673538,1390228.5,88.74893,0,0.013845453,17.876059,30.0,0.46064007,-0.51153666,8.828495,0.09563556166004294,"{""geodesic"":false,""type"":""Point"",""coordinates"":[-75.95945149822458,9.023646825867626]}"
1629,0.0,-4.4676743,6615.391,32.326145,0,0.017330026,2.9850478,30.0,0.78993165,-0.7167382,2.6082475,0.3325284184241071,"{""geodesic"":false,""type"":""Point"",""coordinates"":[-75.69220132846203,9.279841789833116]}"
1630,0.0,-1.5580673,1390228.5,83.787315,0,0.058162928,25.490957,30.0,0.49121574,-0.5253019,13.773898,0.23564105778843492,"{""geodesic"":false,""type"":""Point"",""coordinates"":[-75.7094994848503,9.324848399014254]}"
1631,0.0,0.53974247,60.0,3.0,0,0.008439761,2.1585689,90.0,0.51522475,-0.4732143,0.0,0.3565866043403081,"{""geodesic"":false,""type"":""Point"",""coordinates"":[-75.77481409001133,9.212926322501502]}"
1633,0.0,6.6871033,1390228.5,97.961395,0,0.01003612,13.983627,30.0,0.6232617,-0.624083,5.7030168,0.6780821262257196,"{""geodesic"":false,""type"":""Point"",""coordinates"":[-76.01182374727388,9.013467797090028]}"
1640,0.0,11.946419,1390228.5,116.76657,0,0.008446906,16.822376,30.0,0.5225647,-0.5932903,6.357154,0.05279741134014038,"{""geodesic"":false,""type"":""Point"",""coordinates"":[-76.08408913132217,8.902840044492061]}"
1644,16.30796,2.1277695,8670.467,35.833588,0,0.014128188,0.79896665,30.0,0.6748834,-0.6506894,2.2404275,0.5588403965484325,"{""geodesic"":false,""type"":""Point"",""coordinates"":[-75.93182945034195,9.001469824125577]}"
1645,25.288439,0.9226179,1390228.5,14.224119,0,0.016092425,1.8431321,30.0,0.67955804,-0.6156991,0.6951376,0.03135292142357704,"{""geodesic"":false,""type"":""Point"",""coordinates"":[-75.60655192527751,9.187743496461136]}"
1646,0.0,-3.1544628,2596.6902,20.900984,0,0.010373873,1.2331443,30.0,0.65299684,-0.64740026,0.9694701,0.46115984242285846,"{""geodesic"":false,""type"":""Point"",""coordinates"":[-76.01508747496368,8.71121514024867]}"
1647,2.253601,-11.117292,768.37494,35.33617,0,0.00845158,11.888947,30.0,0.39213276,-0.47942522,12.407967,0.4713347692161869,"{""geodesic"":false,""type"":""Point"",""coordinates"":[-75.93105589031617,8.693794253957975]}"
1648,0.0,-6.399109,10013.801,50.470364,0,0.24723071,1.9856822,30.0,0.31517962,-0.37035918,7.304927,0.16386258642919516,"{""geodesic"":false,""type"":""Point"",""coordinates"":[-76.04748712116381,8.790893210452879]}"
1649,422.16702,4.097366,3359.1963,2.9051838,0,0.008436914,2.1869247,30.0,0.6449414,-0.6008493,2.1072917,0.6134000827345917,"{""geodesic"":false,""type"":""Point"",""coordinates"":[-75.98077228058963,9.33370023503994]}"
1650,0.0,0.92343426,3078.7659,13.415151,0,0.09231405,0.7947556,30.0,0.47963744,-0.49509802,0.16576059,0.06262212524827171,"{""geodesic"":false,""type"":""Point"",""coordinates"":[-75.76882985426623,8.704738240282241]}"
1652,0.0,-3.5474548,3810.1182,71.84333,0,1.3366501,0.4022058,10.0,0.817176,-0.7379693,4.833022,0.02974817838898791,"{""geodesic"":false,""type"":""Point"",""coordinates"":[-76.10997602344997,8.616534537744492]}"
1653,0.0,0.5639572,3719.2742,20.237564,0,4.5728993,2.3284512,30.0,0.5097485,-0.5187607,0.32269877,0.3277403407566486,"{""geodesic"":false,""type"":""Point"",""coordinates"":[-75.56245164479871,8.924615685466756]}"
1654,1.2514408,3.3326416,1390228.5,92.415,0,0.008799296,8.703946,10.0,0.7537547,-0.6778925,6.3261385,0.5498462580666693,"{""geodesic"":false,""type"":""Point"",""coordinates"":[-75.44510439228442,8.915277747760214]}"
1655,0.0,3.3480225,1390228.5,89.59074,0,0.0084441295,19.259745,30.0,0.4543282,-0.48247394,6.9883294,0.3562678996523323,"{""geodesic"":false,""type"":""Point"",""coordinates"":[-75.96654957536818,9.024442168973291]}"
1658,0.0,-0.9674326,7342.833,1.9012992,0,0.013319575,0.767907,90.0,0.6135966,-0.57118523,0.13597813,0.2732178433172813,"{""geodesic"":false,""type"":""Point"",""coordinates"":[-76.01488122941083,9.32139571195773]}"
1660,0.0,6.495613,1390228.5,83.13744,0,0.107928835,4.7349267,30.0,0.80534613,-0.7092797,3.3556576,0.08874062397660476,"{""geodesic"":false,""type"":""Point"",""coordinates"":[-75.73875631702117,9.338083872822047]}"
1662,0.0,3.4424896,1390228.5,183.53455,0,0.018975733,60.67544,10.0,0.83931017,-0.7265836,17.197252,0.6185554895249221,"{""geodesic"":false,""type"":""Point"",""coordinates"":[-75.57580802482578,8.73953996383675]}"
1663,18.035418,-2.0859013,1390228.5,35.382076,0,0.008438406,9.775819,30.0,0.5128366,-0.6056712,9.3037815,0.43049616758873044,"{""geodesic"":false,""type"":""Point"",""coordinates"":[-76.04177223042348,9.27058392854062]}"
1666,0.0,1.2180214,4155.4062,47.6804,0,0.37410238,4.081387,30.0,0.5780164,-0.54674923,7.8368936,0.5393856403752624,"{""geodesic"":false,""type"":""Point"",""coordinates"":[-75.926851181709,8.53480856983754]}"
1669,0.0,23.551643,1390228.5,104.71682,0,0.043768458,38.34684,10.0,0.69232714,-0.6402013,11.089958,0.31717605241604707,"{""geodesic"":false,""type"":""Point"",""coordinates"":[-75.51204016330618,9.167268056905186]}"
1670,0.0,-1.0212033,3382.558,2.1010478,0,5.5393896,0.0100944,90.0,0.58775336,-0.5681431,0.714547,0.5976109779851368,"{""geodesic"":false,""type"":""Point"",""coordinates"":[-75.90539454714364,9.339326425524831]}"
1671,0.0,1.8226843,1120.0892,1.4219579,0,0.0084359255,0.97299147,10.0,0.8456755,-0.749732,3.33075,0.3531600377850974,"{""geodesic"":false,""type"":""Point"",""coordinates"":[-75.9131366207599,9.375120135479062]}"
1672,0.0,1.6160736,5009.1914,9.222737,0,0.029220004,0.09080182,40.0,0.34728134,-0.42101982,0.5938233,0.48946117181777715,"{""geodesic"":false,""type"":""Point"",""coordinates"":[-75.8064520166496,8.826487666105665]}"
1675,0.0,6.202133,1390228.5,215.99792,0,0.014080013,16.55757,30.0,0.4744148,-0.52355504,15.001399,0.10517356043788462,"{""geodesic"":false,""type"":""Point"",""coordinates"":[-75.63508121964081,8.63090877916407]}"
1676,0.0,1.0768399,1614.4349,5.5977135,0,0.059635907,0.36680615,30.0,0.59737474,-0.5861152,0.69455636,0.16133396236139896,"{""geodesic"":false,""type"":""Point"",""coordinates"":[-75.6507891136218,9.03707593863355]}"
1677,0.0,4.449051,1390228.5,158.82246,0,0.033725068,16.42248,10.0,0.8092276,-0.7445639,11.204833,0.4371252927163519,"{""geodesic"":false,""type"":""Point"",""coordinates"":[-76.13025212118974,8.742090389725004]}"
1678,0.0,-5.1758804,1390228.5,84.113754,0,0.008453374,6.8887672,30.0,0.7353961,-0.6377596,11.763047,0.28516380917777906,"{""geodesic"":false,""type"":""Point"",""coordinates"":[-75.67076658180135,8.612668244567926]}"
1679,0.0,0.0,1348.3323,3.5,0,0.013696795,0.26598385,90.0,0.3679801,-0.4538119,0.0,0.4982084169656896,"{""geodesic"":false,""type"":""Point"",""coordinates"":[-75.68470986581424,9.076628875712329]}"
1680,0.0,-2.1883926,6367.4956,23.502674,0,0.014474426,4.4378624,30.0,0.6587099,-0.6073248,3.4331236,0.637955271524505,"{""geodesic"":false,""type"":""Point"",""coordinates"":[-75.52457096288869,8.958588954983897]}"
1681,0.0,-3.7311542,1723.6299,9.291781,0,0.01274443,1.5949049,95.0,0.8790402,-0.78922826,12.175795,0.5461333701207257,"{""geodesic"":false,""type"":""Point"",""coordinates"":[-75.92123731016315,9.442384817431298]}"
1682,0.0,1.5230274,6780.597,32.96976,0,0.011386988,7.9547653,30.0,0.74613196,-0.65222585,5.9674006,0.2117014943170864,"{""geodesic"":false,""type"":""Point"",""coordinates"":[-75.93348860879985,8.902976856344136]}"
1683,0.0,-1.9240341,5340.0,43.45898,0,0.017740078,9.02588,30.0,0.45152837,-0.49842224,7.114776,0.6401954920392107,"{""geodesic"":false,""type"":""Point"",""coordinates"":[-75.72605584332265,9.27299147083919]}"
1684,16.179176,-2.244381,6600.0,46.621964,0,0.047479976,16.565996,30.0,0.6513529,-0.5880201,3.786913,0.4506639669324938,"{""geodesic"":false,""type"":""Point"",""coordinates"":[-75.68027365964585,8.744522282043157]}"
1685,0.0,0.0,30.0,3.0,0,194.66011,0.09752878,90.0,0.2945787,-0.19613759,0.0,0.36283997846289895,"{""geodesic"":false,""type"":""Point"",""coordinates"":[-75.7318632852994,9.175301475795003]}"
1690,0.0,3.724434,6881.061,33.142235,0,2.4937584,0.9969688,30.0,0.60609245,-0.6018858,1.2650524,0.30475782753310166,"{""geodesic"":false,""type"":""Point"",""coordinates"":[-76.07358215330987,8.664660196969079]}"
1693,0.0,3.2398396,2730.0,7.5677,0,0.008448797,0.25748977,30.0,0.6401979,-0.5949367,0.22315995,0.4642460721304418,"{""geodesic"":false,""type"":""Point"",""coordinates"":[-75.75269712436311,8.818730649856802]}"
1694,0.0,0.6784849,720.0,7.171766,0,0.32151043,0.1744262,30.0,0.53671116,-0.5529664,0.95246,0.3039788505715558,"{""geodesic"":false,""type"":""Point"",""coordinates"":[-75.6971758128479,8.886129009893278]}"
1695,0.0,-7.726631,1390228.5,100.49611,0,0.009269182,6.852246,30.0,0.5762661,-0.5748503,11.889695,0.5538912182248416,"{""geodesic"":false,""type"":""Point"",""coordinates"":[-76.17747954520037,8.494246811178307]}"
1696,0.0,-0.9774895,8216.551,30.762789,0,5.5666,1.5009723,30.0,0.7463278,-0.67861944,1.0080377,0.2512147912384556,"{""geodesic"":false,""type"":""Point"",""coordinates"":[-75.9303730037476,9.072016169725723]}"
1697,0.0,-0.55014944,2564.2544,6.8159056,0,0.008504977,0.89365804,30.0,0.6092537,-0.586755,0.35649034,0.6860016060357057,"{""geodesic"":false,""type"":""Point"",""coordinates"":[-75.73459524619972,8.906678479209454]}"
1698,0.0,-15.913544,1390228.5,262.23395,0,0.0139833735,90.85778,30.0,0.60902256,-0.5986209,19.387548,0.6422524135079617,"{""geodesic"":false,""type"":""Point"",""coordinates"":[-75.59869561096838,8.725666040312543]}"
1701,0.0,-2.4326134,8261.338,47.81634,0,0.008455348,9.087623,30.0,0.6145916,-0.6145916,3.3817835,0.3243760019749111,"{""geodesic"":false,""type"":""Point"",""coordinates"":[-76.09389401833121,8.521893009396557]}"
1702,0.0,0.87919617,1390228.5,84.793724,0,0.015593362,14.319763,30.0,0.7774785,-0.6751269,11.192549,0.17012516024676294,"{""geodesic"":false,""type"":""Point"",""coordinates"":[-75.60179543505883,8.787798427919451]}"
1703,0.0,-37.28763,2123.2288,156.80539,0,0.010141495,115.836365,10.0,0.6600835,-0.60862535,21.628931,0.3461135902384007,"{""geodesic"":false,""type"":""Point"",""coordinates"":[-75.9093330965414,8.618418427319945]}"
1704,0.0,-0.4188385,1926.0841,9.575756,0,0.025840195,1.1442535,30.0,0.7024086,-0.61101466,0.98037344,0.3270136420898071,"{""geodesic"":false,""type"":""Point"",""coordinates"":[-75.56443072431183,8.969383928065163]}"
1705,0.0,-0.3309307,1410.0,24.669947,0,0.021643464,5.2169595,30.0,0.63899666,-0.6017185,3.504072,0.3528212642280645,"{""geodesic"":false,""type"":""Point"",""coordinates"":[-75.82950269725289,9.244277887757896]}"
1707,0.0,-1.020814,1637.1316,4.2958713,0,0.009176591,1.8811063,30.0,0.5496288,-0.5938914,0.20166966,0.22906631832082358,"{""geodesic"":false,""type"":""Point"",""coordinates"":[-75.96607120874397,9.351646985607822]}"
1708,0.0,-4.973793,7098.9155,26.979671,0,0.016831592,9.724536,30.0,0.55781376,-0.575118,1.963308,0.09310074721654338,"{""geodesic"":false,""type"":""Point"",""coordinates"":[-75.97663938889309,8.816044719067708]}"
1709,0.0,0.43238068,3079.4968,8.901824,0,4.9172873,0.39687264,30.0,0.49949366,-0.5117407,0.5803581,0.10230207975863947,"{""geodesic"":false,""type"":""Point"",""coordinates"":[-75.80628019351201,8.746988336903891]}"
1711,0.0,0.5034666,5597.714,5.379988,0,0.129586,0.009291596,30.0,0.733871,-0.65384614,0.47104985,0.2705607116292693,"{""geodesic"":false,""type"":""Point"",""coordinates"":[-75.8482559032925,9.320203698841329]}"
1713,0.0,20.022476,1390228.5,138.49422,0,0.072399125,23.451698,30.0,0.77899975,-0.6913119,12.618217,0.22162608973020548,"{""geodesic"":false,""type"":""Point"",""coordinates"":[-76.13344178911744,8.714678989027561]}"
1714,0.0,0.6324787,6040.737,28.675838,0,0.009226847,2.6545353,30.0,0.74120563,-0.6621302,1.9732101,0.627085349268359,"{""geodesic"":false,""type"":""Point"",""coordinates"":[-75.52274430553823,9.016930087408756]}"
1715,3.1696575,-4.2726955,1654.3579,9.759856,0,0.015135518,0.7016386,30.0,0.66294044,-0.61917883,2.0020366,0.15082313243572032,"{""geodesic"":false,""type"":""Point"",""coordinates"":[-75.65689582784694,8.94209752982464]}"
1716,0.0,0.3777144,5854.998,2.6758316,0,0.58216506,0.012421071,90.0,0.69394815,-0.6576424,0.32917872,0.35457616705060346,"{""geodesic"":false,""type"":""Point"",""coordinates"":[-75.9639374042103,9.270801980097298]}"
1717,22.450163,-7.627014,1390228.5,85.98844,0,0.008449572,18.175474,30.0,0.37621993,-0.4749558,4.074775,0.5515651654716939,"{""geodesic"":false,""type"":""Point"",""coordinates"":[-75.54314477100348,8.784360016707048]}"
1723,0.0,0.039670944,4067.8496,5.3198276,0,0.15285496,1.9129101,30.0,0.43410853,-0.4896104,0.24474923,0.6463516477160797,"{""geodesic"":false,""type"":""Point"",""coordinates"":[-75.6368313473488,9.170325989160164]}"
1724,221.05362,-2.4137063,810.0,7.003998,0,0.008442798,0.8850505,30.0,0.5084746,-0.5152007,2.1871817,0.367781425664944,"{""geodesic"":false,""type"":""Point"",""coordinates"":[-75.72457657747765,9.082521269386287]}"
1725,0.0,-0.5904522,7367.856,31.205397,0,0.041259296,3.6901565,30.0,0.5626327,-0.5265185,0.8210033,0.170949484520453,"{""geodesic"":false,""type"":""Point"",""coordinates"":[-76.02128391761514,8.783639646767076]}"
1726,0.0,-0.96929836,30.0,12.261828,0,156.97292,1.2155776,30.0,0.84951127,-0.73883307,2.0320823,0.5663780754673602,"{""geodesic"":false,""type"":""Point"",""coordinates"":[-75.86927726991146,8.862704991928057]}"
1727,0.0,0.52492905,3729.303,23.511019,0,0.010499969,5.962165,30.0,0.5111995,-0.53190917,2.5149312,0.5712326821246301,"{""geodesic"":false,""type"":""Point"",""coordinates"":[-75.73230907936099,9.259141023506393]}"
1730,0.0,1.2667222,210.0,5.165596,0,0.0084447535,0.8012442,30.0,0.70239496,-0.62437564,0.21321473,0.5088061707578548,"{""geodesic"":false,""type"":""Point"",""coordinates"":[-75.63406996094311,8.997490074037742]}"
1731,0.0,0.25135565,2082.1384,6.3609185,0,0.061585363,1.0616888,30.0,0.5642731,-0.54788446,0.12820868,0.38980617356476177,"{""geodesic"":false,""type"":""Point"",""coordinates"":[-75.71312396325233,8.949862292998459]}"
1733,2103.209,1.8564987,7836.836,9.931084,0,0.01705264,4.8124332,50.0,0.18374446,-0.25100267,1.2295941,0.5936209161931142,"{""geodesic"":false,""type"":""Point"",""coordinates"":[-75.6237622987817,8.874320102658746]}"
1736,0.0,0.4932003,997.2462,9.663358,0,0.01248171,0.6393477,30.0,0.50448835,-0.5143927,0.015005629,0.17570475448945222,"{""geodesic"":false,""type"":""Point"",""coordinates"":[-75.75180156661764,8.780474459827802]}"
1737,0.0,1.5268183,283.01944,7.45239,0,0.011005538,0.43704477,30.0,0.5988607,-0.5762256,0.22363281,0.6352206973695088,"{""geodesic"":false,""type"":""Point"",""coordinates"":[-75.71889611042138,8.831278247002011]}"
1738,0.0,-7.431427,1390228.5,104.79292,0,0.015986916,17.902626,30.0,0.561706,-0.5453457,6.8393235,0.5614171239792382,"{""geodesic"":false,""type"":""Point"",""coordinates"":[-75.64141834747225,8.669971399517916]}"
1740,0.0,-22.529327,14535.89,236.03966,0,0.022696193,35.840908,10.0,0.7678059,-0.7206704,19.148394,0.31610961692728945,"{""geodesic"":false,""type"":""Point"",""coordinates"":[-76.15155898472591,8.48374331118224]}"
1741,0.0,-0.7156029,9755.583,57.13324,0,0.01286565,19.692015,30.0,0.57751447,-0.5807022,7.8338456,0.4557403425952893,"{""geodesic"":false,""type"":""Point"",""coordinates"":[-75.9406938857705,9.05218362857812]}"
1742,0.0,-0.0917263,1379.0214,10.918358,0,0.01432126,1.6080745,30.0,0.5874273,-0.5327996,0.016410215,0.10320564599931081,"{""geodesic"":false,""type"":""Point"",""coordinates"":[-75.7209644751357,8.7723945867512]}"
1743,0.0,-5.7681885,8223.503,151.95872,0,0.01390985,23.373617,10.0,0.7867909,-0.7349654,18.256205,0.6393467818685545,"{""geodesic"":false,""type"":""Point"",""coordinates"":[-76.14357274680232,8.638411805371595]}"
1744,236.34346,-1.7151165,1390228.5,31.12629,0,0.016303465,8.165188,30.0,0.56890285,-0.5809957,1.006059,0.6524735449304487,"{""geodesic"":false,""type"":""Point"",""coordinates"":[-75.58822149156438,9.166609579053492]}"
1745,71.125465,2.843153,6894.128,9.732141,0,0.01669208,1.4896108,30.0,0.44200826,-0.444303,0.2296805,0.1916037827790965,"{""geodesic"":false,""type"":""Point"",""coordinates"":[-75.78211566206453,8.92774535121523]}"
1746,137.8567,2.6168199,0.0,4.5,0,2460.8147,0.6583747,80.0,-0.2982681,0.35684893,0.0,0.57075295240911,"{""geodesic"":false,""type"":""Point"",""coordinates"":[-75.83075604625593,9.078496598107597]}"
1747,0.0,2.152935,9931.133,36.435555,0,0.008448984,2.2339547,30.0,0.4604966,-0.5169988,2.1004052,0.10189203240278921,"{""geodesic"":false,""type"":""Point"",""coordinates"":[-76.02381309136082,8.810764198572063]}"
1748,12.006045,0.7141876,1390228.5,65.81025,0,0.029263664,8.019091,10.0,0.80630565,-0.6720325,7.4924216,0.1597189753909818,"{""geodesic"":false,""type"":""Point"",""coordinates"":[-75.54728333857913,8.816372595069765]}"
1749,0.0,-15.981604,2696.9983,34.67349,0,0.022425245,3.0452268,10.0,0.83036524,-0.73952955,5.3154845,0.29801338115660736,"{""geodesic"":false,""type"":""Point"",""coordinates"":[-76.0001980510919,8.54520779290002]}"
1751,0.0,-1.5511322,1390228.5,104.90328,0,0.115284756,9.27465,10.0,0.58851373,-0.58301884,4.3080325,0.21400530641048976,"{""geodesic"":false,""type"":""Point"",""coordinates"":[-75.44215013611475,9.177671206318898]}"
1752,0.0,0.82551956,8872.75,25.541437,0,0.0384675,2.9045823,30.0,0.42293954,-0.519209,1.7212588,0.56472925547356,"{""geodesic"":false,""type"":""Point"",""coordinates"":[-75.6060033505776,8.859154297991905]}"
1753,0.0,-0.24541855,4789.958,23.588905,0,0.0084548835,1.8086367,30.0,0.7183925,-0.68236643,0.53899395,0.2847946135576178,"{""geodesic"":false,""type"":""Point"",""coordinates"":[-76.04952708767914,8.543178062926161]}"
1754,0.0,-2.0104256,8930.179,53.59572,0,0.010775323,14.537462,30.0,0.5030125,-0.5296362,8.967254,0.5544262793366519,"{""geodesic"":false,""type"":""Point"",""coordinates"":[-75.74169937719276,9.308774515904696]}"
1755,0.0,5.352375,1390228.5,60.146908,0,0.08634646,9.561595,30.0,0.49986976,-0.5128744,6.102573,0.6044573423957041,"{""geodesic"":false,""type"":""Point"",""coordinates"":[-75.97054805056014,9.090632395104455]}"
1756,0.0,1.1412354,1390228.5,132.49811,0,0.008453125,56.716217,30.0,0.56364185,-0.5530894,18.691406,0.4020586175484798,"{""geodesic"":false,""type"":""Point"",""coordinates"":[-75.67324000678425,8.62378886891826]}"
1758,0.0,-1.4646587,3240.0,18.057537,0,0.014352677,4.7691474,30.0,0.5192354,-0.57454187,2.5997174,0.20316491970798067,"{""geodesic"":false,""type"":""Point"",""coordinates"":[-75.86239344422769,9.293037865460835]}"
1759,0.0,8.281052,1390228.5,119.402435,0,0.008448754,38.386696,30.0,0.54063714,-0.54592234,6.490793,0.3484573254618546,"{""geodesic"":false,""type"":""Point"",""coordinates"":[-75.5134634072851,8.821033187633308]}"
1760,1.3636926,0.8372421,2754.2876,17.588367,0,0.20647202,5.4454393,30.0,0.248093,-0.26509574,3.1709955,0.5866522621264376,"{""geodesic"":false,""type"":""Point"",""coordinates"":[-75.89812045630816,8.944033473594256]}"
1761,0.0,-14.416084,1390228.5,86.98261,0,0.008454005,20.35683,10.0,0.581478,-0.4934019,8.11667,0.2236167863407752,"{""geodesic"":false,""type"":""Point"",""coordinates"":[-75.79530046569691,8.583669436953178]}"
1762,4.231925,1.4129181,1390228.5,109.19727,0,0.4942084,1.5072923,10.0,0.7285242,-0.6512362,11.027551,0.22190858536415237,"{""geodesic"":false,""type"":""Point"",""coordinates"":[-76.18092202430732,8.461408525611027]}"
1763,0.0,-0.46661282,590.93146,11.046727,0,0.088332266,0.76386833,30.0,0.46273732,-0.51245236,0.31907707,0.09038533960003547,"{""geodesic"":false,""type"":""Point"",""coordinates"":[-75.84698547201546,8.896943236170145]}"
1764,0.0,-3.4012089,2777.2288,14.827094,0,0.09161378,3.0025797,30.0,0.73994154,-0.636078,2.7741342,0.042927410956594914,"{""geodesic"":false,""type"":""Point"",""coordinates"":[-75.71644858457468,9.249405245487361]}"
1765,0.0,-4.337944,8674.618,41.298264,0,6.472746,0.78801364,30.0,0.5492245,-0.59159225,2.2763135,0.4654559354659461,"{""geodesic"":false,""type"":""Point"",""coordinates"":[-75.94512935034541,8.973490227857255]}"
1766,0.0,-4.0807495,1390228.5,104.56077,0,0.015362413,31.700634,30.0,0.6337023,-0.5905457,3.1786003,0.035271982730970985,"{""geodesic"":false,""type"":""Point"",""coordinates"":[-76.03244378147565,9.161816676459797]}"
1767,33.065372,-0.36925292,1263.2102,4.992472,0,0.055185128,2.4182742,30.0,0.57876474,-0.5356058,3.1424668,0.13519445951215514,"{""geodesic"":false,""type"":""Point"",""coordinates"":[-75.85372673529852,9.210306023265638]}"
1768,0.0,-2.615078,11849.811,51.570023,0,0.018458057,15.790359,10.0,0.42556724,-0.48429847,5.191605,0.5290382573549628,"{""geodesic"":false,""type"":""Point"",""coordinates"":[-75.63133681229407,9.304917009968806]}"
1769,0.0,-4.6666985,1718.4004,34.05443,0,0.008453352,6.1125207,30.0,0.6352498,-0.5884642,3.0967038,0.35650439770358444,"{""geodesic"":false,""type"":""Point"",""coordinates"":[-76.08079833181765,8.61363329272205]}"
1770,25.676247,3.7309418,1390228.5,109.9167,0,0.06949903,8.420099,30.0,0.31671703,-0.4350391,4.586358,0.0881400014312792,"{""geodesic"":false,""type"":""Point"",""coordinates"":[-75.43779671408163,9.190429598239506]}"
1771,0.0,-1.072876,7802.826,63.318886,0,0.009115289,21.716293,30.0,0.5236524,-0.60486674,3.0182877,0.5514660009572215,"{""geodesic"":false,""type"":""Point"",""coordinates"":[-75.82172426873942,9.305071902164135]}"
1774,0.0,-8.685902,3471.9734,24.180796,0,0.012955007,1.4629539,10.0,0.70469135,-0.67207557,2.933882,0.2737222277358513,"{""geodesic"":false,""type"":""Point"",""coordinates"":[-75.89101034409735,8.710169560194986]}"
1776,5.393084,0.5564308,3704.7268,5.299455,0,0.043031342,1.8260665,30.0,0.71560585,-0.62086654,0.44431382,0.5223945321211301,"{""geodesic"":false,""type"":""Point"",""coordinates"":[-75.74937947779121,9.064020808535359]}"
1778,10.69536,4.6642,11002.272,46.249752,0,0.008844206,5.595742,30.0,0.72987014,-0.67805153,7.46759,0.1393565493324842,"{""geodesic"":false,""type"":""Point"",""coordinates"":[-75.95340769019221,9.112111499890423]}"
1781,0.0,31.9068,4444.9634,92.159325,0,0.08677984,42.947536,30.0,0.46919432,-0.41069397,8.316742,0.6058927927056181,"{""geodesic"":false,""type"":""Point"",""coordinates"":[-76.1129905858654,8.621951996444214]}"
1782,0.0,1.7038357,721.2489,3.7740164,0,0.012770449,1.8717426,30.0,0.35684195,-0.46718407,0.68436635,0.49932706947336236,"{""geodesic"":false,""type"":""Point"",""coordinates"":[-75.75635921771365,9.138079156785487]}"
1785,0.0,3.4257736,1390228.5,90.12862,0,0.079184294,5.131908,10.0,0.5013123,-0.513463,8.291577,0.5351823031530031,"{""geodesic"":false,""type"":""Point"",""coordinates"":[-75.44154608229715,9.130729652372192]}"
1789,0.0,0.607357,7590.9487,33.507748,0,0.03784122,5.7601047,30.0,0.4980185,-0.515435,1.1161765,0.17457893502853383,"{""geodesic"":false,""type"":""Point"",""coordinates"":[-75.58446806211985,8.87031355467341]}"
1791,0.0,0.30432034,2760.0,12.816997,0,0.012015858,1.5977432,30.0,0.69136333,-0.6203501,1.3745507,0.6942091353168859,"{""geodesic"":false,""type"":""Point"",""coordinates"":[-75.80684246180212,8.880481307979837]}"
1792,0.0,0.8943367,192.09373,25.852852,0,0.06231161,1.7078978,30.0,0.50708705,-0.5584804,0.21401522,0.6155194788670809,"{""geodesic"":false,""type"":""Point"",""coordinates"":[-75.9738621271984,8.478258377195523]}"
1793,0.0,3.0771713,9579.212,54.092606,0,0.40707314,0.9322026,30.0,0.77720135,-0.6676915,1.9471834,0.0507076137720861,"{""geodesic"":false,""type"":""Point"",""coordinates"":[-75.49131122897069,8.983869562788952]}"
1794,0.0,-2.515419,12365.133,42.228268,0,0.008927805,8.157925,30.0,0.5194603,-0.56661314,3.310138,0.2665059997425391,"{""geodesic"":false,""type"":""Point"",""coordinates"":[-76.02058321632153,8.826509194246942]}"
1796,0.0,9.852135,1390228.5,75.05561,0,0.009757014,26.25615,10.0,0.8214826,-0.6905364,4.161991,0.664726900230168,"{""geodesic"":false,""type"":""Point"",""coordinates"":[-75.97152543948202,9.149233540764103]}"
1797,0.0,-4.0380783,6820.301,31.043005,0,0.009832656,10.281171,10.0,0.8060113,-0.70034176,6.1544447,0.6116281008153641,"{""geodesic"":false,""type"":""Point"",""coordinates"":[-75.66405162402775,9.270941232735176]}"
1798,125.255226,-2.669866,2577.2078,9.3461075,0,0.027616093,0.48883098,30.0,0.68208647,-0.5912219,2.1563244,0.15072748456277996,"{""geodesic"":false,""type"":""Point"",""coordinates"":[-75.81390869483039,8.991167551657929]}"
1799,0.0,-0.56115437,2831.1482,12.84491,0,0.10486687,0.3940842,30.0,0.43378997,-0.48885727,0.21188499,0.21270889800956794,"{""geodesic"":false,""type"":""Point"",""coordinates"":[-75.89473702766648,8.899273501810015]}"
1800,0.0,0.6733713,5739.73,13.459785,0,6.1072083,1.3976625,30.0,0.47813538,-0.5095063,0.9986494,0.22321277685304297,"{""geodesic"":false,""type"":""Point"",""coordinates"":[-75.61014540869654,8.889266282343119]}"
1801,0.0,1.6242065,10026.869,37.004757,0,0.63140595,0.61746883,30.0,0.5762604,-0.52422094,2.3769796,0.42599842949701716,"{""geodesic"":false,""type"":""Point"",""coordinates"":[-76.02980547065258,8.807763386938651]}"
1802,74.61698,2.4146228,6407.7217,6.191408,0,0.011887018,0.4519849,30.0,0.74474686,-0.6432461,0.9495064,0.2786490612340441,"{""geodesic"":false,""type"":""Point"",""coordinates"":[-75.78533838025012,9.030572091464808]}"
1803,0.0,8.394932,1390228.5,36.087574,0,0.045673534,7.5782857,30.0,0.57991266,-0.5195296,5.0128927,0.6813143199033899,"{""geodesic"":false,""type"":""Point"",""coordinates"":[-75.99651500668756,9.201257410271715]}"
1804,98.3207,-0.030555725,120.0,7.127868,0,0.013561887,0.9044194,30.0,0.80070627,-0.69361705,3.680888,0.6947518034401576,"{""geodesic"":false,""type"":""Point"",""coordinates"":[-75.70592524725845,8.895880595792915]}"
1805,0.0,2.2866497,5007.125,25.862566,0,0.008455698,0.7137586,30.0,0.5143464,-0.56378603,0.7184787,0.13557626365460884,"{""geodesic"":false,""type"":""Point"",""coordinates"":[-76.02789390996894,8.505522931635142]}"
1806,0.0,-1.8072815,1390228.5,187.88129,0,0.009170278,86.02315,10.0,0.68546194,-0.65842247,20.309584,0.5584979517856924,"{""geodesic"":false,""type"":""Point"",""coordinates"":[-76.17413477538828,8.559098719727299]}"
1809,0.0,0.9216194,8580.0,32.581165,0,0.96295,3.1651175,30.0,0.6618524,-0.6371791,3.1379468,0.3927876764435888,"{""geodesic"":false,""type"":""Point"",""coordinates"":[-75.92535708525514,9.031873824800854]}"
1811,9.437562,2.3757553,9948.11,47.986305,0,0.13446656,4.1704955,30.0,0.4058096,-0.5133127,3.8444095,0.5520983327176833,"{""geodesic"":false,""type"":""Point"",""coordinates"":[-75.48802386978703,8.974648242553004]}"
1813,0.0,0.58991814,5595.221,24.563467,0,0.029687209,0.4028842,30.0,0.62074643,-0.58806133,0.9855296,0.5537502236729069,"{""geodesic"":false,""type"":""Point"",""coordinates"":[-76.02902028577806,8.519085832777021]}"
1815,0.0,2.2565937,8839.773,27.109194,0,0.0134276785,6.4874687,30.0,0.50583655,-0.54139405,0.6437389,0.5555531021389029,"{""geodesic"":false,""type"":""Point"",""coordinates"":[-75.98021610047341,8.827702046934991]}"
1816,48.455677,-8.938194,1390228.5,67.0269,0,0.008440084,14.900051,30.0,0.69167125,-0.5953186,13.24363,0.061075300085609796,"{""geodesic"":false,""type"":""Point"",""coordinates"":[-76.00661176855083,9.199058887256923]}"
1818,92.06047,2.777916,10409.352,68.57483,0,0.045350436,12.592596,30.0,0.4405725,-0.51134324,4.717619,0.26974812400737846,"{""geodesic"":false,""type"":""Point"",""coordinates"":[-75.48422363082533,8.990119834192653]}"
1820,0.005165185,-13.256508,1390228.5,109.73002,0,0.008652158,18.580412,30.0,0.6539535,-0.62572384,11.318428,0.03383539714001538,"{""geodesic"":false,""type"":""Point"",""coordinates"":[-76.18077711364364,8.503189875815902]}"
1821,1.9910505,-2.04673,1390228.5,64.18377,0,0.012787839,5.7787924,30.0,0.50690335,-0.5708044,2.1806376,0.38268564793422377,"{""geodesic"":false,""type"":""Point"",""coordinates"":[-76.03403359245863,8.856859398443593]}"
1822,0.0,-0.6874008,1390228.5,73.67151,0,0.010075211,12.012163,30.0,0.41504914,-0.54358906,1.7389685,0.351159361638667,"{""geodesic"":false,""type"":""Point"",""coordinates"":[-75.96310814931833,8.96150586850121]}"
1824,42.40748,-4.710272,4549.3296,13.330138,0,0.0093573835,0.8235526,30.0,0.57683134,-0.5522388,1.7573948,0.29597466485472124,"{""geodesic"":false,""type"":""Point"",""coordinates"":[-75.81107003896625,8.941792262211214]}"
1826,0.0,1.1576157,9393.642,59.393127,0,0.013906962,15.765827,30.0,0.29846844,-0.3033371,2.5276222,0.13938803390365906,"{""geodesic"":false,""type"":""Point"",""coordinates"":[-76.05452010933081,8.77025389903516]}"
1831,0.0,-7.6749725,1390228.5,86.42868,0,0.016646996,7.133711,30.0,0.6531896,-0.6531896,10.948844,0.10996243695284147,"{""geodesic"":false,""type"":""Point"",""coordinates"":[-76.02247658686855,9.11328058201819]}"
1832,0.0,0.0,1961.0457,3.0,0,0.08673415,0.0,90.0,0.62244254,-0.50175714,0.0,0.18518892147956945,"{""geodesic"":false,""type"":""Point"",""coordinates"":[-75.75727653052492,9.184474276670459]}"
1833,0.0,-16.363602,1390228.5,110.11323,0,0.017146735,32.420334,30.0,0.5596462,-0.5986278,6.283349,0.6082344403129913,"{""geodesic"":false,""type"":""Point"",""coordinates"":[-76.00771421577404,9.105725050074975]}"
1835,0.0,0.26839638,6211.8115,8.897072,0,0.008446134,0.43326002,30.0,0.558434,-0.5471753,1.2680197,0.5428356973988163,"{""geodesic"":false,""type"":""Point"",""coordinates"":[-75.79468723696242,8.936943830377249]}"
1838,4.5414395,3.9165497,9858.367,70.74891,0,0.014960519,6.938376,30.0,0.5406954,-0.5605728,11.720728,0.5485347558512106,"{""geodesic"":false,""type"":""Point"",""coordinates"":[-75.63935803176656,8.741337469756916]}"
1839,0.0,-1.7965698,1390228.5,38.072777,0,0.0425763,4.537724,30.0,0.5391439,-0.5815861,3.118558,0.08936767733752282,"{""geodesic"":false,""type"":""Point"",""coordinates"":[-75.99324444059575,9.203436920190995]}"
1840,0.0,0.5203247,930.48376,20.681238,0,1.2165302,0.012910356,30.0,0.82286847,-0.7201663,0.62967175,0.19569667244542022,"{""geodesic"":false,""type"":""Point"",""coordinates"":[-75.94170375620311,8.589308858674515]}"
1841,0.0,1.7167549,3369.8962,33.090366,0,0.23927797,0.54315686,10.0,0.7911984,-0.69134384,2.1328907,0.5685647399551944,"{""geodesic"":false,""type"":""Point"",""coordinates"":[-75.55966089200746,9.06191815314902]}"
1845,0.0,-0.15926075,551.5433,11.475335,0,0.011703686,1.4198714,30.0,0.75929976,-0.70113724,0.26871565,0.3072511546952945,"{""geodesic"":false,""type"":""Point"",""coordinates"":[-75.86466430213326,8.873297363877072]}"
1846,0.0,10.682037,1390228.5,109.39324,0,0.01387413,26.429077,30.0,0.8010484,-0.7093106,4.7357407,0.3694759328312147,"{""geodesic"":false,""type"":""Point"",""coordinates"":[-76.00706509107219,8.970342137001168]}"
1848,0.0,1.8080921,4645.7397,21.289223,0,3.1498697,0.51614696,30.0,0.80246913,-0.67687595,0.4692677,0.3573937450997101,"{""geodesic"":false,""type"":""Point"",""coordinates"":[-76.00650200394692,8.763602016032221]}"
1849,0.0,1.0177212,2762.933,26.062551,0,0.044762474,5.927803,30.0,0.5716263,-0.5528205,3.1338491,0.2242196260681324,"{""geodesic"":false,""type"":""Point"",""coordinates"":[-76.05248968285798,8.629176762762622]}"
1852,0.0,3.3790894,1390228.5,23.575853,0,0.016590284,10.764645,30.0,0.4548047,-0.5298351,5.9231906,0.35631681013919303,"{""geodesic"":false,""type"":""Point"",""coordinates"":[-75.96236796089632,9.195652586180463]}"
1854,0.0,7.7463017,5970.0,28.218895,0,0.024109574,4.4953218,30.0,0.5428734,-0.54726654,1.6546081,0.6641002380449359,"{""geodesic"":false,""type"":""Point"",""coordinates"":[-76.0580587433738,8.670943692203789]}"
1855,0.0,-16.433933,1442.4978,43.141117,0,0.06294005,21.78603,30.0,0.48891553,-0.5268817,12.38764,0.0642686777350826,"{""geodesic"":false,""type"":""Point"",""coordinates"":[-75.92586632799443,8.690279702430876]}"
1856,0.0,-5.1702766,6318.544,34.986874,0,0.009437507,3.8254917,30.0,0.6276202,-0.5578285,2.3118176,0.2864978013177232,"{""geodesic"":false,""type"":""Point"",""coordinates"":[-75.92112510173699,8.977349333446778]}"
1857,0.0,0.3077407,1390228.5,3.5748065,0,0.27449945,0.44746244,40.0,0.7367593,-0.65310705,0.086758465,0.3170428969893211,"{""geodesic"":false,""type"":""Point"",""coordinates"":[-76.02851056263948,9.311860887563897]}"
1858,0.0,-1.0752535,108.16654,14.027383,0,1.7535484,0.0,90.0,0.78012687,-0.70273006,0.14338723,0.4895643035242919,"{""geodesic"":false,""type"":""Point"",""coordinates"":[-75.92331422863322,8.761372480879176]}"
1861,0.0,6.117073,1390228.5,125.343666,0,0.02549667,14.315086,10.0,0.49965408,-0.52497536,23.582626,0.13376981922976483,"{""geodesic"":false,""type"":""Point"",""coordinates"":[-75.68160182071608,8.573304870737514]}"
1862,0.0,-8.582542,1390228.5,107.38128,0,0.008797319,35.25675,30.0,0.38360575,-0.41730085,5.1229267,0.2528897360122855,"{""geodesic"":false,""type"":""Point"",""coordinates"":[-75.97200942259568,9.024970394849442]}"
1863,0.0,-5.516281,1390228.5,143.0152,0,0.00845103,36.58904,10.0,0.7798212,-0.70034164,21.505804,0.6401442061668938,"{""geodesic"":false,""type"":""Point"",""coordinates"":[-76.12090995511063,8.718514457027927]}"
1864,11.702616,-0.0033340454,1390228.5,34.31605,0,0.03047729,3.3154013,30.0,0.52879214,-0.4954491,3.0310774,0.5617113446257589,"{""geodesic"":false,""type"":""Point"",""coordinates"":[-75.5698467045579,9.116170147182954]}"
1865,0.0,-0.6786823,5053.9985,32.324017,0,3.2683144,0.19840784,30.0,0.39684466,-0.48900387,1.3823713,0.6408417556545964,"{""geodesic"":false,""type"":""Point"",""coordinates"":[-76.09152361324657,8.55093006007388]}"
1866,0.0,-7.6526184,1390228.5,87.41552,0,0.008655993,41.32223,10.0,0.4447965,-0.39269352,3.220051,0.47648750222307734,"{""geodesic"":false,""type"":""Point"",""coordinates"":[-75.79070882690127,8.60430023959939]}"
1867,0.0,-0.14807081,1049.5713,4.6047673,0,0.011390412,0.3530881,30.0,0.5871436,-0.5530991,0.17074087,0.3997927558913652,"{""geodesic"":false,""type"":""Point"",""coordinates"":[-75.70186481607311,9.054618411377104]}"
1868,0.0,0.22127867,60.0,5.0010395,0,0.021494588,0.31165904,30.0,0.57480514,-0.58416593,0.2741517,0.3107319656391171,"{""geodesic"":false,""type"":""Point"",""coordinates"":[-75.68559789170705,8.96863636317861]}"
1869,0.0,-0.23843956,4686.15,26.663177,0,2.9001832,0.8528143,30.0,0.5693044,-0.59360206,0.66162014,0.5276780582195244,"{""geodesic"":false,""type"":""Point"",""coordinates"":[-75.53423260997678,9.03373672190032]}"
1870,0.0,19.938385,10642.181,182.6286,0,0.052796654,74.67827,10.0,0.8492945,-0.75598633,11.021632,0.5115609070463404,"{""geodesic"":false,""type"":""Point"",""coordinates"":[-76.12652593670462,8.68160013662197]}"
1871,295.50763,1.238533,4862.3145,7.896018,0,0.0142570995,1.6680685,10.0,0.6151868,-0.5622531,6.337688,0.23674728261031008,"{""geodesic"":false,""type"":""Point"",""coordinates"":[-75.79095801446475,8.979007729503016]}"
1872,0.0,3.6515884,1390228.5,81.081116,0,0.020707184,7.3855314,30.0,0.45575222,-0.50779104,2.8529727,0.36994095921767833,"{""geodesic"":false,""type"":""Point"",""coordinates"":[-75.48037540377102,9.174637681975268]}"
1875,0.0,-0.8201828,4083.9688,35.980984,0,0.022066634,7.686804,30.0,0.5232334,-0.51905674,0.35449085,0.21427482019236943,"{""geodesic"":false,""type"":""Point"",""coordinates"":[-75.87802605169006,8.638026835321153]}"
1876,0.0,4.626562,1272.7922,28.789047,0,0.029632138,2.405655,30.0,0.82451993,-0.7208136,0.48625073,0.3627029041524059,"{""geodesic"":false,""type"":""Point"",""coordinates"":[-76.0839863415717,8.584322642387212]}"
1877,0.0,-5.6495256,4780.9307,5.6311407,0,0.2844184,0.018303197,90.0,0.7983893,-0.75453806,3.1998172,0.5485117617732008,"{""geodesic"":false,""type"":""Point"",""coordinates"":[-75.96615939374446,9.284361577750321]}"
1879,0.0,2.4698486,1390228.5,85.11903,0,0.015468088,3.240541,30.0,0.41983372,-0.511378,7.241801,0.6009684075331749,"{""geodesic"":false,""type"":""Point"",""coordinates"":[-76.19903931432178,8.504219249122203]}"
1880,0.0,2.0289917,1390228.5,135.58907,0,0.044056848,16.836515,10.0,0.625897,-0.57661974,8.344417,0.2738019835275748,"{""geodesic"":false,""type"":""Point"",""coordinates"":[-75.46516043686073,9.233267260424205]}"
1881,0.0,0.6152525,5084.978,15.478144,0,0.012426337,1.2831557,30.0,0.45215312,-0.44371036,0.3495866,0.12887563969299265,"{""geodesic"":false,""type"":""Point"",""coordinates"":[-75.75789190039008,8.689836800262096]}"
1882,0.0,-0.15646744,9198.706,11.838723,0,0.008448063,0.98331743,30.0,0.49616858,-0.54297006,0.20369981,0.5584932201048233,"{""geodesic"":false,""type"":""Point"",""coordinates"":[-75.62263260250788,8.851529482371939]}"
1883,66.095085,-2.4500542,8461.33,54.795753,0,0.009605863,14.72201,30.0,0.4766152,-0.576039,2.3713741,0.26116639059013125,"{""geodesic"":false,""type"":""Point"",""coordinates"":[-75.95428574609821,8.926800097326076]}"
1884,0.0,-0.81310844,5515.433,11.802286,0,0.022630125,0.55016834,30.0,0.7257007,-0.63042253,0.7507021,0.11510310812978697,"{""geodesic"":false,""type"":""Point"",""coordinates"":[-75.80045835175427,8.830027782360258]}"
1885,48.34034,-8.723297,1390228.5,76.129555,0,0.008631343,22.67642,30.0,0.7845264,-0.6649427,12.921304,0.4986932249345837,"{""geodesic"":false,""type"":""Point"",""coordinates"":[-75.96391057561189,9.05836352178356]}"
1886,0.32316303,7.7150116,1390228.5,38.05292,0,0.023097293,7.155384,30.0,0.5737904,-0.56218004,1.8402262,0.5044797770839711,"{""geodesic"":false,""type"":""Point"",""coordinates"":[-75.56661036436572,9.141409646946789]}"
1889,0.0,4.571528,4111.7515,5.8564906,0,0.19993915,0.8976391,10.0,0.80253166,-0.70399296,0.8353326,0.17864644818364372,"{""geodesic"":false,""type"":""Point"",""coordinates"":[-75.65956224059781,8.907361711735799]}"
1890,0.0,-0.37989426,2551.5876,24.885414,0,0.012863865,0.41629332,30.0,0.7228504,-0.69040245,0.8779985,0.09010266068209505,"{""geodesic"":false,""type"":""Point"",""coordinates"":[-76.00633444133372,8.49445518848851]}"
1891,0.0,1.2960248,270.0,5.122428,0,0.014573876,2.806545,40.0,0.5662494,-0.5309114,0.9173308,0.05294985524470408,"{""geodesic"":false,""type"":""Point"",""coordinates"":[-75.82063012925113,9.186506496127135]}"
1893,0.0,-0.014464855,960.4686,4.739328,0,0.013499867,1.891217,30.0,0.41657794,-0.49382517,0.46085685,0.12281776383873255,"{""geodesic"":false,""type"":""Point"",""coordinates"":[-75.74165819770626,9.158459149646397]}"
1894,0.0,-1.9781609,6909.385,22.949444,0,2.7817302,2.089264,30.0,0.74503505,-0.67148876,3.8998923,0.5450263262527686,"{""geodesic"":false,""type"":""Point"",""coordinates"":[-75.80230742616043,9.294805834106356]}"
1895,0.0,-0.06987095,4150.5303,4.572695,0,0.008443795,0.49811044,30.0,0.61069876,-0.57089365,0.93564135,0.6052253716027715,"{""geodesic"":false,""type"":""Point"",""coordinates"":[-75.73076794679321,9.039367349784792]}"
1896,0.0,2.0614128,5224.6533,31.347813,0,0.030357614,13.169135,30.0,0.5858896,-0.56761676,2.078261,0.18431145982091024,"{""geodesic"":false,""type"":""Point"",""coordinates"":[-75.84521011812903,9.303117786825375]}"
1898,0.0,12.490219,8318.281,107.104515,0,0.019337323,52.168694,10.0,0.8615752,-0.7772152,2.7280874,0.6275959601264772,"{""geodesic"":false,""type"":""Point"",""coordinates"":[-76.13428682155956,8.541040018375911]}"
1899,0.0,0.8970003,2015.366,6.187426,0,0.2044975,0.0070973625,30.0,0.61525375,-0.57353956,2.1225145,0.008634890859011368,"{""geodesic"":false,""type"":""Point"",""coordinates"":[-75.8244834006303,8.96075552783402]}"
1901,618.46674,2.726654,1390228.5,46.62497,0,0.009681491,4.6750827,30.0,0.5658637,-0.54817635,1.6401744,0.3221001273695602,"{""geodesic"":false,""type"":""Point"",""coordinates"":[-75.54991327034308,9.11403010714913]}"
1902,0.0,-0.06944656,4355.066,49.640575,0,0.008446141,20.136328,30.0,0.6431404,-0.6479321,0.7267116,0.045561291390988856,"{""geodesic"":false,""type"":""Point"",""coordinates"":[-75.91638405971004,8.936663114208017]}"
1903,0.0,-3.0795517,10931.203,45.97876,0,0.039515235,7.5354505,30.0,0.4936377,-0.47378138,3.874723,0.4785690708142074,"{""geodesic"":false,""type"":""Point"",""coordinates"":[-75.61141230885818,8.830383438817629]}"
1904,0.0,-6.6445427,1390228.5,63.34563,0,0.012569301,8.630627,30.0,0.49141914,-0.4931439,8.103334,0.2114946512715784,"{""geodesic"":false,""type"":""Point"",""coordinates"":[-75.81061788709664,8.607786130356557]}"
1905,0.0,8.547375,12627.541,47.29808,0,0.029793534,9.244135,30.0,0.51303667,-0.47205797,3.076235,0.5654703514732731,"{""geodesic"":false,""type"":""Point"",""coordinates"":[-75.80463673932105,8.615667334380193]}"
1907,3.5665643,-0.058517456,1390228.5,157.66382,0,0.018510649,35.203465,10.0,0.60546815,-0.58680284,17.873991,0.09338806717058246,"{""geodesic"":false,""type"":""Point"",""coordinates"":[-75.58320310307032,8.75960802768977]}"
1908,0.0,0.22903633,2248.3994,10.670418,0,13.366236,0.32261816,30.0,0.5385544,-0.5181656,0.36723194,0.5302575958629371,"{""geodesic"":false,""type"":""Point"",""coordinates"":[-75.68691046842825,8.794165038986785]}"
1909,15.840095,1.7047219,1994.4924,6.0135255,0,0.9170409,0.046880487,30.0,0.50020754,-0.5328715,0.86241925,0.46824501271188257,"{""geodesic"":false,""type"":""Point"",""coordinates"":[-75.72860009668874,8.91048892834693]}"
1910,0.0,0.04967165,2118.3484,5.493213,0,0.19168362,0.8115534,30.0,0.6041667,-0.58581233,0.48968098,0.027311103006450788,"{""geodesic"":false,""type"":""Point"",""coordinates"":[-75.70282488446472,8.986512019481863]}"
1911,0.0,14.210442,8743.392,68.88969,0,0.5018749,3.3355324,30.0,0.80260956,-0.7093909,8.69704,0.6737167277791777,"{""geodesic"":false,""type"":""Point"",""coordinates"":[-75.83526810270031,8.65955746997057]}"
1913,0.0,1.0558653,4910.4785,11.555811,0,0.21658099,0.2332138,30.0,0.37470424,-0.34166053,0.35524696,0.3627286128419791,"{""geodesic"":false,""type"":""Point"",""coordinates"":[-75.81944415177402,8.780333608877028]}"
1915,0.0,1.2842598,4910.5703,18.19677,0,0.020175833,0.57960767,30.0,0.53583425,-0.58234787,0.29776758,0.3924518329328992,"{""geodesic"":false,""type"":""Point"",""coordinates"":[-75.99562194510739,8.774483501480915]}"
1916,0.0,0.29813385,1390228.5,64.65514,0,0.0708155,4.3426948,30.0,0.53309184,-0.5389192,1.2160449,0.3843315804911186,"{""geodesic"":false,""type"":""Point"",""coordinates"":[-75.46885412100981,9.134494225459505]}"
1917,0.0,-7.658539,1390228.5,89.92856,0,0.011935816,12.133935,30.0,0.8293234,-0.72304994,9.545256,0.2274168129179509,"{""geodesic"":false,""type"":""Point"",""coordinates"":[-75.99671651869156,8.977966979343456]}"
1918,0.0,-0.14788914,3615.0933,12.588979,0,0.3320451,0.025956307,30.0,0.63523954,-0.6010896,0.12644646,0.08721165358756688,"{""geodesic"":false,""type"":""Point"",""coordinates"":[-75.88202415357634,8.715617031604195]}"
1919,0.0,1.5468903,1390228.5,78.77227,0,0.25463635,8.800789,30.0,0.72636616,-0.70014405,10.0690565,0.2230677225120571,"{""geodesic"":false,""type"":""Point"",""coordinates"":[-75.96546294587012,9.026344234303192]}"
1921,0.0,14.637268,1390228.5,82.014626,0,0.008436928,38.12585,10.0,0.670518,-0.62045085,8.699103,0.4076047907333288,"{""geodesic"":false,""type"":""Point"",""coordinates"":[-75.75923391425036,9.333156879614592]}"
1923,36.308773,-2.7164574,1171.5375,18.831316,0,0.009098472,1.8723949,30.0,0.60963684,-0.60347825,2.0798087,0.2986036460879955,"{""geodesic"":false,""type"":""Point"",""coordinates"":[-75.96492491228288,8.715958206217405]}"
1924,0.0,3.1328735,1390228.5,79.72622,0,0.2640783,5.4342003,30.0,0.6110082,-0.5878978,10.270723,0.5540761634065635,"{""geodesic"":false,""type"":""Point"",""coordinates"":[-76.02275574504378,9.115450275125323]}"
1926,0.0,4.29677,6286.629,20.873106,0,0.016061042,2.0513096,30.0,0.76752967,-0.6831022,0.091060646,0.5495753811319231,"{""geodesic"":false,""type"":""Point"",""coordinates"":[-75.90100174169022,9.005887656668044]}"
1928,30.123413,-0.7898102,11244.999,49.813145,0,0.32842547,3.0611207,30.0,0.4314649,-0.4985207,6.807134,0.15339330547030228,"{""geodesic"":false,""type"":""Point"",""coordinates"":[-75.95693414704765,9.103691483022674]}"
1929,0.0,-0.21870422,1390228.5,61.644855,0,0.48097834,1.6873357,30.0,0.52152383,-0.50206846,5.5528245,0.4091292884916864,"{""geodesic"":false,""type"":""Point"",""coordinates"":[-76.0316299680008,8.875315283692872]}"
1930,0.0,2.069991,737.9024,4.8553944,0,0.03425723,1.1237062,30.0,0.43458396,-0.47333997,0.18101098,0.12341544174473262,"{""geodesic"":false,""type"":""Point"",""coordinates"":[-75.63217081364459,9.00400542246403]}"
1932,0.0,-7.9763346,582.4946,19.309483,0,0.009570592,0.5534378,10.0,0.83631855,-0.7449594,1.8462217,0.07004876965904905,"{""geodesic"":false,""type"":""Point"",""coordinates"":[-75.91818237156994,8.781734172839887]}"
1933,28.714003,3.8685837,1390228.5,76.12804,0,0.018626668,23.225067,30.0,0.43783948,-0.5022068,5.2392035,0.5937672782446554,"{""geodesic"":false,""type"":""Point"",""coordinates"":[-75.53554982499226,9.18514238939241]}"
1934,0.0,2.8126068,6661.081,20.645557,0,0.028688047,1.0221105,30.0,0.6510105,-0.59911776,5.0248775,0.6068409474453014,"{""geodesic"":false,""type"":""Point"",""coordinates"":[-75.90384812013504,9.161617890024614]}"
1935,0.0,-3.0605583,12972.841,64.96009,0,0.018514944,8.111666,40.0,0.4266908,-0.4828117,3.7881608,0.4025919478501193,"{""geodesic"":false,""type"":""Point"",""coordinates"":[-75.4778191050526,9.100564796009978]}"
1936,0.0,12.456261,1390228.5,100.61756,0,0.19517322,3.2414038,10.0,0.7450277,-0.6814326,2.8211443,0.19965875144362966,"{""geodesic"":false,""type"":""Point"",""coordinates"":[-76.19917552069032,8.460267761943788]}"
1937,0.0,-1.1755714,7682.109,47.081608,0,0.022525474,9.557571,30.0,0.47197157,-0.54951066,3.3236673,0.439909535094553,"{""geodesic"":false,""type"":""Point"",""coordinates"":[-75.50694358779424,9.038388238944894]}"
1938,1349.3096,-1.7265921,42.426407,7.4027634,0,0.008439325,6.008564,30.0,0.48212448,-0.4736688,3.0178347,0.46559963454148623,"{""geodesic"":false,""type"":""Point"",""coordinates"":[-75.8174569841222,9.231553348633035]}"
1942,0.0,-1.1952801,8938.037,23.256151,0,0.4421068,2.4466667,30.0,0.31286436,-0.44647446,2.2693276,0.27775832146657276,"{""geodesic"":false,""type"":""Point"",""coordinates"":[-75.6079126487827,8.858879859734753]}"
1943,57.074165,-0.99463177,3555.981,10.427742,0,0.014362533,0.777998,30.0,0.72235674,-0.63922673,1.5688848,0.4553836453007707,"{""geodesic"":false,""type"":""Point"",""coordinates"":[-75.75410623042517,8.840977101311214]}"
1944,72.304504,5.3267164,30.0,9.506866,0,0.008443806,1.0952946,30.0,0.7528977,-0.6705053,2.2696266,0.11036853412107128,"{""geodesic"":false,""type"":""Point"",""coordinates"":[-75.8451309158503,9.038850377646513]}"
1945,0.0,-0.39156246,4562.4663,6.6802864,0,0.015635435,0.31951433,30.0,0.4108888,-0.4502551,0.24690853,0.04316197231506547,"{""geodesic"":false,""type"":""Point"",""coordinates"":[-75.75287383987117,8.905556619819087]}"
1946,2666.5115,1.6815224,228.47319,17.166887,0,0.0084502855,2.600373,50.0,0.13242479,-0.16662252,0.7097032,0.20759732316722102,"{""geodesic"":false,""type"":""Point"",""coordinates"":[-75.89683799985131,8.75248251011374]}"
1947,0.0,-10.575018,1092.0165,35.18743,0,0.008452654,8.989979,30.0,0.420059,-0.51003766,4.602917,0.40045658396088035,"{""geodesic"":false,""type"":""Point"",""coordinates"":[-75.93311749022055,8.64522240922322]}"
1949,0.0,-1.6704826,3415.9187,12.368239,0,0.027256163,0.36869887,30.0,0.76960045,-0.64744985,2.1079602,0.38922751964528257,"{""geodesic"":false,""type"":""Point"",""coordinates"":[-75.81497678268686,8.732860553993474]}"
1950,0.0,3.9960098,5706.7065,109.83435,0,0.016683297,72.20897,30.0,0.43293774,-0.502045,18.274948,0.3209513183989361,"{""geodesic"":false,""type"":""Point"",""coordinates"":[-75.66912748215213,8.764621185117548]}"
1952,0.0,-4.1218376,7241.0083,39.306805,0,0.03627518,7.9031677,30.0,0.40468478,-0.5141015,2.1586392,0.1737376350823412,"{""geodesic"":false,""type"":""Point"",""coordinates"":[-75.9317545721972,8.972167610060817]}"
1953,290.42914,-2.5272503,5836.0605,25.505774,0,0.016129123,9.870561,30.0,0.37233055,-0.4765235,0.47401717,0.36758972519387323,"{""geodesic"":false,""type"":""Point"",""coordinates"":[-75.89700742483073,9.155665892126136]}"
1954,0.0,-0.3958435,4208.7764,51.347794,0,0.008446177,23.72296,30.0,0.7288218,-0.6873367,1.7105714,0.49707367988222584,"{""geodesic"":false,""type"":""Point"",""coordinates"":[-75.91528856379216,8.935037896378763]}"
1955,0.0,-8.398224,1390228.5,95.81502,0,0.027485417,49.2013,30.0,0.42889327,-0.4351577,20.693829,0.5339264287185654,"{""geodesic"":false,""type"":""Point"",""coordinates"":[-75.59747596974452,8.815753466821315]}"
1957,0.0,-10.427597,1390228.5,189.78589,0,0.016250148,39.643295,30.0,0.79857254,-0.69802845,13.143799,0.581580688623299,"{""geodesic"":false,""type"":""Point"",""coordinates"":[-76.1897962410537,8.422856413227962]}"
1958,0.0,-0.44086838,8466.806,34.276577,0,0.017560422,3.1919954,30.0,0.5760518,-0.6002191,0.6306556,0.06734826769462232,"{""geodesic"":false,""type"":""Point"",""coordinates"":[-75.52888331040332,8.921137548729341]}"
1959,5.5897336,2.3762665,1390228.5,95.26791,0,0.06667424,11.742068,30.0,0.40554023,-0.46476945,5.8667364,0.09775381937526373,"{""geodesic"":false,""type"":""Point"",""coordinates"":[-75.44897817459922,9.178748159049974]}"
1960,0.0,0.98347473,5730.314,33.78045,0,0.112200074,6.203599,30.0,0.6950745,-0.61860824,1.3669809,0.5633107994824158,"{""geodesic"":false,""type"":""Point"",""coordinates"":[-75.67811291411626,8.756193694177817]}"
1961,0.0,-21.098389,1390228.5,193.16927,0,0.008453291,71.80463,10.0,0.4663915,-0.48877582,14.83174,0.4915303678852281,"{""geodesic"":false,""type"":""Point"",""coordinates"":[-75.66123036737822,8.616212197730187]}"
1963,0.0,-3.0344076,84.85281,13.846048,0,0.009558177,2.344718,30.0,0.5635373,-0.5691734,4.187385,0.24016750096608952,"{""geodesic"":false,""type"":""Point"",""coordinates"":[-75.75178190932938,8.77070649105323]}"
1964,23.221037,3.63665,1390228.5,38.667774,0,0.014811199,1.9016215,30.0,0.58247656,-0.5728673,0.39169684,0.6999895326260354,"{""geodesic"":false,""type"":""Point"",""coordinates"":[-75.5339919461359,8.868761051315266]}"
1965,75.40056,-5.1910706,1390228.5,136.23979,0,0.009256099,18.643507,30.0,0.7274316,-0.6723992,6.7672353,0.024262968867880597,"{""geodesic"":false,""type"":""Point"",""coordinates"":[-76.0758649310574,8.88929848598959]}"
1967,0.0,-14.845352,1390228.5,47.009254,0,0.010559514,12.868752,10.0,0.6906792,-0.59633535,6.6187253,0.11919693479526816,"{""geodesic"":false,""type"":""Point"",""coordinates"":[-75.97024579696178,9.180709285878752]}"
1968,0.0,-1.1871338,10949.795,97.10812,0,0.008450031,30.014315,30.0,0.3719267,-0.44355598,10.508054,0.41323607061051437,"{""geodesic"":false,""type"":""Point"",""coordinates"":[-76.07277389933468,8.763691042739948]}"
1972,3722.3447,0.12868118,484.66483,18.556416,0,0.009389421,1.7692728,60.0,0.15023041,-0.18256475,1.3178327,0.3476563910166298,"{""geodesic"":false,""type"":""Point"",""coordinates"":[-75.88266718606472,8.757128357652089]}"
1973,0.0,0.84958553,4599.304,9.61394,0,0.99275947,1.0172272,30.0,0.7230481,-0.6104644,0.24993646,0.3052863193705352,"{""geodesic"":false,""type"":""Point"",""coordinates"":[-75.88875852654004,9.021382729691792]}"
1975,0.0,0.48317242,3434.8362,8.152323,0,0.19849113,0.42571712,30.0,0.4186428,-0.47862583,0.26750207,0.14424868734937302,"{""geodesic"":false,""type"":""Point"",""coordinates"":[-75.73194410221144,8.94548426246894]}"
1976,0.0,2.6316223,1390228.5,330.63364,0,0.078213915,162.53539,10.0,0.7684855,-0.67374516,26.046581,0.12605867209698896,"{""geodesic"":false,""type"":""Point"",""coordinates"":[-76.16724437938736,8.443814683931869]}"
1977,0.0,8.079571,12167.506,41.013477,0,0.74092954,1.470901,30.0,0.6449254,-0.5691964,1.8109646,0.37424030195394475,"{""geodesic"":false,""type"":""Point"",""coordinates"":[-75.95409301497898,9.164473442190914]}"
1979,0.0,-2.7721462,2566.8853,20.981745,0,0.012696282,1.0645858,30.0,0.7934194,-0.71622163,2.4135072,0.03663120183264468,"{""geodesic"":false,""type"":""Point"",""coordinates"":[-75.99790423930831,8.60626053359269]}"
1980,0.0,0.51637745,3757.193,13.874922,0,6.9495664,0.038877312,30.0,0.5510057,-0.55323744,0.36107892,0.3020329131357482,"{""geodesic"":false,""type"":""Point"",""coordinates"":[-75.92136411070773,8.854983273672874]}"
1981,0.0,1.5698624,1390228.5,110.3286,0,0.016333235,26.710888,10.0,0.82019913,-0.7437994,11.919233,0.09362529992279245,"{""geodesic"":false,""type"":""Point"",""coordinates"":[-75.5368111232464,8.742581998963557]}"
1983,0.0,-39.657166,1390228.5,189.89044,0,0.00845138,67.99482,30.0,0.6401384,-0.57693374,4.597197,0.13548403068447368,"{""geodesic"":false,""type"":""Point"",""coordinates"":[-76.11813559428634,8.702515504586367]}"
1986,0.0,-0.2204547,7331.61,5.0435553,0,27.607685,1.2077011,30.0,0.4069073,-0.43808892,0.11510119,0.2727256595778059,"{""geodesic"":false,""type"":""Point"",""coordinates"":[-75.63890164115597,9.106287387226104]}"
1987,0.0,-1.1927071,6454.1846,25.805798,0,0.012154507,5.0543127,30.0,0.5280397,-0.5805955,0.9992237,0.44346126807332586,"{""geodesic"":false,""type"":""Point"",""coordinates"":[-76.00138352399244,8.787220120453142]}"
1988,0.0,-0.49378586,1390228.5,55.80092,0,0.015078921,9.882335,30.0,0.68024886,-0.5991711,3.0138402,0.2640973114685635,"{""geodesic"":false,""type"":""Point"",""coordinates"":[-75.95831904861761,8.90399903243177]}"
1989,62.94778,-8.481583,1390228.5,103.79373,0,0.008446453,20.799133,30.0,0.31131825,-0.45293596,0.4598636,0.00316216939508962,"{""geodesic"":false,""type"":""Point"",""coordinates"":[-76.00011353969957,8.922881084112943]}"
1990,0.0,-0.094184875,10443.836,74.82419,0,0.008444043,19.694572,30.0,0.32555085,-0.42337826,4.564791,0.09039636715631105,"{""geodesic"":false,""type"":""Point"",""coordinates"":[-75.48209094773125,9.028382045480999]}"
1991,0.0,0.22207737,1279.1404,14.0394,0,0.008448417,0.58896744,30.0,0.55379456,-0.5533211,1.9382244,0.3268328034989345,"{""geodesic"":false,""type"":""Point"",""coordinates"":[-75.87385097502798,8.835561865610115]}"
1993,121.395966,-11.428177,1390228.5,127.99421,0,0.008453108,29.824942,10.0,0.68593526,-0.66326135,18.401268,0.06743313812896368,"{""geodesic"":false,""type"":""Point"",""coordinates"":[-75.6658799877535,8.624615725994717]}"
1995,0.0,0.76148987,1586.6001,6.697456,0,0.010262392,0.77407044,30.0,0.58686566,-0.54332995,0.7575201,0.2934707662875451,"{""geodesic"":false,""type"":""Point"",""coordinates"":[-75.68982092164212,8.892383402357607]}"
1996,0.0,-2.6662788,2925.423,13.386901,0,39.676304,0.82783115,30.0,0.4503294,-0.4960587,1.7790673,0.1634833663731563,"{""geodesic"":false,""type"":""Point"",""coordinates"":[-75.88233990031009,9.075391116582603]}"
1997,0.0,-0.99422455,8608.118,68.44444,0,0.008450676,18.509764,30.0,0.45849895,-0.56380045,2.4225008,0.1530480048223658,"{""geodesic"":false,""type"":""Point"",""coordinates"":[-75.95433092664446,8.944164307357404]}"
1999,0.0,0.0137729645,7120.688,24.691967,0,0.009231685,3.9775937,30.0,0.73095506,-0.6925872,2.237441,0.3599159862888833,"{""geodesic"":false,""type"":""Point"",""coordinates"":[-75.59675153083643,8.874092902701706]}"
2000,0.0,6.9830437,7789.493,46.31698,0,0.008451858,11.520958,30.0,0.51059204,-0.56808573,6.8317246,0.6885980428419128,"{""geodesic"":false,""type"":""Point"",""coordinates"":[-76.07390103963625,8.680937999314917]}"
2002,0.0,-5.582013,1739.4827,7.5945396,0,0.008440344,0.5456728,10.0,0.79558784,-0.71925133,3.044718,0.2944831497420166,"{""geodesic"":false,""type"":""Point"",""coordinates"":[-75.83783630652154,9.188094922758191]}"
2003,0.0,-2.8341675,1390228.5,114.14791,0,0.008439004,3.7017877,10.0,0.5605381,-0.6088967,1.6568327,0.355859731371833,"{""geodesic"":false,""type"":""Point"",""coordinates"":[-75.4438732012757,9.245504543111522]}"
2004,0.0,1.217907,1390228.5,39.547928,0,0.08323659,13.174556,30.0,0.39887798,-0.47741076,1.2238047,0.46229821122598747,"{""geodesic"":false,""type"":""Point"",""coordinates"":[-75.60337460824239,9.246357204870362]}"
2005,0.0,1.1915169,10843.454,39.242687,0,0.009106062,4.198252,30.0,0.56200844,-0.54703414,0.8663928,0.25620607252256244,"{""geodesic"":false,""type"":""Point"",""coordinates"":[-76.03228058110498,8.815082058842108]}"
2006,160.80156,-1.6300049,1390228.5,154.30858,0,0.009367095,48.896717,30.0,0.4973383,-0.5065736,6.4986534,0.6963472982577757,"{""geodesic"":false,""type"":""Point"",""coordinates"":[-75.45281662205312,9.190953755318588]}"
2007,0.0,-0.42460155,6131.533,6.570006,0,0.11280176,0.83685863,90.0,0.69517684,-0.6332094,0.2796068,0.6513458733487241,"{""geodesic"":false,""type"":""Point"",""coordinates"":[-75.91922784549894,9.196579026184816]}"
2008,0.0,-2.855568,4330.82,37.182507,0,0.011457737,7.7259107,10.0,0.5577421,-0.5415101,7.03535,0.07717218124393277,"{""geodesic"":false,""type"":""Point"",""coordinates"":[-75.757725016435,9.266685326232178]}"
2009,0.0,3.4587374,1260.0,7.0775356,0,0.58872145,0.17575851,30.0,0.56173074,-0.5850612,1.740371,0.15849830725468128,"{""geodesic"":false,""type"":""Point"",""coordinates"":[-75.82370941063287,8.98056407114115]}"
2011,0.0,-2.1462593,941.54126,8.250584,0,2.7287402,0.8458191,30.0,0.651908,-0.59814006,1.8512458,0.44908497219541976,"{""geodesic"":false,""type"":""Point"",""coordinates"":[-75.57428943542969,8.991075937491637]}"
2012,56.984043,-7.126282,4477.946,11.038004,0,0.016031377,1.1877927,30.0,0.62771815,-0.61880046,5.3507957,0.6705556901253882,"{""geodesic"":false,""type"":""Point"",""coordinates"":[-75.88122078653866,9.175510961665202]}"
2013,0.0,0.5413914,10309.006,30.790392,0,0.010899819,8.1192875,30.0,0.61975837,-0.55298126,0.15673402,0.1409685005472502,"{""geodesic"":false,""type"":""Point"",""coordinates"":[-75.9974007318998,8.82765677266526]}"
2014,0.0,4.1807833,2790.0,2.7591832,0,0.01303243,0.6575344,10.0,0.8218579,-0.68341327,2.037234,0.02911337803176295,"{""geodesic"":false,""type"":""Point"",""coordinates"":[-75.8972809342853,9.371090933225267]}"
2015,0.0,0.5794945,7455.2866,23.815702,0,0.028072402,4.1104374,30.0,0.47475025,-0.5107248,0.14911681,0.39750244404849044,"{""geodesic"":false,""type"":""Point"",""coordinates"":[-75.65176032484776,9.270692489694039]}"
2016,0.0,-2.1383858,5154.4155,27.718336,0,0.01017897,7.4063163,30.0,0.6729264,-0.6233865,1.2570891,0.34077107216679614,"{""geodesic"":false,""type"":""Point"",""coordinates"":[-75.90097063217566,9.103020225375415]}"
2018,0.0,3.8053436,1390228.5,54.120342,0,0.02496288,2.071479,30.0,0.5573184,-0.55032516,2.4691541,0.11984182037054647,"{""geodesic"":false,""type"":""Point"",""coordinates"":[-75.52649016220703,9.15232365661917]}"
2019,0.0,-2.6733685,6641.596,25.870995,0,0.008455377,3.7226446,30.0,0.5466201,-0.5676314,2.5767112,0.0738530088664695,"{""geodesic"":false,""type"":""Point"",""coordinates"":[-76.03883558641918,8.520416293115924]}"
2020,0.0,0.20269728,2266.142,4.7375875,0,0.018003212,1.3070692,30.0,0.4467965,-0.44863644,0.36154267,0.41479458479676456,"{""geodesic"":false,""type"":""Point"",""coordinates"":[-75.66418755956776,9.05007599235333]}"
2023,110.37655,0.75743675,5934.012,13.925057,0,0.008684217,1.4625479,10.0,0.7395229,-0.66153467,2.4846656,0.6072720819910246,"{""geodesic"":false,""type"":""Point"",""coordinates"":[-75.8066395387017,8.787144453396175]}"
2024,13.273869,1.906044,5684.6636,6.346305,0,0.03440409,0.90718514,30.0,0.41677892,-0.50711286,0.4762138,0.5060302315021702,"{""geodesic"":false,""type"":""Point"",""coordinates"":[-75.75943875565444,9.044735700027388]}"
2025,0.0,9.370283,7461.8027,22.88501,0,0.018905494,13.24683,30.0,0.580531,-0.6119134,3.2185485,0.29589787576390303,"{""geodesic"":false,""type"":""Point"",""coordinates"":[-75.94189199935721,9.196791880767178]}"
2026,0.0,2.0233307,1390228.5,121.04289,0,0.015183524,44.10181,30.0,0.50176626,-0.5427493,8.928078,0.5916294226370363,"{""geodesic"":false,""type"":""Point"",""coordinates"":[-76.007745171366,9.018905239699857]}"
2027,0.0,-10.915955,1390228.5,149.29665,0,0.036708314,63.620384,10.0,0.78902954,-0.70517266,23.77042,0.45206148416478575,"{""geodesic"":false,""type"":""Point"",""coordinates"":[-75.59413157725933,8.771258727059635]}"
2028,0.0,-8.338333,1390228.5,182.80972,0,0.015885726,25.888397,30.0,0.7772404,-0.6417871,13.653653,0.6357315218355057,"{""geodesic"":false,""type"":""Point"",""coordinates"":[-75.54931106181624,8.711088097832524]}"
2029,0.0,1.4915466,1562.594,5.9362955,0,0.021306623,0.37759405,30.0,0.7138103,-0.62034607,1.5697654,0.509052649425898,"{""geodesic"":false,""type"":""Point"",""coordinates"":[-75.82768564952764,9.048929176857117]}"
2032,0.0,-2.3611627,720.0,8.613651,0,0.009353357,0.7117417,30.0,0.49199256,-0.5065814,1.0445483,0.2998359953197226,"{""geodesic"":false,""type"":""Point"",""coordinates"":[-75.8538502921108,9.032589749453528]}"
2033,0.0,4.50959,13756.791,94.96213,0,0.009303329,16.65407,30.0,0.65521765,-0.6437106,13.653798,0.13967163945372885,"{""geodesic"":false,""type"":""Point"",""coordinates"":[-76.08785553174863,8.791864071665552]}"
2034,1133.2849,-1.094141,5002.809,14.262416,0,0.99622786,0.5516292,10.0,0.73214835,-0.66553706,2.411886,0.4921890827412674,"{""geodesic"":false,""type"":""Point"",""coordinates"":[-75.7880633488462,8.901956484450798]}"
2036,0.0,-41.27565,1390228.5,201.79013,0,0.008450088,60.50799,10.0,0.7123979,-0.62615585,15.804215,0.6844949029150733,"{""geodesic"":false,""type"":""Point"",""coordinates"":[-75.57229521543925,8.76098140832324]}"
2039,0.0,-0.052014947,1576.642,1.3352295,0,0.01610745,2.765974,95.0,0.785317,-0.7110874,7.1192946,0.1856308886314011,"{""geodesic"":false,""type"":""Point"",""coordinates"":[-75.90750269732602,9.414746512671705]}"
2040,0.0,-21.085648,1390228.5,261.86392,0,0.008453769,135.95851,30.0,0.45631796,-0.52134746,10.944532,0.29270519881112955,"{""geodesic"":false,""type"":""Point"",""coordinates"":[-75.66964361392385,8.594219041765113]}"
2041,0.0,-1.073472,2339.6152,11.963378,0,0.008450119,0.85300696,30.0,0.71167296,-0.6309585,2.4879787,0.10052694794404404,"{""geodesic"":false,""type"":""Point"",""coordinates"":[-75.78557966283941,8.75978444081234]}"
2044,0.0,22.908615,1390228.5,145.45807,0,0.10808087,38.711075,10.0,0.69561875,-0.6184886,13.617429,0.030820731585035066,"{""geodesic"":false,""type"":""Point"",""coordinates"":[-76.0917522059242,8.910956854392342]}"
2045,0.0,1.1687012,7210.5547,27.943747,0,0.17362864,0.35298392,30.0,0.53107184,-0.5376467,0.9940834,0.6977668676253703,"{""geodesic"":false,""type"":""Point"",""coordinates"":[-75.75423128085141,9.293282658913682]}"
2047,0.0,-7.827751,10400.3125,61.648746,0,0.013336756,4.2372155,10.0,0.83072346,-0.73911977,5.9700704,0.4133115233693173,"{""geodesic"":false,""type"":""Point"",""coordinates"":[-75.48290439051802,9.02431083029205]}"
2049,0.0,-10.296181,11052.059,92.327705,0,0.012344387,43.61739,30.0,0.4774286,-0.5135372,24.792227,0.3575520278627665,"{""geodesic"":false,""type"":""Point"",""coordinates"":[-75.69786545413575,8.671229126532873]}"
2050,0.0,15.04232,1390228.5,88.32143,0,0.28511402,4.1007366,30.0,0.51509434,-0.5065666,5.6873345,0.1888643748055424,"{""geodesic"":false,""type"":""Point"",""coordinates"":[-76.06511895461279,8.852431231871918]}"
2051,141.8303,-3.5765915,1390228.5,93.61461,0,0.009359089,29.2009,30.0,0.54431945,-0.5661986,4.156137,0.1954449116162742,"{""geodesic"":false,""type"":""Point"",""coordinates"":[-75.98960170926935,8.970660629418365]}"
2052,0.0,2.3460426,4412.7544,48.156883,0,0.011607334,17.541414,30.0,0.75179684,-0.72778827,3.5922897,0.05348657814134827,"{""geodesic"":false,""type"":""Point"",""coordinates"":[-75.91666030916788,8.938019033370468]}"
2053,0.0,0.9860916,3079.4968,36.484035,0,2.7606583,0.87517613,30.0,0.6269578,-0.61393595,0.36510858,0.3959889671729562,"{""geodesic"":false,""type"":""Point"",""coordinates"":[-76.0944498053016,8.620920048248603]}"
2054,0.0,-1.5288315,1440.0,24.283092,0,0.07161172,6.1567698,30.0,0.6156603,-0.6002185,7.6378074,0.503878343099826,"{""geodesic"":false,""type"":""Point"",""coordinates"":[-75.9012328494407,8.651539252318758]}"
2055,0.0,3.226982,7317.1714,40.242966,0,0.013162356,3.6575663,30.0,0.41664988,-0.40475714,3.5583355,0.194902795849361,"{""geodesic"":false,""type"":""Point"",""coordinates"":[-76.05359129535798,8.730916209865883]}"
2057,0.0,0.98607826,4424.771,26.68882,0,2.8063648,1.9805527,30.0,0.59712994,-0.5882664,2.1883097,0.3879125234183399,"{""geodesic"":false,""type"":""Point"",""coordinates"":[-76.03173533702284,8.716325302510208]}"
2058,0.0,0.9691162,7188.4907,38.545204,0,0.013756623,5.839822,30.0,0.55026597,-0.5564753,0.34352133,0.04477135749597816,"{""geodesic"":false,""type"":""Point"",""coordinates"":[-75.68570748099877,8.733116295204352]}"
2059,1469.8885,1.3866072,90.0,10.911679,0,0.008445137,1.7592814,10.0,0.60690534,-0.5511542,0.65820205,0.6570695089461347,"{""geodesic"":false,""type"":""Point"",""coordinates"":[-75.8343524084622,8.980540169200621]}"
2061,0.0,0.5499053,1459.863,3.617136,0,0.13031314,0.021681573,40.0,0.6701283,-0.5932401,0.28836492,0.5460511049899367,"{""geodesic"":false,""type"":""Point"",""coordinates"":[-75.85508817007192,9.208674869901058]}"
2063,0.0,-1.2164307,1390228.5,26.209654,0,8.317133,0.6653975,30.0,0.6691299,-0.6234639,0.895704,0.1896977098767344,"{""geodesic"":false,""type"":""Point"",""coordinates"":[-75.97680687790876,9.183676045724244]}"
2064,0.0,-0.22061157,1390228.5,43.12001,0,0.008439319,7.80429,30.0,0.6286261,-0.5692395,1.0785869,0.3145950070509167,"{""geodesic"":false,""type"":""Point"",""coordinates"":[-75.57467394207288,9.231752156477839]}"
2065,0.0,0.0,1041.3933,3.0,0,0.05181309,0.0,80.0,-0.25134408,0.36668563,0.0,0.5202806035479011,"{""geodesic"":false,""type"":""Point"",""coordinates"":[-75.68088803907503,9.220170752662785]}"
2066,841.3443,2.4975119,1812.4569,16.908117,0,0.016743902,1.5620139,10.0,0.6467526,-0.58367753,1.8123467,0.623512527901218,"{""geodesic"":false,""type"":""Point"",""coordinates"":[-75.8190816472142,8.863360980738289]}"
2071,0.0,-2.8426437,1390228.5,103.92099,0,0.059721958,23.668354,30.0,0.56778216,-0.5668934,8.042103,0.3537861422818541,"{""geodesic"":false,""type"":""Point"",""coordinates"":[-76.05977534669042,8.891515051022969]}"
2074,0.0,0.0,2020.7177,3.0,0,0.017584242,0.5265919,90.0,0.5359765,-0.4823499,0.0,0.3699126803016278,"{""geodesic"":false,""type"":""Point"",""coordinates"":[-75.73819175975687,9.19862285571115]}"
2076,0.0,-3.4948883,1390228.5,148.6031,0,0.008450981,71.59465,30.0,0.6638207,-0.61387163,3.5393705,0.4084983108547372,"{""geodesic"":false,""type"":""Point"",""coordinates"":[-76.0971929777522,8.720754174309034]}"
2077,0.0,2.7828033,6772.2964,3.3267972,0,0.0291294,1.5144469,30.0,0.63611716,-0.5693108,0.2476183,0.6737183128681512,"{""geodesic"":false,""type"":""Point"",""coordinates"":[-76.01273521712397,9.33496719053736]}"
2078,95.33246,0.4861679,342.0526,13.416972,0,0.008448997,1.0676361,30.0,0.524464,-0.4753924,0.54225856,0.4521727983652467,"{""geodesic"":false,""type"":""Point"",""coordinates"":[-75.8928840463383,8.809741280519491]}"
2081,0.0,0.8954277,1390228.5,43.21577,0,0.024487766,18.922125,10.0,0.7896473,-0.6745014,7.237887,0.19340932802615607,"{""geodesic"":false,""type"":""Point"",""coordinates"":[-75.81552443767522,9.340629268962878]}"
2082,0.0,-0.8647623,5262.414,10.895525,0,0.008448799,0.5770745,30.0,0.49281314,-0.50621545,1.7754875,0.35967720351633425,"{""geodesic"":false,""type"":""Point"",""coordinates"":[-75.80561660122632,8.818620902530492]}"
2083,0.0,0.30423546,4535.9565,16.807167,0,0.013046372,2.4207468,30.0,0.46394077,-0.51769024,0.44699478,0.6210715309915184,"{""geodesic"":false,""type"":""Point"",""coordinates"":[-75.77888381116571,8.687352477348396]}"
2084,0.0,-3.952507,6498.654,35.87171,0,0.31905657,1.1356721,30.0,0.5978734,-0.6297757,4.43219,0.2780202474426319,"{""geodesic"":false,""type"":""Point"",""coordinates"":[-76.05569974164041,8.704864342267511]}"
2087,0.0,-0.3846016,13554.723,59.247356,0,0.010856449,2.9587178,30.0,0.44866806,-0.4993804,4.095254,0.14043602940608413,"{""geodesic"":false,""type"":""Point"",""coordinates"":[-76.01195091616415,8.86180343669991]}"
2089,0.0,-0.51939964,241.86774,4.5489187,0,0.08986049,0.65113485,30.0,0.7136013,-0.6558642,0.82306427,0.34290233156724437,"{""geodesic"":false,""type"":""Point"",""coordinates"":[-75.84967350999156,9.228222789234069]}"
2090,0.0,3.219139,9243.944,47.754272,0,0.04401922,9.678818,30.0,0.6372957,-0.5941351,1.7730474,0.43625787338316635,"{""geodesic"":false,""type"":""Point"",""coordinates"":[-75.57789809152393,8.856214018438967]}"
2092,0.0,-15.966095,10148.783,77.22058,0,0.009921672,30.600931,30.0,0.46087846,-0.5190413,9.677826,0.34211977215292055,"{""geodesic"":false,""type"":""Point"",""coordinates"":[-75.68754564612678,8.69431162007947]}"
2093,0.0,-0.3371048,212.13203,9.2568655,0,0.014341894,1.607226,30.0,0.59470093,-0.57589114,0.7200031,0.6095664113153743,"{""geodesic"":false,""type"":""Point"",""coordinates"":[-75.57977937917335,9.010875122740332]}"
2094,0.0,-26.212677,1390228.5,181.87431,0,0.008451229,23.38237,30.0,0.70477974,-0.6498866,12.684353,0.3738884860386883,"{""geodesic"":false,""type"":""Point"",""coordinates"":[-75.54740008259348,8.709734128886009]}"
2096,17.387009,-3.003686,2374.7422,15.077665,0,0.0119572235,4.135457,30.0,0.67654765,-0.61788183,3.1033635,0.2705934535786573,"{""geodesic"":false,""type"":""Point"",""coordinates"":[-75.71971927341531,9.246142756435876]}"
2097,0.0,-1.8240204,7300.425,26.393204,0,0.020359091,0.70483357,30.0,0.3896063,-0.48752528,3.7426636,0.19229389037706968,"{""geodesic"":false,""type"":""Point"",""coordinates"":[-75.99378654545785,8.80216263255937]}"
2098,12.069888,-4.296356,1390228.5,149.85576,0,0.008800656,22.356348,10.0,0.5641791,-0.52670765,6.325501,1.9724915248486852E-4,"{""geodesic"":false,""type"":""Point"",""coordinates"":[-75.4310177922694,9.230053724740987]}"
2099,0.77015626,-3.6119766,1390228.5,47.09132,0,0.010034232,6.3296986,30.0,0.5528142,-0.56346226,3.2619176,0.02384644063801855,"{""geodesic"":false,""type"":""Point"",""coordinates"":[-75.6799699817496,9.310796881493731]}"
2101,0.0,-1.3401136,3660.0,11.702213,0,0.009479467,0.47822472,30.0,0.7971399,-0.6797575,1.1014247,0.03332719863444977,"{""geodesic"":false,""type"":""Point"",""coordinates"":[-75.81846529323995,8.831345580779896]}"
2102,119.30317,-1.2752228,5025.0674,23.175999,0,5.9524107,0.8556246,30.0,0.5114271,-0.5585232,6.6562133,0.5893888323172708,"{""geodesic"":false,""type"":""Point"",""coordinates"":[-75.89530690164618,9.130708756704802]}"
2103,0.0,2.6318989,0.0,22.5,0,2282.4456,1.2885776,80.0,-0.11627907,0.15651679,0.0,0.2958536986194109,"{""geodesic"":false,""type"":""Point"",""coordinates"":[-75.97455186768853,8.535505594233022]}"
2104,0.0,0.5593858,2508.904,3.0,0,0.022210801,1.5351533,90.0,0.48548645,-0.39077199,0.557731,0.40099012391742006,"{""geodesic"":false,""type"":""Point"",""coordinates"":[-75.75456146963948,9.191805799152043]}"
2105,0.0,0.14309311,3391.5925,51.10055,0,0.037626613,9.005742,30.0,0.41529626,-0.5277543,3.6270406,0.179946212144786,"{""geodesic"":false,""type"":""Point"",""coordinates"":[-75.93020290800054,8.568173487501038]}"
2107,0.0,0.3926134,1529.7058,3.5,0,0.58952856,0.021438293,30.0,0.5970129,-0.5659699,0.72764456,0.22442042082565983,"{""geodesic"":false,""type"":""Point"",""coordinates"":[-75.71180544508753,9.11239282561096]}"
2108,0.0,-0.024665356,3150.1428,7.6847143,0,0.8354616,0.18908115,30.0,0.33524096,-0.42448586,0.3098257,0.11401592385805659,"{""geodesic"":false,""type"":""Point"",""coordinates"":[-75.60873493474524,9.025480600197332]}"
2111,0.0,0.95280457,8873.359,26.607456,0,0.18943994,3.0483205,30.0,0.622229,-0.6008391,2.216042,0.11969481132850157,"{""geodesic"":false,""type"":""Point"",""coordinates"":[-75.97886296790837,8.831775336571788]}"
2113,0.0,-0.19838357,90.0,4.1405582,0,0.016663212,1.4401648,30.0,0.32699394,-0.44630134,1.4066782,0.5065714475143295,"{""geodesic"":false,""type"":""Point"",""coordinates"":[-75.78983873015633,9.215335610299679]}"
2114,0.0,20.09217,1390228.5,96.65058,0,0.036110062,17.681925,30.0,0.6369619,-0.5478351,2.4383,0.4612326748968294,"{""geodesic"":false,""type"":""Point"",""coordinates"":[-76.03678298230562,9.151765883886009]}"
2115,0.0,-7.460724,11530.386,102.93886,0,0.015862327,18.167679,30.0,0.010190399,-0.14342086,1.1712452,0.6481455704828087,"{""geodesic"":false,""type"":""Point"",""coordinates"":[-76.07416789083169,8.774268185066749]}"
2116,0.0,0.37985277,6110.728,2.7803433,0,0.02829672,0.4855966,90.0,0.5140187,-0.5441359,0.5206678,0.4414731183646393,"{""geodesic"":false,""type"":""Point"",""coordinates"":[-75.96228545715921,9.265922805219788]}"
2117,0.0,0.67404175,1612.7616,18.77384,0,0.69291896,0.11306139,30.0,0.5404232,-0.5484047,0.16325393,0.12329516171045396,"{""geodesic"":false,""type"":""Point"",""coordinates"":[-75.96060978387513,8.627518556629099]}"
2119,145.33551,1.6052322,2694.3274,18.296593,0,0.008451758,1.3337033,30.0,0.57240254,-0.55501616,1.2913326,0.5220657109380342,"{""geodesic"":false,""type"":""Point"",""coordinates"":[-76.0253808341249,8.685955191400545]}"
2121,0.0,-7.304165,1716.5663,37.32825,0,0.008453862,12.112648,30.0,0.6628003,-0.60946274,3.6944993,0.5123240059784211,"{""geodesic"":false,""type"":""Point"",""coordinates"":[-75.98859396895168,8.590276714403677]}"
2122,0.0,1.4968529,1390228.5,36.663567,0,0.009962687,4.1864696,30.0,0.5354559,-0.5727839,7.675754,0.599104767822223,"{""geodesic"":false,""type"":""Point"",""coordinates"":[-75.57984959828315,9.223603762971132]}"
2123,0.0,1.0696545,5243.138,10.332859,0,0.6681208,0.024804935,30.0,0.58646256,-0.5656792,0.57966965,0.40582023956403646,"{""geodesic"":false,""type"":""Point"",""coordinates"":[-75.81156331267647,8.793645797743043]}"
2124,281.90744,3.029339,30.0,4.612238,0,0.02424182,0.73513675,30.0,0.6042635,-0.5852012,4.980017,0.30609478894281583,"{""geodesic"":false,""type"":""Point"",""coordinates"":[-75.82122440534081,9.207397028959036]}"
2125,0.0,2.668293,8311.949,17.50787,0,0.008438715,6.158217,30.0,0.5818774,-0.57441795,1.3186138,0.5168276646768046,"{""geodesic"":false,""type"":""Point"",""coordinates"":[-75.6257899492612,9.257714829020179]}"
2126,0.0,-14.628983,1390228.5,74.959885,0,0.008454935,4.3013906,30.0,0.7584973,-0.6746167,9.712134,0.23847317210242525,"{""geodesic"":false,""type"":""Point"",""coordinates"":[-76.17843989912794,8.540908260173069]}"
2127,55.546158,1.8698769,4828.882,37.932514,0,0.057545487,2.9793422,30.0,0.57430536,-0.5894994,1.3183773,0.2554199895788535,"{""geodesic"":false,""type"":""Point"",""coordinates"":[-75.54356028921022,9.065198502746638]}"
2128,0.0,1.225277,6378.7227,9.699427,0,0.37104848,0.33789393,30.0,0.57748115,-0.5553648,0.9673908,0.6422994434751467,"{""geodesic"":false,""type"":""Point"",""coordinates"":[-75.77814095083083,8.854494517587963]}"
2129,0.0,0.10183239,3063.2336,1.3523657,0,0.1343451,1.1669742,40.0,0.39037725,-0.47079235,0.126014,0.6339278236052794,"{""geodesic"":false,""type"":""Point"",""coordinates"":[-75.97918488712352,9.35215367506295]}"
2130,0.0,5.9568443,1390228.5,53.330284,0,0.017141119,4.1126604,30.0,0.3364527,-0.44050434,3.84088,0.3297240333890389,"{""geodesic"":false,""type"":""Point"",""coordinates"":[-75.5615311021813,9.21033730639021]}"
2131,0.0,5.9932175,13724.959,68.00604,0,0.045696154,25.766806,30.0,0.05764411,0.0,7.138469,0.06648168405171295,"{""geodesic"":false,""type"":""Point"",""coordinates"":[-75.9915720910625,8.891974059791337]}"
2132,0.0,-0.8509469,3816.0188,7.946003,0,0.012933837,1.347073,30.0,0.4638243,-0.4702352,0.32304856,0.26297903136425704,"{""geodesic"":false,""type"":""Point"",""coordinates"":[-75.80266700369604,8.967315372720844]}"
2133,20.251087,1.812973,1390228.5,75.37216,0,0.048007403,7.209876,30.0,0.5431687,-0.54246783,3.6790998,0.32486993924510665,"{""geodesic"":false,""type"":""Point"",""coordinates"":[-75.44948507798262,9.147543162549493]}"
2134,0.0,-1.3520803,702.9225,5.4932203,0,0.0757591,0.28608608,30.0,0.63358957,-0.60306406,0.62282544,0.09810733433199503,"{""geodesic"":false,""type"":""Point"",""coordinates"":[-75.68863457098767,8.987081448685087]}"
2135,0.0,-1.9523792,3537.7112,19.711485,0,0.008452615,2.0552187,30.0,0.5741531,-0.5881677,1.0686411,0.49868526190739637,"{""geodesic"":false,""type"":""Point"",""coordinates"":[-75.96611206974055,8.647039845775382]}"
2138,0.0,6.680794,1390228.5,105.928894,0,2.252524,1.8115144,30.0,0.80264497,-0.7141475,2.1792202,0.24594290496676918,"{""geodesic"":false,""type"":""Point"",""coordinates"":[-76.12203064720744,8.728549498036177]}"
2139,0.0,-0.19091606,1548.7091,16.448336,0,0.023315495,0.5196951,30.0,0.63491046,-0.5852449,0.4073725,0.13927841207206182,"{""geodesic"":false,""type"":""Point"",""coordinates"":[-75.94843682954242,8.773791031489736]}"
2140,0.0,0.7836304,5899.559,10.135925,0,0.0721737,0.10437681,30.0,0.60148287,-0.54148084,0.7393283,0.28059621955916725,"{""geodesic"":false,""type"":""Point"",""coordinates"":[-75.79826963236748,8.82704781554973]}"
2141,0.0,5.585388,1390228.5,66.43933,0,0.06953863,7.38594,30.0,0.5178438,-0.56028736,4.4584804,0.39716323657660635,"{""geodesic"":false,""type"":""Point"",""coordinates"":[-76.0357547582916,8.886970277529295]}"
2143,0.0,1.2879815,9176.862,7.437496,0,0.5939428,0.58701867,30.0,0.48211008,-0.5511282,1.1443529,0.15597191791696163,"{""geodesic"":false,""type"":""Point"",""coordinates"":[-76.01449550568756,9.28232851321075]}"
2144,0.0,1.5843425,530.75415,3.0,0,0.013450563,2.06924,40.0,0.6762278,-0.60999864,0.43826476,0.09873537565231594,"{""geodesic"":false,""type"":""Point"",""coordinates"":[-75.75369757600714,9.170644051644372]}"
2145,0.0,14.987976,14128.058,146.45212,0,0.00905393,30.37269,30.0,0.41440338,-0.45049417,17.365355,0.2022083989967809,"{""geodesic"":false,""type"":""Point"",""coordinates"":[-75.61503457946372,8.710716120770513]}"
2146,88.610756,0.8501854,5460.0,8.046228,0,0.08423692,1.8239828,30.0,0.66815656,-0.595957,0.14885147,0.23102359256645888,"{""geodesic"":false,""type"":""Point"",""coordinates"":[-75.65406278244079,8.883493737270893]}"
2151,0.0,-0.085267544,5476.8696,2.3509533,0,0.42194492,0.12582819,90.0,0.41981715,-0.4673136,0.28919312,0.5267939230742054,"{""geodesic"":false,""type"":""Point"",""coordinates"":[-75.99933211468522,9.328493708450525]}"
2153,0.0,-1.2392473,360.0,5.370855,0,0.035175767,0.5363132,30.0,0.5895703,-0.5728619,0.2727134,0.46554519391769067,"{""geodesic"":false,""type"":""Point"",""coordinates"":[-75.8973418605806,9.288068069252315]}"
2154,0.0,-0.08935547,1390228.5,42.026142,0,0.019393045,6.740763,30.0,0.49498424,-0.5284982,4.0517035,0.657139395554684,"{""geodesic"":false,""type"":""Point"",""coordinates"":[-75.55406967032312,9.153639239494588]}"
2155,0.33961815,-4.4476366,6828.2134,10.1307335,0,0.00844471,1.9706154,30.0,0.57904583,-0.5207207,4.4808645,0.03979842464738237,"{""geodesic"":false,""type"":""Point"",""coordinates"":[-75.74378721367894,8.99918426223819]}"
2156,0.0,-0.32240343,218.40329,5.835707,0,0.08030746,0.84270847,30.0,0.335651,-0.38151026,0.47954232,0.08534946752187977,"{""geodesic"":false,""type"":""Point"",""coordinates"":[-75.68964839123522,8.945836728896921]}"
2157,0.0,0.23713541,4224.0386,3.6270733,0,0.008438042,2.4571466,30.0,0.5619789,-0.580872,0.117651306,0.6850082100059733,"{""geodesic"":false,""type"":""Point"",""coordinates"":[-75.96015521755423,9.286005627866164]}"
2158,132.93015,0.6238818,1489.7651,5.016887,0,0.017521374,1.3784955,30.0,0.5535737,-0.565308,0.33844575,0.20928636201994877,"{""geodesic"":false,""type"":""Point"",""coordinates"":[-75.73028501985503,9.0705713552778]}"
2159,0.0,1.9665155,2292.0078,13.338874,0,0.016653102,1.0733044,30.0,0.78807944,-0.6975513,3.391384,0.2601885914337829,"{""geodesic"":false,""type"":""Point"",""coordinates"":[-75.76149553736798,8.71886235151917]}"
2160,0.0,-0.1845479,1892.1416,6.225058,0,2.8813932,0.08598253,30.0,0.4942182,-0.52410257,0.51078176,0.20194691871540205,"{""geodesic"":false,""type"":""Point"",""coordinates"":[-75.68654127459979,8.889404766211324]}"
2161,0.0,-4.491638,1390228.5,73.19348,0,0.50262153,0.98733324,30.0,0.66607577,-0.6267506,0.9852446,0.35248219429565775,"{""geodesic"":false,""type"":""Point"",""coordinates"":[-75.46064738560068,8.906847100462734]}"
2162,0.0,-5.370819,1390228.5,75.01649,0,0.07424732,7.5935564,30.0,0.6255243,-0.6029542,5.115802,0.5847854874754259,"{""geodesic"":false,""type"":""Point"",""coordinates"":[-75.99351184087027,9.103050945035248]}"
2165,0.0,6.9367676,1390228.5,131.06802,0,0.008449002,40.598526,10.0,0.8034582,-0.69777536,16.919216,0.6805388271658973,"{""geodesic"":false,""type"":""Point"",""coordinates"":[-75.57837099320868,8.809542482928062]}"
2167,0.0,7.4228897,9910.8125,54.92099,0,0.011616059,15.517965,30.0,0.54219735,-0.5445578,9.13888,0.4257124279513157,"{""geodesic"":false,""type"":""Point"",""coordinates"":[-75.5803432625343,8.849698037707997]}"
2168,0.0,3.8543396,1390228.5,98.74197,0,0.016273087,22.826176,30.0,0.5616054,-0.5640197,4.6208014,0.23229768811393858,"{""geodesic"":false,""type"":""Point"",""coordinates"":[-76.01215185756851,9.033272659092411]}"
2170,0.0,2.4956589,1390228.5,83.497925,0,8.884236,1.3577093,10.0,0.83247656,-0.7575406,3.1827083,0.005225899812900225,"{""geodesic"":false,""type"":""Point"",""coordinates"":[-76.20067189781517,8.503400307739671]}"
2171,12.382607,1.2570248,5385.397,8.479143,0,0.044672057,0.2654864,40.0,0.6141384,-0.65371555,1.1724668,0.2983294739438884,"{""geodesic"":false,""type"":""Point"",""coordinates"":[-75.74044282351642,8.96500325773794]}"
2172,0.0,0.20212841,2376.2576,4.386831,0,0.64047915,0.15632197,90.0,0.6833425,-0.5698539,0.09627395,0.09946659527363755,"{""geodesic"":false,""type"":""Point"",""coordinates"":[-75.8413968929069,9.192699116527846]}"
2175,0.0,-8.133253,3228.4517,23.742802,0,0.008452617,1.8732871,30.0,0.7646625,-0.71101576,7.4497824,0.36049570670138453,"{""geodesic"":false,""type"":""Point"",""coordinates"":[-75.96174909860723,8.646779507917792]}"
2177,0.0,0.5427418,3000.0,29.906403,0,0.044355664,3.7212498,30.0,0.76226896,-0.69736034,2.3741114,0.07456527025658255,"{""geodesic"":false,""type"":""Point"",""coordinates"":[-75.90956166463529,8.599967754905487]}"
2178,0.0,-0.90303993,6957.9307,23.430382,0,37.399075,0.50188833,30.0,0.5275281,-0.555492,1.938296,0.6702194085595435,"{""geodesic"":false,""type"":""Point"",""coordinates"":[-75.98779029645546,8.803806318828332]}"
2179,13.445921,-9.033241,1390228.5,69.00404,0,0.09664867,5.9136376,30.0,0.6705645,-0.5774264,3.8526037,0.6117695224321192,"{""geodesic"":false,""type"":""Point"",""coordinates"":[-75.67682696053552,8.647660461585696]}"
2181,0.0,2.178791,6413.2676,31.341969,0,2.7195914,0.24680679,30.0,0.45769283,-0.49602047,0.94199455,0.129564872903003,"{""geodesic"":false,""type"":""Point"",""coordinates"":[-75.71023194566166,9.281705739462081]}"
2182,0.0,0.43527603,3074.2317,30.081635,0,0.3018195,2.201503,30.0,0.5451505,-0.5298013,2.3947222,0.6940740249901797,"{""geodesic"":false,""type"":""Point"",""coordinates"":[-75.91225471727786,8.586123782473509]}"
2183,0.0,-1.4094334,2490.1807,21.480392,0,0.009428044,4.199763,30.0,0.5663307,-0.55153805,1.6638473,0.11636411785023626,"{""geodesic"":false,""type"":""Point"",""coordinates"":[-75.89169069669582,8.65183292925305]}"
2185,0.0,4.5258904,9482.136,55.075047,0,0.011466763,10.79733,30.0,0.6401241,-0.54480517,5.730547,0.5246625582545164,"{""geodesic"":false,""type"":""Point"",""coordinates"":[-76.07303668632184,8.470130204997233]}"
2186,72.95942,2.214189,0.0,1.0,0,3109.4084,3.9381096,80.0,-0.26903552,0.3484163,0.0,0.010651006398405438,"{""geodesic"":false,""type"":""Point"",""coordinates"":[-75.89435743263141,9.295943738830058]}"
2187,0.0,0.5279217,150.0,20.988693,0,0.008453061,2.126436,10.0,0.86431545,-0.77518654,0.38390797,0.2518721953879042,"{""geodesic"":false,""type"":""Point"",""coordinates"":[-75.93743356766478,8.626490578930095]}"
2188,0.0,-0.53016853,1718.1385,10.4453,0,0.03206594,0.29904848,30.0,0.5019679,-0.5392491,0.90363336,0.2647964986185063,"{""geodesic"":false,""type"":""Point"",""coordinates"":[-75.75508614776412,8.78616589872928]}"
2191,0.0,0.3778801,1390228.5,58.90691,0,0.037769984,9.165063,30.0,0.33466184,-0.47096774,7.0333853,0.44541172959529984,"{""geodesic"":false,""type"":""Point"",""coordinates"":[-75.96286172298943,8.971545220823273]}"
2192,0.0,-0.64424706,3937.207,31.298996,0,0.34300354,2.7671294,30.0,0.8137841,-0.7430642,0.9324458,0.25692281333909894,"{""geodesic"":false,""type"":""Point"",""coordinates"":[-75.87888674160062,8.656475106704338]}"
2193,0.0,-7.8827553,6367.4956,41.96161,0,0.011463752,13.635624,30.0,0.6090399,-0.5507769,3.4987783,0.10538416990224841,"{""geodesic"":false,""type"":""Point"",""coordinates"":[-75.68055082558912,8.746963826386933]}"
2194,0.020454904,0.6096935,3772.9697,19.621813,0,0.057171196,1.1792494,30.0,0.5369274,-0.55191946,0.19732171,0.05222217003073448,"{""geodesic"":false,""type"":""Point"",""coordinates"":[-76.03762541868531,8.67669736707337]}"
2195,0.0,-0.7959833,4085.401,14.794643,0,0.1610725,0.6766997,30.0,0.55705935,-0.5320823,1.0266219,0.21836750783168424,"{""geodesic"":false,""type"":""Point"",""coordinates"":[-75.5474955875289,8.959369771118105]}"
2196,0.0,-3.7417793,4034.4146,33.6719,0,0.009716658,18.337543,30.0,0.43430915,-0.4788568,11.513847,0.6999123795903951,"{""geodesic"":false,""type"":""Point"",""coordinates"":[-75.76099485802646,9.263151156258571]}"
2197,41.07879,5.028202,7258.8223,62.23821,0,0.012205163,23.89242,30.0,0.393531,-0.4743346,16.820162,0.23644103168735764,"{""geodesic"":false,""type"":""Point"",""coordinates"":[-75.80365135204099,8.66532319606412]}"
2198,0.0,-3.2325668,9174.753,49.9972,0,0.041092206,7.3095975,30.0,0.47156245,-0.54349583,3.0377135,0.4427283896709324,"{""geodesic"":false,""type"":""Point"",""coordinates"":[-75.94462221429542,8.988413997319181]}"
2199,0.0,30.256317,1390228.5,142.99501,0,0.023108397,27.080544,10.0,0.6290614,-0.6011236,10.377951,0.45115911708105305,"{""geodesic"":false,""type"":""Point"",""coordinates"":[-75.56387105892392,8.781616165101335]}"
2200,0.0,5.5192375,1914.6018,14.022642,0,0.022498937,0.93221986,30.0,0.6429354,-0.6025641,1.6729985,0.5118670359180557,"{""geodesic"":false,""type"":""Point"",""coordinates"":[-75.9446370552767,8.781126212456696]}"
2201,0.0,-5.049118,1390228.5,51.610847,0,0.061117243,5.7895827,30.0,0.673937,-0.62133974,2.0773675,0.17612759311837145,"{""geodesic"":false,""type"":""Point"",""coordinates"":[-75.57035147270803,9.261063351704633]}"
2203,0.0,-1.1391697,8921.356,29.914942,0,0.3321289,0.1718457,30.0,0.41154233,-0.50645506,1.3177744,0.3503429841306721,"{""geodesic"":false,""type"":""Point"",""coordinates"":[-75.73711249645669,8.66165863248938]}"
2204,21.324766,-0.41103363,5960.9478,33.852283,0,0.47090864,1.1412715,10.0,0.78484887,-0.653021,5.118804,0.5588839778154372,"{""geodesic"":false,""type"":""Point"",""coordinates"":[-75.80449648716447,8.678074010120266]}"
2205,12.721851,0.20890617,6453.836,12.693834,0,0.008448752,1.2793108,30.0,0.5236691,-0.52416843,0.8415377,0.001990861408345035,"{""geodesic"":false,""type"":""Point"",""coordinates"":[-75.65122465676059,8.821090948586418]}"
2206,111.39714,-8.877787,6559.0317,26.659512,0,0.016317269,5.554315,30.0,0.5599022,-0.55788565,3.8923185,0.23935120656223385,"{""geodesic"":false,""type"":""Point"",""coordinates"":[-75.7633105693146,8.672460597808232]}"
2207,0.0,-4.4837933,1583.193,14.741155,0,0.013210043,4.5050335,30.0,0.70857394,-0.64288765,7.9130573,0.588564442311749,"{""geodesic"":false,""type"":""Point"",""coordinates"":[-75.79891748284788,9.245161231691842]}"
2209,0.0,1.966877,10456.28,41.07191,0,0.026778238,5.3701186,30.0,0.6027211,-0.56337094,1.4202584,0.42953202632768095,"{""geodesic"":false,""type"":""Point"",""coordinates"":[-75.97431855261544,8.867058413408886]}"
2210,0.0,-0.2931013,4117.0015,5.506536,0,0.06219245,0.3365633,30.0,0.60752994,-0.563818,0.42740798,4.2825203426621883E-4,"{""geodesic"":false,""type"":""Point"",""coordinates"":[-75.72363720327623,9.02228759808771]}"
2211,0.0,3.7975159,13998.722,104.029655,0,0.015076636,10.257432,30.0,0.55954754,-0.59023064,11.052255,0.6150057510047214,"{""geodesic"":false,""type"":""Point"",""coordinates"":[-76.09437813090457,8.78397724294146]}"
2213,0.0,3.369522,1390228.5,107.570694,0,0.042164735,9.058073,30.0,0.74361724,-0.62360764,4.9380155,0.24630381708375482,"{""geodesic"":false,""type"":""Point"",""coordinates"":[-75.51740554307841,8.712760932582686]}"
2214,0.0,0.26055336,4943.086,28.56283,0,0.056689654,2.4711447,30.0,0.5237237,-0.55168194,0.09018314,0.5934067370985538,"{""geodesic"":false,""type"":""Point"",""coordinates"":[-76.04502847486579,8.691599432529182]}"
2216,11.58505,0.11406708,7107.9746,34.1866,0,0.0323787,9.144199,30.0,0.7058666,-0.6499547,1.4112765,0.053294290397520094,"{""geodesic"":false,""type"":""Point"",""coordinates"":[-75.54848665417636,8.892075514855083]}"
2217,0.0,-0.059568405,3598.2495,21.007837,0,0.011139417,3.7931755,30.0,0.6055195,-0.6072589,0.5192447,0.16419213559225965,"{""geodesic"":false,""type"":""Point"",""coordinates"":[-76.01133339909744,8.734829648480595]}"
2218,0.0,-0.012412071,3984.018,12.308007,0,0.082451835,0.45550853,30.0,0.47752655,-0.45143163,0.9311621,0.06691338104856503,"{""geodesic"":false,""type"":""Point"",""coordinates"":[-75.86295700447998,8.725157262612438]}"
2219,0.0,-36.009064,12631.425,330.35623,0,0.008455864,243.78996,10.0,0.7519328,-0.68400645,27.372725,0.4512876193831612,"{""geodesic"":false,""type"":""Point"",""coordinates"":[-76.14206363720231,8.498150558495587]}"
2220,22.296757,-12.099808,1390228.5,118.39297,0,0.008440006,15.199246,10.0,0.37461752,-0.44604537,10.098954,0.5563714985592508,"{""geodesic"":false,""type"":""Point"",""coordinates"":[-75.46102402322914,9.20261104747078]}"
2221,0.0,1.5234833,1390228.5,75.96444,0,0.04164405,1.9743812,10.0,0.7934764,-0.70501286,0.8035197,0.5235820626227486,"{""geodesic"":false,""type"":""Point"",""coordinates"":[-75.52656460682257,9.202792627043067]}"
2222,0.0,2.1743126,1390228.5,51.209568,0,0.040403403,9.953604,30.0,0.61315125,-0.5966409,3.5345619,0.1002705713271046,"{""geodesic"":false,""type"":""Point"",""coordinates"":[-75.64884232835486,9.31763817809205]}"
2223,0.0,-0.7161827,1390228.5,46.03701,0,0.016352342,6.984528,30.0,0.5779321,-0.5700576,1.7848269,0.2760830935395294,"{""geodesic"":false,""type"":""Point"",""coordinates"":[-75.58294254638196,9.277594544050274]}"
2224,0.0,4.4989433,10500.729,35.389378,0,1.3593829,1.1364994,30.0,0.7386258,-0.7092652,3.32075,0.4307298889930613,"{""geodesic"":false,""type"":""Point"",""coordinates"":[-75.96942305821214,8.87276880955684]}"
2229,0.0,1.2140808,14008.747,93.825424,0,0.02115322,28.277102,30.0,0.577724,-0.6233184,18.768415,0.34071185436421625,"{""geodesic"":false,""type"":""Point"",""coordinates"":[-76.07482990496027,8.814691473561046]}"
2233,0.0,1.347372,3120.1443,5.094987,0,0.023177853,0.46729606,30.0,0.66790396,-0.6070577,0.27953002,0.5785304709999481,"{""geodesic"":false,""type"":""Point"",""coordinates"":[-75.71738703554341,9.036137780208577]}"
2237,0.0,0.99679065,3320.256,3.5,0,0.030656666,2.643804,30.0,0.55445033,-0.50715,0.0,0.20245429917818458,"{""geodesic"":false,""type"":""Point"",""coordinates"":[-75.79136694903573,9.165679750439445]}"
2242,0.0,-1.2996807,8923.122,23.922009,0,0.018733636,0.7027698,30.0,0.49895453,-0.5254688,1.3508562,0.6822613505382125,"{""geodesic"":false,""type"":""Point"",""coordinates"":[-75.77362232757405,8.648019798778751]}"
2243,0.0,-0.6272421,1369.5255,17.004553,0,0.022157062,0.10099621,30.0,0.7048504,-0.6508994,3.2913153,0.44518771376211363,"{""geodesic"":false,""type"":""Point"",""coordinates"":[-75.93364002310703,8.746153107535134]}"
2244,0.0,0.60670185,4508.093,6.778127,0,0.46369165,0.3297645,30.0,0.37964955,-0.4521922,0.41162282,0.40859816523907544,"{""geodesic"":false,""type"":""Point"",""coordinates"":[-75.62784923949746,9.186621758807116]}"
2245,0.0,-5.514824,7520.013,31.922613,0,0.013608847,4.510316,10.0,0.851212,-0.74658257,0.23195316,0.04768852152344727,"{""geodesic"":false,""type"":""Point"",""coordinates"":[-75.92270867358994,9.063624736778324]}"
2247,183.98438,0.4307618,6110.728,6.737004,0,0.026962206,0.39557117,30.0,0.31434712,-0.39512333,0.86475766,0.5722302408338205,"{""geodesic"":false,""type"":""Point"",""coordinates"":[-75.78696306514428,9.024599401036477]}"
2249,0.0,-0.5518818,5570.9604,12.408512,0,0.008438868,6.9371433,30.0,0.45671642,-0.51062334,1.5547047,0.10160725656311786,"{""geodesic"":false,""type"":""Point"",""coordinates"":[-75.65390923587685,9.251152670002869]}"
2250,311.88364,-0.9720001,1390228.5,91.15866,0,0.008439672,15.822716,30.0,0.44513398,-0.5134417,3.59475,0.48135312874091785,"{""geodesic"":false,""type"":""Point"",""coordinates"":[-75.52822365445154,9.216628468101558]}"
2252,4257.5024,1.9718494,1894.756,15.5281515,0,0.008450751,3.9819782,50.0,0.087637365,-0.11067471,1.1651531,0.3652556713229953,"{""geodesic"":false,""type"":""Point"",""coordinates"":[-75.88506025458818,8.731075533164358]}"
2253,0.0,0.28246927,713.09186,5.2751164,0,4.6418233,0.06719867,30.0,0.6132626,-0.57605594,0.33872813,0.2311626054237902,"{""geodesic"":false,""type"":""Point"",""coordinates"":[-75.69268139694877,8.962382469455218]}"
2254,21.674156,15.590279,8629.421,54.03845,0,1.5855212,2.3137574,10.0,0.7601893,-0.6441115,6.8433547,0.5277611953010735,"{""geodesic"":false,""type"":""Point"",""coordinates"":[-75.72475210853952,9.303111488054663]}"
2255,75.87835,4.034973,1390228.5,138.18314,0,0.018982824,39.034008,10.0,0.54266,-0.55141956,16.159027,0.6474515861253861,"{""geodesic"":false,""type"":""Point"",""coordinates"":[-75.45724377339599,9.235990829146925]}"
2256,0.0,0.39053822,6395.35,8.209127,0,36.500557,0.19281355,30.0,0.43421623,-0.5263401,0.34468895,0.2262074144793189,"{""geodesic"":false,""type"":""Point"",""coordinates"":[-75.65669820944429,8.83112093037794]}"
2259,0.0,-1.3822289,4657.832,10.33153,0,0.02728576,1.58441,30.0,0.63707286,-0.58561283,3.553936,0.6527300314545471,"{""geodesic"":false,""type"":""Point"",""coordinates"":[-75.66786044494566,8.818619698716644]}"
2260,0.0,-1.6672306,445.98206,7.782397,0,0.16144644,0.09875978,30.0,0.5406737,-0.49046883,1.1103419,0.3054779686478576,"{""geodesic"":false,""type"":""Point"",""coordinates"":[-75.71267977267911,8.861408271875046]}"
2262,0.0,5.475807,1390228.5,77.29175,0,0.0094593,15.760389,30.0,0.59156513,-0.5736842,3.208696,0.31112293521276335,"{""geodesic"":false,""type"":""Point"",""coordinates"":[-75.68847527098833,8.605582109486514]}"
2264,0.0,1.7583389,11987.168,38.764565,0,0.012866255,0.9668248,30.0,0.6043878,-0.59115636,1.9377948,0.6782201017486518,"{""geodesic"":false,""type"":""Point"",""coordinates"":[-75.47923845548357,8.93477213446366]}"
2265,165.88838,-6.9533997,1390228.5,132.98502,0,0.010245805,30.093946,30.0,0.5487099,-0.5569879,3.7931306,0.3807796645170419,"{""geodesic"":false,""type"":""Point"",""coordinates"":[-75.50474533013598,8.829456703780295]}"
2266,0.0,1.8586855,4582.052,10.379994,0,0.62862605,0.038958915,30.0,0.69733447,-0.6101142,0.27011254,0.4653595845129176,"{""geodesic"":false,""type"":""Point"",""coordinates"":[-75.92829951547213,9.21988893942956]}"
2269,0.0,-0.4204893,0.0,9.36513,0,740.71045,3.500304,10.0,0.83908045,-0.7701785,5.2043514,0.1773218315968128,"{""geodesic"":false,""type"":""Point"",""coordinates"":[-75.85540042039105,9.224953365368918]}"
2270,0.0,2.322771,2429.8147,5.1301427,0,0.2743337,0.2657019,30.0,0.5387165,-0.51520544,0.531815,0.3132466734838766,"{""geodesic"":false,""type"":""Point"",""coordinates"":[-75.63685573970736,9.029774309721118]}"
2271,17.17426,4.148617,9813.302,53.42948,0,9.834437,2.1537824,30.0,0.5813814,-0.5771189,0.8479986,0.5531272292768469,"{""geodesic"":false,""type"":""Point"",""coordinates"":[-76.07547494093716,8.464968528797034]}"
2272,0.0,8.981316,11137.437,71.45693,0,0.016387608,14.471556,30.0,0.077524684,-0.08239222,4.3277407,0.44755828337175385,"{""geodesic"":false,""type"":""Point"",""coordinates"":[-75.82449185961084,8.59391873593828]}"
2274,0.0,4.2064247,9144.539,32.311077,0,0.012959086,3.2343354,30.0,0.695586,-0.67058235,1.2752159,0.48957210199978807,"{""geodesic"":false,""type"":""Point"",""coordinates"":[-75.97263609400807,8.849698489670534]}"
2275,0.0,0.98174286,7940.938,47.740017,0,0.010766048,9.394725,30.0,0.55637705,-0.58867925,4.1102214,0.6131082459020945,"{""geodesic"":false,""type"":""Point"",""coordinates"":[-76.05595018533802,8.500021490829129]}"
2276,0.0,21.64103,2386.6504,28.157429,0,0.008447899,20.960213,10.0,0.5002857,-0.5273362,9.294245,0.2873216334501366,"{""geodesic"":false,""type"":""Point"",""coordinates"":[-75.68430175928809,8.858747915731788]}"
2277,0.0,-15.366287,14534.621,150.28177,0,0.008451442,29.625057,10.0,0.6830957,-0.6165884,15.158708,0.6253686526888943,"{""geodesic"":false,""type"":""Point"",""coordinates"":[-75.62101633696709,8.699852731087002]}"
2278,0.0,0.7352879,7020.0,2.530697,0,0.012413475,0.8188101,30.0,0.6055696,-0.55061126,0.17450707,0.6368655645880881,"{""geodesic"":false,""type"":""Point"",""coordinates"":[-76.01050157633978,9.318152474964588]}"
2279,0.0,-2.4113836,2885.3076,11.883209,0,0.15111174,2.7902155,30.0,0.5208785,-0.54294926,1.6983124,0.0923606036514143,"{""geodesic"":false,""type"":""Point"",""coordinates"":[-75.68038384111863,8.805030373800756]}"
2280,0.0,-0.53891563,2460.0,8.079524,0,0.008445113,1.8229957,30.0,0.5211087,-0.5123756,0.54199487,0.5365087647009055,"{""geodesic"":false,""type"":""Point"",""coordinates"":[-75.81279529813638,8.981402243835538]}"
2281,0.0,-4.8733883,7816.137,30.288687,0,0.008650638,3.3839803,30.0,0.6017316,-0.6244512,4.324193,0.16723173709130146,"{""geodesic"":false,""type"":""Point"",""coordinates"":[-76.00496133852091,8.799148489168667]}"
2282,0.0,0.7441201,810.55536,4.7264194,0,0.38236633,0.22363499,30.0,0.6466194,-0.6003873,0.6102203,0.3368752472503592,"{""geodesic"":false,""type"":""Point"",""coordinates"":[-75.66870703724868,8.984404757633294]}"
2283,82.19755,6.256592,1390228.5,149.23436,0,0.008575399,31.904581,30.0,0.37932804,-0.4905765,7.120505,0.20211142121363745,"{""geodesic"":false,""type"":""Point"",""coordinates"":[-76.01409217002245,8.945904784639508]}"
2285,0.0,0.87607336,7808.303,6.530174,0,0.028286733,3.6670613,90.0,0.49682876,-0.39233038,3.2918298,0.3428310504326403,"{""geodesic"":false,""type"":""Point"",""coordinates"":[-75.97290590917562,9.25477034171817]}"
2288,0.0,-12.814285,1390228.5,85.63724,0,0.073202536,8.575944,30.0,0.6715282,-0.6127256,8.079817,0.5998103529746561,"{""geodesic"":false,""type"":""Point"",""coordinates"":[-76.04362332864874,8.871754904602478]}"
2289,0.0,6.860718,1390228.5,105.8286,0,0.039501075,2.9932961,30.0,0.6797307,-0.6349169,4.948228,0.639934346501256,"{""geodesic"":false,""type"":""Point"",""coordinates"":[-76.1733407553021,8.477438371533504]}"
2290,0.0,-14.827225,1390228.5,152.79718,0,0.017483072,44.196743,30.0,0.85576445,-0.74583966,11.818146,0.2301663296338391,"{""geodesic"":false,""type"":""Point"",""coordinates"":[-75.54689294817268,8.736055309649165]}"
2291,0.0,1.6890855,2400.1875,5.3874598,0,0.008439041,2.3654146,30.0,0.51490235,-0.47732398,0.84094095,0.6548119773502074,"{""geodesic"":false,""type"":""Point"",""coordinates"":[-75.92071546017453,9.243784213577017]}"
2292,0.0,5.550865,1390228.5,82.91527,0,0.044333097,16.247581,10.0,0.60756934,-0.604033,9.893049,0.02340391234412842,"{""geodesic"":false,""type"":""Point"",""coordinates"":[-75.4661326088093,9.141281281155374]}"
2293,0.0,0.38757086,1740.2585,4.0077157,0,0.071083955,0.12534875,30.0,0.4288775,-0.47125873,0.6406671,0.6585629448157316,"{""geodesic"":false,""type"":""Point"",""coordinates"":[-75.69742958658446,9.019353603119361]}"
2294,10.7710085,5.1252975,1390228.5,83.284515,0,0.008440244,36.10762,30.0,0.49224716,-0.51113194,9.085832,0.3312995591237049,"{""geodesic"":false,""type"":""Point"",""coordinates"":[-76.03007429874089,9.19220994233274]}"
2295,0.0,2.5730324,9190.19,48.2692,0,0.009760239,6.9686556,30.0,0.49153575,-0.5209953,1.4042208,0.519492592340538,"{""geodesic"":false,""type"":""Point"",""coordinates"":[-75.49569526574481,8.996616827457636]}"
2297,0.0,-0.42236948,2751.1816,5.187623,0,0.0084443055,0.20124194,30.0,0.7160859,-0.60640347,0.42849386,0.18592637928783606,"{""geodesic"":false,""type"":""Point"",""coordinates"":[-75.7067046131982,9.016893895870583]}"
2299,0.0,8.925264,3236.109,20.594744,0,0.8993296,1.9095731,30.0,0.6870324,-0.65443873,1.5845072,0.5427406450230785,"{""geodesic"":false,""type"":""Point"",""coordinates"":[-75.81178988979784,9.261140403778928]}"
2300,0.0,-8.160446,11535.068,67.91892,0,0.01342976,20.072287,30.0,0.70025545,-0.6510474,3.9366634,0.05155955029568027,"{""geodesic"":false,""type"":""Point"",""coordinates"":[-75.95706611607298,9.050513324903676]}"
2301,96.224915,1.8965006,5393.079,10.390219,0,0.013397534,1.9219774,30.0,0.67089546,-0.5790944,0.09658847,0.6923040909311086,"{""geodesic"":false,""type"":""Point"",""coordinates"":[-75.79410686828292,8.920936675238458]}"
2302,36.47429,-1.707983,254.55844,20.013353,0,0.0148581425,0.5311163,30.0,0.48344827,-0.55027026,1.1167599,0.3904882595870547,"{""geodesic"":false,""type"":""Point"",""coordinates"":[-76.00317688931628,8.64151817780196]}"
2303,0.0,-0.14601898,1390228.5,69.92055,0,1.8312948,3.8013663,30.0,0.5062163,-0.5674376,2.046293,0.5491293119395435,"{""geodesic"":false,""type"":""Point"",""coordinates"":[-76.00087829523358,9.002916537254984]}"
2304,0.0,-0.05967331,161.55495,20.702803,0,0.010735863,2.000688,10.0,0.88789564,-0.8054529,0.37739462,0.5192506937816639,"{""geodesic"":false,""type"":""Point"",""coordinates"":[-75.940373511166,8.60260695211468]}"
2305,0.0,-0.05591488,3722.5396,5.9708114,0,0.013188861,1.1782672,30.0,0.66551995,-0.5869894,0.10356218,0.4629918310895367,"{""geodesic"":false,""type"":""Point"",""coordinates"":[-75.64048467655766,8.920147912505909]}"
2307,0.0,-0.54883575,9868.678,42.21355,0,6.715692,1.1120195,30.0,0.47085342,-0.5229358,6.5054326,0.09829642363312929,"{""geodesic"":false,""type"":""Point"",""coordinates"":[-75.48937970416529,8.968134201092775]}"
2310,0.0,-0.801033,1390228.5,99.88772,0,0.23030144,1.9965628,30.0,0.76482314,-0.74439794,4.6182666,0.33837970749255164,"{""geodesic"":false,""type"":""Point"",""coordinates"":[-76.20654030429318,8.462686832352677]}"
2311,0.0,-0.49220514,1900.4473,6.350048,0,0.016716557,1.1019436,30.0,0.6415187,-0.626481,0.20768298,0.2424954032316946,"{""geodesic"":false,""type"":""Point"",""coordinates"":[-75.6932947063716,8.997926072204955]}"
2313,0.0,5.109436,1390228.5,92.23177,0,0.010665864,9.846179,30.0,0.42912275,-0.46144506,8.043312,0.48666029522442944,"{""geodesic"":false,""type"":""Point"",""coordinates"":[-75.51660752128258,8.72741471135748]}"
2320,0.0,0.10677624,2932.1836,11.473111,0,1.885321,0.0501493,30.0,0.5266466,-0.52957284,1.9883832,0.10951202586465048,"{""geodesic"":false,""type"":""Point"",""coordinates"":[-75.82662897889497,8.8223738538874]}"
2322,0.0,4.0923386,9445.809,31.801867,0,0.09159361,2.4571078,30.0,0.49178714,-0.52741337,2.4634223,0.30831644311110884,"{""geodesic"":false,""type"":""Point"",""coordinates"":[-75.72375842383306,8.665211525138647]}"
2323,0.0,-3.0822601,1390228.5,83.62889,0,0.008441868,15.150677,30.0,0.41482967,-0.4865766,4.7928843,0.3627630742629324,"{""geodesic"":false,""type"":""Point"",""coordinates"":[-75.48876924797096,9.122528947259303]}"
2324,567.8376,0.9013176,3461.849,15.762556,0,0.008451371,2.349218,30.0,0.42983007,-0.4967062,0.7896386,0.6651109543614253,"{""geodesic"":false,""type"":""Point"",""coordinates"":[-75.89344849448291,8.703380707243365]}"
2325,0.0,-1.4169655,4824.0337,15.537877,0,1.3073658,0.3486703,30.0,0.50115526,-0.47090787,1.5638815,0.6070261895157506,"{""geodesic"":false,""type"":""Point"",""coordinates"":[-75.74292449274529,8.705332376999172]}"
2326,0.0,2.8256378,3751.0798,18.801573,0,0.009151505,7.394904,30.0,0.19653022,-0.18337801,3.2502105,0.621367359082234,"{""geodesic"":false,""type"":""Point"",""coordinates"":[-75.78326085481764,8.694126829577353]}"
2329,0.0,0.0,174.92856,3.0,0,0.028309356,0.0,90.0,-0.20761245,0.17221792,0.0,0.34268504639437336,"{""geodesic"":false,""type"":""Point"",""coordinates"":[-75.76772345439288,9.217282727067042]}"
2330,0.0,-2.197052,1390228.5,84.71847,0,0.0105777,18.587288,30.0,0.5149645,-0.5545354,0.942116,0.016251019999776073,"{""geodesic"":false,""type"":""Point"",""coordinates"":[-75.53939496636687,9.199788940059664]}"
2331,0.0,12.178898,4328.429,60.7245,0,0.008438483,30.198677,30.0,0.6269339,-0.59014976,8.062352,0.5906474944766082,"{""geodesic"":false,""type"":""Point"",""coordinates"":[-75.74461639637782,9.267255474240695]}"
2332,0.0,-1.9747391,8662.107,62.42207,0,0.00844151,12.902126,30.0,0.628057,-0.62718236,7.7386827,0.21124075019338828,"{""geodesic"":false,""type"":""Point"",""coordinates"":[-75.92781339965234,9.13795274074237]}"
2334,0.0,6.3614273,1390228.5,61.02711,0,3.7863936,0.17154552,30.0,0.69009846,-0.63271236,8.62917,0.6964004947627236,"{""geodesic"":false,""type"":""Point"",""coordinates"":[-75.4824308955009,8.872087323015181]}"
2335,0.0,1.0409126,8687.629,53.37919,0,0.022511203,9.550113,30.0,0.6488925,-0.5889328,5.363547,0.42390722344486853,"{""geodesic"":false,""type"":""Point"",""coordinates"":[-76.10124566265766,8.519430430008818]}"
2336,0.0,-0.5871382,5192.4272,7.7709575,0,0.4349808,0.8096086,30.0,0.57114625,-0.53474903,1.4829266,0.3751557588928033,"{""geodesic"":false,""type"":""Point"",""coordinates"":[-75.8845194713262,9.18445643891974]}"
2337,0.0,0.119226456,4482.365,16.343994,0,0.017648838,1.8399686,30.0,0.5363911,-0.5722316,0.47040665,0.6136042696079657,"{""geodesic"":false,""type"":""Point"",""coordinates"":[-75.8858004441896,8.697972070136817]}"
2338,0.0,-5.287895,11578.018,51.538376,0,0.012176035,9.265699,30.0,0.30422622,-0.43757492,6.241939,0.6012378976057172,"{""geodesic"":false,""type"":""Point"",""coordinates"":[-75.48197120107773,8.937753383296647]}"
2342,0.0,1.2484665,2827.6492,9.221843,0,0.02372807,1.413316,90.0,0.3443129,-0.2622016,0.32187894,0.32020117581540153,"{""geodesic"":false,""type"":""Point"",""coordinates"":[-75.68175418554142,8.80855527565698]}"
2344,0.0,7.0855484,5130.7896,28.5118,0,0.016839664,14.479871,30.0,0.4469129,-0.49038327,1.1752312,0.10771842133341425,"{""geodesic"":false,""type"":""Point"",""coordinates"":[-75.69326723495845,9.266273241019098]}"
2348,13.11584,0.31648874,1244.5481,5.699652,0,0.008543074,0.3704489,30.0,0.71732074,-0.60418963,0.9268357,0.5914480605057437,"{""geodesic"":false,""type"":""Point"",""coordinates"":[-75.85414163621945,9.155498158785047]}"
2349,78.021935,0.86921406,2427.5913,6.3706913,0,0.021220434,0.4013662,30.0,0.72672,-0.6463768,0.20708793,0.4367243550009545,"{""geodesic"":false,""type"":""Point"",""coordinates"":[-75.63914586497755,8.934802448188616]}"
2350,0.0,1.4297409,1390228.5,76.36881,0,0.4694656,7.7061234,30.0,0.645512,-0.61288726,7.8556294,0.5385744750384245,"{""geodesic"":false,""type"":""Point"",""coordinates"":[-76.01897553693593,9.13011161425682]}"
2352,0.0,6.2168427,1390228.5,103.89882,0,0.01687542,19.932674,30.0,0.5542922,-0.5651925,10.414556,0.19355130945094312,"{""geodesic"":false,""type"":""Point"",""coordinates"":[-75.50298162480732,8.735302064872517]}"
2353,5.1667128,-5.7947083,9338.1,53.664993,0,0.00845088,5.569668,30.0,0.46395424,-0.39366356,3.1903367,0.14713530814874798,"{""geodesic"":false,""type"":""Point"",""coordinates"":[-75.66387655471472,8.725828979365033]}"
2354,26.690393,-1.4560509,9387.892,40.705334,0,0.24097237,3.2160654,30.0,0.4846144,-0.5367676,1.9998287,0.6553619555894116,"{""geodesic"":false,""type"":""Point"",""coordinates"":[-75.93348846035524,9.009876485857149]}"
2356,0.0,-3.5581284,6960.582,31.15509,0,0.25988966,3.4006112,30.0,0.72233635,-0.67897,2.6335223,0.325018668620199,"{""geodesic"":false,""type"":""Point"",""coordinates"":[-75.91601099737005,9.113292804652877]}"
2357,0.0,-3.42305,1390228.5,120.455826,0,0.016398886,51.28051,30.0,0.6694878,-0.6007973,9.283776,0.2677773845909174,"{""geodesic"":false,""type"":""Point"",""coordinates"":[-75.5164299070295,8.796336732794792]}"
2358,0.0,-1.4439087,1233.2883,32.276276,0,0.13610902,6.4820023,30.0,0.8153153,-0.7538079,2.8304734,0.26723168976550915,"{""geodesic"":false,""type"":""Point"",""coordinates"":[-75.94879142922764,8.5892914755499]}"
2359,0.0,0.032834053,1449.9656,4.6858163,0,0.008943331,0.19936046,30.0,0.74830025,-0.65051085,0.26892427,0.5811698112239515,"{""geodesic"":false,""type"":""Point"",""coordinates"":[-75.69330814127144,9.004980722463218]}"
2361,0.0,3.8879929,7552.615,88.45073,0,0.025359498,42.46224,10.0,0.6929804,-0.6050622,13.024227,0.503045440959425,"{""geodesic"":false,""type"":""Point"",""coordinates"":[-75.83750588675063,8.685057556807715]}"
2362,0.0,8.170944,1390228.5,134.8893,0,0.02086669,18.53893,30.0,0.61663884,-0.61270493,9.551322,0.4031011553883729,"{""geodesic"":false,""type"":""Point"",""coordinates"":[-75.58046804174067,8.754728064113753]}"
2364,0.0,0.6619587,4615.03,30.84981,0,0.016575305,1.9028116,30.0,0.59706473,-0.5601173,0.42072994,0.2930656090241701,"{""geodesic"":false,""type"":""Point"",""coordinates"":[-76.08662670075473,8.554199584242713]}"
2365,0.0,-2.404686,1390228.5,74.44689,0,0.00844524,18.582771,30.0,0.63981974,-0.5890299,6.3562937,0.5023792809497613,"{""geodesic"":false,""type"":""Point"",""coordinates"":[-75.97269769614374,8.97613182475405]}"
2366,48.87775,0.59135437,1390228.5,119.605385,0,0.1950302,14.357583,10.0,0.3608218,-0.42061365,5.9262257,0.6632692013732142,"{""geodesic"":false,""type"":""Point"",""coordinates"":[-75.46787829131345,9.22322412736374]}"
2367,254.08055,3.887703,1390228.5,127.44005,0,0.012499041,15.006062,10.0,0.6436663,-0.6099529,5.257975,0.6659575883409189,"{""geodesic"":false,""type"":""Point"",""coordinates"":[-75.44632580460504,9.241160042119454]}"
2368,0.0,12.416595,1390228.5,188.61357,0,0.3896848,22.438509,30.0,0.8405991,-0.72632635,8.42151,0.06680796487551943,"{""geodesic"":false,""type"":""Point"",""coordinates"":[-75.60086828824977,8.719964416954877]}"
2369,0.0,16.24076,1390228.5,103.26138,0,0.25113377,14.119648,30.0,0.6493135,-0.6097152,8.16276,0.5582306507003093,"{""geodesic"":false,""type"":""Point"",""coordinates"":[-76.11127407718814,8.687342350920943]}"
2370,76.29025,-13.319984,11802.36,90.13511,0,0.008451052,4.203216,10.0,0.73796123,-0.6955461,2.575698,0.6775674241192355,"{""geodesic"":false,""type"":""Point"",""coordinates"":[-75.63849924037785,8.71746095780632]}"
2371,0.0,0.0,7552.4365,0.0,0,0.034125164,0.9678896,80.0,-0.008818342,0.16119403,0.0,0.4296637988140729,"{""geodesic"":false,""type"":""Point"",""coordinates"":[-75.85051349765223,9.35004342549873]}"
2372,0.0,0.515892,1230.0,23.898935,0,0.34855777,1.4658114,30.0,0.60535663,-0.59402984,1.4938526,0.6776312264368355,"{""geodesic"":false,""type"":""Point"",""coordinates"":[-75.97573048531258,8.570231752795276]}"
2373,6.490371,0.48174572,3582.0803,5.319433,0,1.2416372,0.31489205,30.0,0.76259065,-0.69021136,0.15217833,0.6507281786806741,"{""geodesic"":false,""type"":""Point"",""coordinates"":[-75.78582458520007,9.12852014443366]}"
2374,0.0,-9.37365,8091.44,55.628082,0,0.008498996,8.871679,30.0,0.48623854,-0.55727637,3.7096214,0.47845790167730295,"{""geodesic"":false,""type"":""Point"",""coordinates"":[-75.85068399587075,8.603358325971763]}"
2376,40.806625,0.5431323,2510.3386,5.805806,0,0.008443885,0.30850163,30.0,0.5904447,-0.54607856,0.41303998,0.4586770204708349,"{""geodesic"":false,""type"":""Point"",""coordinates"":[-75.82055825442944,9.03537893256042]}"
2377,0.0,0.47444153,4471.6104,36.322323,0,0.008452707,13.142574,30.0,0.66657674,-0.63180137,4.397169,0.41420370446062005,"{""geodesic"":false,""type"":""Point"",""coordinates"":[-76.0645238380016,8.642980521851413]}"
2378,0.0,47.851486,8200.598,124.29471,0,0.009769028,72.716606,10.0,0.8213127,-0.74051994,20.1328,0.553935655200125,"{""geodesic"":false,""type"":""Point"",""coordinates"":[-76.14797285766825,8.560533801677288]}"
2379,0.0,-0.023316383,2971.3633,5.268896,0,0.023668304,0.34013173,30.0,0.52577055,-0.55435354,0.6346343,0.16149814944866114,"{""geodesic"":false,""type"":""Point"",""coordinates"":[-75.64507694660107,9.048210786199041]}"
2380,3.6080556,2.6461792,782.30426,21.267673,0,0.013669351,2.7236807,30.0,0.52599216,-0.5694165,0.5774515,0.17715322887181006,"{""geodesic"":false,""type"":""Point"",""coordinates"":[-75.95432364929673,8.621293836090778]}"
2381,0.0,26.575188,8197.524,57.801174,0,0.018690176,13.746919,30.0,0.60712016,-0.60355216,3.2153785,0.11028432928036191,"{""geodesic"":false,""type"":""Point"",""coordinates"":[-76.07961289104288,8.676038276784812]}"
2384,0.0,-5.3908653,1830.0,55.75543,0,0.008454751,18.571594,30.0,0.5683931,-0.5778223,6.5535145,0.125662603645753,"{""geodesic"":false,""type"":""Point"",""coordinates"":[-75.9459668098618,8.549413890782192]}"
2385,0.0,0.027872086,6866.265,26.766191,0,0.2555672,1.1928151,30.0,0.68991244,-0.62457126,1.6358076,0.4130371329823772,"{""geodesic"":false,""type"":""Point"",""coordinates"":[-75.95271193804344,8.845679932925453]}"
2386,0.0,-12.468643,1390228.5,88.46928,0,0.009331342,35.198505,10.0,0.4565425,-0.5280561,1.326301,0.13511821009820457,"{""geodesic"":false,""type"":""Point"",""coordinates"":[-75.55304263058744,9.195698205339736]}"
2387,40.102123,-0.36958885,1390228.5,20.164146,0,0.021162076,2.7687833,30.0,0.43856755,-0.540169,0.40216935,0.4348936020908004,"{""geodesic"":false,""type"":""Point"",""coordinates"":[-75.60164403443714,9.19209307634323]}"
2389,0.0,-1.6412907,6965.235,26.205679,0,0.11729125,2.4486609,30.0,0.5551654,-0.563824,1.0318564,0.6720887763244519,"{""geodesic"":false,""type"":""Point"",""coordinates"":[-75.51505318026908,8.982480478064518]}"
2391,0.0,-41.120605,7484.384,152.13496,0,0.00845276,30.293903,30.0,0.42081052,-0.24563088,12.957271,0.2888221184254153,"{""geodesic"":false,""type"":""Point"",""coordinates"":[-76.13376324846828,8.640068789947065]}"
2392,0.0,0.22946501,6874.7144,7.692588,0,0.00844771,1.0942566,30.0,0.685219,-0.5793074,2.4036663,0.6020692971581163,"{""geodesic"":false,""type"":""Point"",""coordinates"":[-75.64230203139131,8.866962541795418]}"
2393,79.97667,-1.5193481,8563.463,83.9575,0,0.012273459,9.634866,30.0,0.53550863,-0.5448276,4.3699965,0.544240792029832,"{""geodesic"":false,""type"":""Point"",""coordinates"":[-76.1112182201754,8.668350930543838]}"
2394,0.0,1.4468651,1390228.5,16.374588,0,0.026157403,7.748164,30.0,0.5522388,-0.5261388,0.8202733,0.10218719078483662,"{""geodesic"":false,""type"":""Point"",""coordinates"":[-75.60320869339581,9.148405397778992]}"
2395,0.0,1.6959076,11790.648,75.26546,0,0.055625435,15.826677,30.0,0.53904516,-0.5579979,7.5352798,0.6164317045250485,"{""geodesic"":false,""type"":""Point"",""coordinates"":[-75.95697234832926,9.014971172627344]}"
2398,0.0,0.98933744,5018.974,6.454945,0,0.56424063,0.1806816,30.0,0.7323028,-0.63539493,0.21515839,0.42322413126419745,"{""geodesic"":false,""type"":""Point"",""coordinates"":[-75.63336030335785,8.90279448467897]}"
2399,0.0,2.6278725,10928.9795,56.305447,0,0.015924562,6.21417,30.0,0.3675467,-0.43882647,2.4599237,0.49377099795892954,"{""geodesic"":false,""type"":""Point"",""coordinates"":[-75.4909042020606,9.086437632099146]}"
2400,0.0,-0.35553932,630.0,9.123996,0,0.041041117,0.10957766,30.0,0.64102566,-0.591574,0.5444041,0.3756827011210422,"{""geodesic"":false,""type"":""Point"",""coordinates"":[-75.84683838415059,8.951479980734966]}"
2401,0.47767806,0.26557478,432.66617,0.5611701,0,0.12535274,0.15761392,40.0,0.6847403,-0.6690843,0.5661268,0.24770748675746612,"{""geodesic"":false,""type"":""Point"",""coordinates"":[-75.91677802003116,9.409296256642243]}"
2402,0.0,-1.2333932,1560.2885,5.485199,0,0.41750824,0.025372535,30.0,0.68198824,-0.6111609,0.58058006,0.5317592043665151,"{""geodesic"":false,""type"":""Point"",""coordinates"":[-75.7259027579971,9.063254148106594]}"
2403,0.0,-0.24250841,2362.3928,6.775274,0,0.015352734,0.5241432,30.0,0.39759398,-0.47430202,0.13742116,0.2150806018417828,"{""geodesic"":false,""type"":""Point"",""coordinates"":[-75.6841008359222,8.897549324237863]}"
2404,0.0,0.8369274,3606.2446,20.3114,0,0.97862756,0.51844245,30.0,0.48697844,-0.5490082,0.5855942,0.048360718399272584,"{""geodesic"":false,""type"":""Point"",""coordinates"":[-76.01025720024346,8.74025883763374]}"
2405,0.0,-10.1329,169.70563,24.53782,0,0.012509717,0.8965399,30.0,0.67266554,-0.6519115,8.764917,0.3405134610164874,"{""geodesic"":false,""type"":""Point"",""coordinates"":[-76.03033813869726,8.603733180633387]}"
2406,0.0,0.5247855,3112.6355,4.468652,0,0.00844457,0.63954175,30.0,0.61379504,-0.55336076,0.72216815,0.3404109067802724,"{""geodesic"":false,""type"":""Point"",""coordinates"":[-75.70913825300943,9.005221906437484]}"
2407,172.24713,-2.0850677,1390228.5,123.08921,0,0.030280605,4.4812803,30.0,0.47225848,-0.47562972,2.828916,0.5562919032144036,"{""geodesic"":false,""type"":""Point"",""coordinates"":[-75.47693326760182,8.84034692467212]}"
2408,0.0,0.98216665,180.0,0.0,0,0.008868167,0.4555187,90.0,0.34157035,-0.295612,0.41062042,0.3751837057533062,"{""geodesic"":false,""type"":""Point"",""coordinates"":[-75.92745309797547,9.416593804033276]}"
2409,0.0,1.3774177,120.0,1.5295268,0,0.05564082,1.5260265,90.0,0.7229375,-0.6418996,0.24172597,0.6676996109207955,"{""geodesic"":false,""type"":""Point"",""coordinates"":[-75.949132384127,9.350878743101056]}"
2410,284.43573,1.3344326,5213.099,10.695271,0,0.010972482,1.392695,30.0,0.5585194,-0.5625,0.79435176,0.18998133917278137,"{""geodesic"":false,""type"":""Point"",""coordinates"":[-75.78553208917923,8.866417609299004]}"
2411,0.0,2.64048,1390228.5,72.06465,0,0.009705841,16.395727,30.0,0.41777956,-0.50443745,6.9121118,0.6852904505772757,"{""geodesic"":false,""type"":""Point"",""coordinates"":[-75.4667436571545,8.980102631904444]}"
2412,0.0,-9.270923,8034.009,9.779557,0,2.0691931,0.506474,30.0,0.60723895,-0.61752397,3.0344462,0.43991598348887306,"{""geodesic"":false,""type"":""Point"",""coordinates"":[-75.83354737785208,9.337874253173664]}"
2413,299.5435,5.3842545,1390228.5,77.51902,0,0.03649419,11.323971,10.0,0.5336478,-0.57424146,8.346659,0.12385762868604167,"{""geodesic"":false,""type"":""Point"",""coordinates"":[-75.51919651057287,9.206330719928026]}"
2415,0.0,-1.053875,6120.0,35.618526,0,0.05695863,0.80022365,30.0,0.5955631,-0.59465605,0.3672283,0.654704979319741,"{""geodesic"":false,""type"":""Point"",""coordinates"":[-76.04280939252976,8.478080253933054]}"
2416,0.0,-0.22502136,1390228.5,82.82224,0,0.13901591,4.1065845,30.0,0.76449275,-0.6728209,9.793684,0.31579695499375837,"{""geodesic"":false,""type"":""Point"",""coordinates"":[-76.02913555986576,9.150702443376588]}"
2417,0.0,0.046310425,3689.0242,31.036755,0,0.15617758,16.805454,30.0,0.5023849,-0.54078066,3.755199,0.24690654571958348,"{""geodesic"":false,""type"":""Point"",""coordinates"":[-75.67761661291568,8.783328367662184]}"
2419,0.0,-0.69540596,4915.699,16.47551,0,0.033388887,0.6310521,30.0,0.6224017,-0.5854574,1.7126936,0.046639687404224306,"{""geodesic"":false,""type"":""Point"",""coordinates"":[-75.75707819112,8.692009093014422]}"
2420,0.0,2.1561685,1514.3315,7.2192907,0,0.02594351,1.4578036,30.0,0.58409125,-0.5612276,0.34917012,0.35698322316673914,"{""geodesic"":false,""type"":""Point"",""coordinates"":[-75.7095691372746,8.946070450744935]}"
2422,0.0,-1.9467163,6453.9756,37.107567,0,0.6776666,1.4573623,50.0,0.116100065,-0.13874346,3.5052125,0.3970565217464952,"{""geodesic"":false,""type"":""Point"",""coordinates"":[-75.7979379182859,8.671304477607329]}"
2423,0.0,5.681526,9609.184,60.5365,0,0.014183238,17.296133,30.0,0.38338462,-0.35144883,2.9457042,0.6260352977722913,"{""geodesic"":false,""type"":""Point"",""coordinates"":[-75.61900821076337,8.804865008326585]}"
2424,0.0,0.62641907,551.5433,5.401071,0,0.014758294,0.662717,30.0,0.53348494,-0.5473671,0.93583375,0.5894501062021813,"{""geodesic"":false,""type"":""Point"",""coordinates"":[-75.6627914970983,9.03298443231042]}"
2428,155.86058,0.25492668,1462.6346,5.275148,0,0.011954099,0.48077086,30.0,0.55195516,-0.5504442,0.44983074,0.6784546101979253,"{""geodesic"":false,""type"":""Point"",""coordinates"":[-75.71990231976277,8.927599866490565]}"
2429,26.960176,-2.3093872,1390228.5,70.98697,0,0.01289924,24.160786,30.0,0.34010908,-0.32858196,5.3358693,0.055650730205188625,"{""geodesic"":false,""type"":""Point"",""coordinates"":[-76.05033171598552,8.832395984261144]}"
2430,0.0,-7.9440613,1390228.5,117.20141,0,0.010477435,24.11965,30.0,0.43088624,-0.47628796,20.368225,0.005929600956314118,"{""geodesic"":false,""type"":""Point"",""coordinates"":[-75.55325612487898,8.797098469013159]}"
2432,0.0,5.420494,2329.3992,40.357697,0,0.03111239,13.9965315,30.0,0.6640827,-0.68718886,6.223969,0.5794229296013443,"{""geodesic"":false,""type"":""Point"",""coordinates"":[-75.9483657143519,8.527430813501281]}"
2433,0.0,-1.9183464,5326.9224,56.221016,0,0.013600615,17.13975,30.0,0.5008537,-0.53895533,3.4796941,0.06972968162564963,"{""geodesic"":false,""type"":""Point"",""coordinates"":[-75.73616603619813,9.275141436383434]}"
2434,0.0,0.6748862,2308.246,0.5493397,0,0.018539347,1.1235096,90.0,0.661454,-0.6292709,0.2075171,0.09245023993029011,"{""geodesic"":false,""type"":""Point"",""coordinates"":[-75.88859199203574,9.392004156113554]}"
2437,0.0,-0.09804344,8428.292,31.33837,0,0.25651827,3.414253,30.0,0.6373374,-0.5972533,0.20728703,0.10823376062322398,"{""geodesic"":false,""type"":""Point"",""coordinates"":[-75.92369051694973,9.020482641472608]}"
2438,24.328203,0.33484387,2101.071,1.8263849,0,2.0035684,0.026655065,90.0,0.61753225,-0.56491435,1.1220614,0.03385018208672519,"{""geodesic"":false,""type"":""Point"",""coordinates"":[-75.91713994368092,9.33902499895598]}"
2439,0.0,4.8695145,1390228.5,70.87511,0,0.75654334,1.8949295,30.0,0.5960024,-0.5907033,1.5682079,0.6365840624754803,"{""geodesic"":false,""type"":""Point"",""coordinates"":[-76.03173402885842,8.912484753110276]}"
2440,0.0,-0.055158854,1360.6249,2.8333585,0,0.20431098,0.055110756,90.0,0.791167,-0.6750547,0.6335647,0.01684235003167245,"{""geodesic"":false,""type"":""Point"",""coordinates"":[-75.90959995133258,9.380826840579974]}"
2441,0.0,-4.672455,10677.851,86.32388,0,0.012438181,19.117739,30.0,0.44097465,-0.48914617,22.941742,0.3195991097871723,"{""geodesic"":false,""type"":""Point"",""coordinates"":[-75.55960642012215,8.847830205881253]}"
2443,0.0,2.2770233,3945.5417,33.916527,0,1.1474354,0.08854644,30.0,0.6363636,-0.59627163,1.9365768,0.6982262436638649,"{""geodesic"":false,""type"":""Point"",""coordinates"":[-75.90434472184829,8.584243134154843]}"
2444,0.0,-4.093666,1390228.5,83.6992,0,0.008450212,9.5364895,10.0,0.8230604,-0.7472101,3.8437874,0.0989892593700431,"{""geodesic"":false,""type"":""Point"",""coordinates"":[-75.53655742205804,8.755878259809643]}"
2446,21.211395,0.5300636,12481.479,57.845226,0,2.592426,0.30395463,30.0,0.32824674,-0.35767028,3.4329891,0.3348881292285504,"{""geodesic"":false,""type"":""Point"",""coordinates"":[-75.6542808728346,8.696812271471387]}"
2448,0.0,-0.90946007,300.0,24.129892,0,0.20404983,0.56364506,10.0,0.8765182,-0.8048187,0.49327394,0.5476339480191895,"{""geodesic"":false,""type"":""Point"",""coordinates"":[-75.9647471096148,8.538514658000603]}"
2449,0.0,-3.554657,1390228.5,66.21439,0,4.438906,0.44876927,30.0,0.64402944,-0.61165047,1.5513098,0.400920439916993,"{""geodesic"":false,""type"":""Point"",""coordinates"":[-75.9978569144417,9.094899713588335]}"
2450,0.0,7.6851997,8215.071,46.68987,0,13.074197,0.6296716,30.0,0.5679325,-0.47929937,3.2493021,0.5016071471507617,"{""geodesic"":false,""type"":""Point"",""coordinates"":[-76.06936128989855,8.714593401673435]}"
2452,0.0,-1.649643,1390228.5,136.78474,0,0.008448442,42.856144,30.0,0.41259128,-0.4858716,3.9920082,0.17252804254827014,"{""geodesic"":false,""type"":""Point"",""coordinates"":[-75.49493091051936,8.83435399403286]}"
2453,191.83372,1.4369669,4539.8237,12.118305,0,0.019540284,0.7970144,30.0,0.54966885,-0.5510696,0.45656648,0.5550936666881071,"{""geodesic"":false,""type"":""Point"",""coordinates"":[-75.81937994970043,8.751030164494948]}"
2454,0.0,3.0658913,11945.426,57.748295,0,0.022321012,9.2742195,30.0,0.5266538,-0.5500489,1.5141428,0.6220971668473126,"{""geodesic"":false,""type"":""Point"",""coordinates"":[-75.46974154958421,8.976842698047468]}"
2455,0.0,-12.409115,1390228.5,47.274414,0,0.008440778,2.285954,30.0,0.6519916,-0.6069335,4.79142,0.1307135147648416,"{""geodesic"":false,""type"":""Point"",""coordinates"":[-75.99942960979821,9.169506012352592]}"
2457,6.760223,5.3117905,1390228.5,30.162895,0,0.5019437,1.988766,30.0,0.5385017,-0.41921502,0.9662858,0.5794560969868171,"{""geodesic"":false,""type"":""Point"",""coordinates"":[-76.02686668143217,9.21609419155655]}"
2458,36.04759,14.149956,5701.6577,66.375656,0,2.2382228,6.4060836,10.0,0.6868714,-0.64834,8.825142,0.4754914802118029,"{""geodesic"":false,""type"":""Point"",""coordinates"":[-76.13388714577906,8.590147905449944]}"
2459,0.0,-24.090218,13068.745,99.80131,0,0.00845304,43.35138,10.0,0.40524232,-0.48594218,15.179246,0.2863825603232031,"{""geodesic"":false,""type"":""Point"",""coordinates"":[-75.72068786291668,8.627772797412893]}"
2460,0.0,7.4568176,1390228.5,92.345665,0,0.09892673,9.342702,30.0,0.5981933,-0.5465035,6.0080185,0.21292069414126713,"{""geodesic"":false,""type"":""Point"",""coordinates"":[-75.66641672354487,8.619730665475142]}"
2461,0.0,-0.3333168,3170.6467,16.743122,0,0.27233192,3.0847502,30.0,0.5334207,-0.49202976,0.8607138,0.20449562060720594,"{""geodesic"":false,""type"":""Point"",""coordinates"":[-75.73997764245672,8.732200290250383]}"
2462,0.0,-6.551716,2155.4119,38.086926,0,0.09055643,16.974937,30.0,0.58693784,-0.549217,7.948608,0.0694998954929007,"{""geodesic"":false,""type"":""Point"",""coordinates"":[-75.99238710333759,8.581313420864817]}"
2463,885.92914,-1.8640385,807.21747,11.87507,0,0.016122509,1.6998084,10.0,0.584412,-0.5390023,0.79400223,0.06286818552724749,"{""geodesic"":false,""type"":""Point"",""coordinates"":[-75.83731571008707,8.963711286466786]}"
2465,0.0,0.30477905,11795.8,30.47997,0,0.13306251,1.1692312,30.0,0.1251871,-0.13710068,0.7467157,0.2283864697194422,"{""geodesic"":false,""type"":""Point"",""coordinates"":[-75.75258410218557,8.626083557986416]}"
2466,0.0,23.44529,1390228.5,80.33157,0,0.013295639,22.483866,60.0,0.15037128,-0.12055455,5.1970444,0.09310982347141283,"{""geodesic"":false,""type"":""Point"",""coordinates"":[-75.54698900940718,8.801720467600855]}"
2467,0.0,-4.550022,1987.2594,20.938873,0,0.026884133,12.189621,30.0,0.45987096,-0.52788657,2.4534888,0.6477214738807117,"{""geodesic"":false,""type"":""Point"",""coordinates"":[-75.7606785933446,9.24307369534284]}"
2468,0.0,0.24944782,318.9044,11.124684,0,2.9278483,0.83564883,30.0,0.7935693,-0.70774376,0.206004,0.2990693797708248,"{""geodesic"":false,""type"":""Point"",""coordinates"":[-75.84893285778348,8.913218336499789]}"
2469,0.0,-13.033447,11291.523,76.40036,0,0.012026279,21.312664,10.0,0.15018567,-0.13877726,11.738739,0.568614125599258,"{""geodesic"":false,""type"":""Point"",""coordinates"":[-75.80548106748515,8.628146854930632]}"
2470,0.0,-0.64091825,540.0,7.309262,0,0.023558704,1.230144,30.0,0.6151079,-0.54961175,0.082152784,0.25842991548511807,"{""geodesic"":false,""type"":""Point"",""coordinates"":[-75.85919017728725,9.097423383789424]}"
2473,5.8284397,1.4570847,870.0,57.955383,0,0.064428434,55.216717,30.0,0.7823095,-0.70453435,3.2120523,0.4743629173319426,"{""geodesic"":false,""type"":""Point"",""coordinates"":[-75.87567804447144,9.25312173685546]}"
2474,4.570742,1.6930494,2232.3306,12.743914,0,0.014592329,0.0,30.0,0.6989247,-0.62841225,0.092366114,0.14175809441385356,"{""geodesic"":false,""type"":""Point"",""coordinates"":[-75.83643928831368,8.818010890605157]}"
2476,0.0,-7.544159,9901.318,68.96149,0,0.012723506,14.297908,30.0,0.43257612,-0.51263076,16.485922,0.39004486852550757,"{""geodesic"":false,""type"":""Point"",""coordinates"":[-76.06837479077208,8.75122319960615]}"
2477,180.6123,2.7962189,10703.906,71.78138,0,0.69369704,4.0224366,10.0,0.7596097,-0.6870305,10.985181,0.19105468650712132,"{""geodesic"":false,""type"":""Point"",""coordinates"":[-75.62382534213671,8.749232247273847]}"
2479,0.0,0.23023796,4480.357,16.370129,0,0.056298245,0.32087523,30.0,0.79815304,-0.6615197,0.18558441,0.5858883678030333,"{""geodesic"":false,""type"":""Point"",""coordinates"":[-75.91084616951319,8.904118232838751]}"
2480,0.0,1.5826054,7710.9336,26.7006,0,0.011495468,3.2670417,30.0,0.50993377,-0.52626157,0.65053904,0.37496545608157206,"{""geodesic"":false,""type"":""Point"",""coordinates"":[-75.95980371822839,8.845390510154179]}"
2483,0.0,-5.7800217,9496.173,81.9708,0,0.00864486,14.264837,30.0,0.77517164,-0.6928533,3.993948,0.21650397028054402,"{""geodesic"":false,""type"":""Point"",""coordinates"":[-76.08567994994401,8.699896383694313]}"
2484,0.0,1.2691107,3470.807,9.312875,0,0.008444255,2.2549171,30.0,0.6051885,-0.5537536,0.5351159,0.6302292419535395,"{""geodesic"":false,""type"":""Point"",""coordinates"":[-75.87783566146916,9.018967083590399]}"
2485,0.0,-6.6439285,1390228.5,106.32697,0,0.02095199,26.09361,10.0,0.715994,-0.6613603,20.618832,0.05544360873282084,"{""geodesic"":false,""type"":""Point"",""coordinates"":[-75.72329598629324,8.565360214411738]}"
2486,39.157757,5.459469,1390228.5,60.64409,0,0.037866443,8.970122,30.0,0.61764705,-0.60634923,1.3764217,0.09627098242845333,"{""geodesic"":false,""type"":""Point"",""coordinates"":[-75.98723708302566,9.104424564996805]}"
2487,0.0,-0.017115593,4052.5547,9.260367,0,0.014785908,0.85620254,30.0,0.6204152,-0.6021211,0.25330517,0.4865834098246231,"{""geodesic"":false,""type"":""Point"",""coordinates"":[-75.67880168882924,8.834880308694299]}"
2488,9.262205,11.581436,13957.32,175.81728,0,0.015904922,23.542263,10.0,0.84661657,-0.76945245,23.8991,0.4196825474874821,"{""geodesic"":false,""type"":""Point"",""coordinates"":[-76.15676590803028,8.493494947473755]}"
2491,0.0,-1.6527634,1390228.5,65.963326,0,5.9680953,1.4851147,30.0,0.5319408,-0.54584616,1.8428837,0.36230706289456593,"{""geodesic"":false,""type"":""Point"",""coordinates"":[-75.5186341330377,9.195206625931641]}"
2492,0.0,-1.3892155,6961.3574,21.083744,0,1.5852956,0.09793298,30.0,0.5061548,-0.5674784,0.5442631,0.5739838874928951,"{""geodesic"":false,""type"":""Point"",""coordinates"":[-75.64328932864241,8.806994994140329]}"
2500,0.0,0.0,0.0,3.0,1,1537.2671,0.0,90.0,-0.050724637,0.06821856,0.0,0.07704433198457616,"{""geodesic"":false,""type"":""Point"",""coordinates"":[-75.73386912735721,9.221151928299358]}"
2502,0.0,0.89275885,2983.756,4.1878934,1,0.014928303,1.5134418,30.0,0.52087116,-0.527339,0.5479983,0.2990287495616345,"{""geodesic"":false,""type"":""Point"",""coordinates"":[-75.90099225349661,9.219958341106416]}"
2503,0.0,1.4613342,3125.188,24.600367,1,0.02302673,0.5315238,30.0,0.5252459,-0.53886867,0.6188337,0.5610818295320208,"{""geodesic"":false,""type"":""Point"",""coordinates"":[-76.01151038443302,8.49362782617185]}"
2505,0.0,0.03462529,684.76276,3.8688447,1,0.008440952,1.916648,30.0,0.56618345,-0.5321405,0.42620146,0.07155736367374899,"{""geodesic"":false,""type"":""Point"",""coordinates"":[-75.76105074727418,9.161674853708279]}"
2507,0.0,0.0,1356.6503,3.0,1,0.08211915,0.13122196,30.0,0.4510194,-0.5072314,0.0,0.26441594972357296,"{""geodesic"":false,""type"":""Point"",""coordinates"":[-75.65924115293075,9.180867832450508]}"
2509,0.0,0.0,90.0,3.0,1,0.010909549,0.0,90.0,0.54306346,-0.4915254,0.0,0.2904697029528298,"{""geodesic"":false,""type"":""Point"",""coordinates"":[-75.67262258408263,9.181657170027476]}"
2510,0.0,-0.08248234,1110.0,3.0,1,1.1211158,0.0,90.0,0.52821916,-0.41897735,0.6010778,0.0990807904145592,"{""geodesic"":false,""type"":""Point"",""coordinates"":[-75.72152685575445,9.19485796720728]}"
2512,0.0,0.0,300.0,3.0,1,0.013013759,0.4935652,90.0,0.42828283,-0.3080481,0.0,0.1669708313082865,"{""geodesic"":false,""type"":""Point"",""coordinates"":[-75.67614512290181,9.167269995948782]}"
2513,0.0,16.576828,1390228.5,65.72735,1,0.044117916,13.142691,30.0,0.14176,-0.03570392,3.0305734,0.0022997894351263204,"{""geodesic"":false,""type"":""Point"",""coordinates"":[-75.4604549362233,8.970884809640623]}"
2514,0.0,0.18301487,1485.5302,3.0,1,0.08794985,0.48802617,90.0,0.63062614,-0.5524984,0.0,0.1050688336178155,"{""geodesic"":false,""type"":""Point"",""coordinates"":[-75.81838786560647,9.16127848130449]}"
2515,0.0,0.52596855,1890.9521,16.947289,1,0.031732935,0.37028202,30.0,0.6634352,-0.61369663,0.26651245,0.42223983804091514,"{""geodesic"":false,""type"":""Point"",""coordinates"":[-75.99604980103797,8.730257711685628]}"
2516,0.0,0.0,1666.2833,3.0,1,0.29417485,0.07245517,90.0,0.51472193,-0.4948879,0.0,0.4772237088927288,"{""geodesic"":false,""type"":""Point"",""coordinates"":[-75.72634714374543,9.148179650656369]}"
2517,0.0,-0.2360897,1154.513,11.246134,1,0.008446196,1.0613126,30.0,0.51340616,-0.52323836,2.3276904,0.5483531671933192,"{""geodesic"":false,""type"":""Point"",""coordinates"":[-75.88690933852664,8.934292864666372]}"
2518,0.0,-0.4965248,2742.4988,6.0935907,1,7.4452024,0.204935,30.0,0.4763471,-0.5142709,0.8996514,0.22760856247960792,"{""geodesic"":false,""type"":""Point"",""coordinates"":[-75.869146273152,9.150578705926971]}"
2519,0.3259189,1.2520256,5361.278,27.432394,1,5.5246787,0.403581,30.0,0.5045662,-0.53113383,0.25279096,0.3046283003789788,"{""geodesic"":false,""type"":""Point"",""coordinates"":[-76.035154270337,8.468875833766488]}"
2520,0.0,1.155138,342.0526,16.244757,1,0.014138282,2.5160334,30.0,0.74404764,-0.6364144,0.32311255,0.6215121486455067,"{""geodesic"":false,""type"":""Point"",""coordinates"":[-75.98293177696347,8.719439192431691]}"
2521,0.0,0.0,834.0863,3.0,1,0.009282906,0.99594104,90.0,0.58092576,-0.41459346,0.0,0.5666622422157863,"{""geodesic"":false,""type"":""Point"",""coordinates"":[-75.7530556265096,9.125062263773199]}"
2522,0.0,-1.3231668,865.33234,12.137289,1,0.014181219,0.60786325,30.0,0.49559784,-0.51365334,1.2955022,0.475039097272437,"{""geodesic"":false,""type"":""Point"",""coordinates"":[-75.88376455868381,8.87460927118573]}"
2523,0.0,1.8374052,335.4102,11.585372,1,0.032229148,0.6971421,30.0,0.48335877,-0.51717675,0.3799323,0.6272933125140344,"{""geodesic"":false,""type"":""Point"",""coordinates"":[-75.88020503695734,8.869191201091734]}"
2525,0.0,2.2564485,2100.0,3.0,1,0.12276778,0.0,30.0,0.3641072,-0.36873022,1.9344975,0.34923733308906,"{""geodesic"":false,""type"":""Point"",""coordinates"":[-75.69055697998168,9.136310976595018]}"
2526,0.0,-0.48277712,1650.818,7.3122106,1,0.030340593,0.7862762,30.0,0.53455573,-0.52894884,0.831233,0.616765254572543,"{""geodesic"":false,""type"":""Point"",""coordinates"":[-75.87005122980935,9.073250008809945]}"
2527,0.0,2.3918457,2240.5803,24.45726,1,0.06873625,1.1093879,30.0,0.5303075,-0.5618649,1.1000013,0.3766092743005186,"{""geodesic"":false,""type"":""Point"",""coordinates"":[-75.99632864518809,8.524597453187022]}"
2528,0.0,1.0592709,1764.908,4.4920764,1,0.018432159,1.237065,30.0,0.556596,-0.5354523,0.7223335,0.22339451044865466,"{""geodesic"":false,""type"":""Point"",""coordinates"":[-75.83595293907132,9.200037466511835]}"
2529,0.0,1.336067,3886.2449,3.0,1,0.019819822,0.65697205,90.0,0.22409639,-0.19164908,1.2120999,0.3384273083557914,"{""geodesic"":false,""type"":""Point"",""coordinates"":[-75.67766597879806,9.105131995971709]}"
2531,0.0,0.0,1158.0155,3.0,1,1.3554575,0.0,90.0,0.6580094,-0.55095387,0.0,0.46268702538489714,"{""geodesic"":false,""type"":""Point"",""coordinates"":[-75.71825005520894,9.194864504515547]}"
2532,0.0,0.675972,258.06976,10.161772,1,1.472488,0.033361368,30.0,0.73595774,-0.64850694,0.87426054,0.2903702373103523,"{""geodesic"":false,""type"":""Point"",""coordinates"":[-75.85993505924682,8.950907150631563]}"
2533,0.0,0.074252605,5568.2134,7.5476165,1,0.012606221,0.68115705,30.0,0.5139329,-0.5257699,0.48605517,0.27271165461991853,"{""geodesic"":false,""type"":""Point"",""coordinates"":[-75.6621652892225,8.837352089912734]}"
2535,0.0,0.13207436,127.27922,18.989803,1,0.050572608,0.20222287,30.0,0.59053385,-0.5541812,0.23849161,0.1647135061906052,"{""geodesic"":false,""type"":""Point"",""coordinates"":[-76.01239730987461,8.623044349668264]}"
2537,0.0,1.1183968,1043.5516,20.216232,1,0.01523462,0.6470936,30.0,0.426492,-0.48036253,0.2718141,0.02221611668638601,"{""geodesic"":false,""type"":""Point"",""coordinates"":[-76.01617850912602,8.609739817657916]}"
2538,0.0,-1.8872623,1712.104,5.460089,1,0.008440242,0.76780915,30.0,0.44875306,-0.48361382,0.32884938,0.15024641211873035,"{""geodesic"":false,""type"":""Point"",""coordinates"":[-75.65352778519751,9.192274199385555]}"
2540,0.0,0.0,1905.4133,3.0,1,0.32216647,0.36903453,90.0,0.21765397,-0.26433176,0.0,0.22452495587012722,"{""geodesic"":false,""type"":""Point"",""coordinates"":[-75.67146510694474,9.146928766250795]}"
2541,0.0,-0.7813587,722.49567,9.12247,1,0.2289613,0.50356007,90.0,0.5244838,-0.49992743,1.1343474,0.5270658552775688,"{""geodesic"":false,""type"":""Point"",""coordinates"":[-75.76481058832265,8.739748365001422]}"
2542,0.0,0.0,84.85281,3.0,1,0.016094575,0.9234064,90.0,0.5261068,-0.49639457,0.0,0.25899897880433487,"{""geodesic"":false,""type"":""Point"",""coordinates"":[-75.74644703751333,9.228723223873644]}"
2543,0.0,1.2111855,1400.7141,24.99278,1,0.05558582,0.3384425,30.0,0.60706294,-0.6042701,0.7324798,0.5294593203502127,"{""geodesic"":false,""type"":""Point"",""coordinates"":[-75.99571833178096,8.499366235101212]}"
2544,0.0,0.7095947,764.8529,17.132856,1,0.009624474,1.3115835,30.0,0.7043531,-0.5935557,0.39282578,0.018286565813872557,"{""geodesic"":false,""type"":""Point"",""coordinates"":[-75.95615258577249,8.697801897292958]}"
2545,0.0,0.69926643,4586.96,8.40748,1,7.5569057,0.40817797,30.0,0.7272222,-0.629028,0.83192766,0.04667642863239452,"{""geodesic"":false,""type"":""Point"",""coordinates"":[-75.92528795541998,9.216912222560007]}"
2546,0.0,-0.13414955,1936.8015,18.256094,1,0.036381364,1.5584732,30.0,0.41502962,-0.4991741,0.39163077,0.47083740449671707,"{""geodesic"":false,""type"":""Point"",""coordinates"":[-76.01910146256921,8.682987552063713]}"
2547,0.0,0.0,1654.3579,3.0,1,0.016916199,0.0,90.0,0.44822592,-0.36472192,0.0,0.6767620679970974,"{""geodesic"":false,""type"":""Point"",""coordinates"":[-75.69750064815796,9.196804523595995]}"
2550,0.0,0.5552759,1138.4199,15.681814,1,0.05722614,0.7443656,30.0,0.5010905,-0.5677677,0.1437715,0.578188045310036,"{""geodesic"":false,""type"":""Point"",""coordinates"":[-75.96038493736577,8.753411861664393]}"
2551,0.0,-0.5148115,1337.9462,3.957359,1,0.008441068,1.6749871,40.0,0.5845907,-0.5016733,0.35482693,0.2087242269466837,"{""geodesic"":false,""type"":""Point"",""coordinates"":[-75.76868591266164,9.157046166620317]}"
2552,0.0,0.34511185,2916.0247,3.0,1,4.158155,0.5047398,40.0,0.4815204,-0.41936567,0.0,0.31662913565349715,"{""geodesic"":false,""type"":""Point"",""coordinates"":[-75.69078354490253,9.112161995606149]}"
2553,0.0,0.89590454,90.0,23.34051,1,0.22527628,1.8487653,30.0,0.6533413,-0.5843339,3.3540244,0.6378119512560662,"{""geodesic"":false,""type"":""Point"",""coordinates"":[-75.96565640251787,8.574869541267512]}"
2554,0.0,-0.33503914,2121.7446,4.543895,1,0.016824856,1.2412343,30.0,0.6761168,-0.59830695,1.0217208,0.501798309226546,"{""geodesic"":false,""type"":""Point"",""coordinates"":[-75.8178015010093,9.143643743532259]}"
2555,0.0,0.84056664,2801.4282,15.177801,1,0.14922005,0.25620264,30.0,0.80560374,-0.6774937,0.2838485,0.27639174246591924,"{""geodesic"":false,""type"":""Point"",""coordinates"":[-75.95446266902802,8.783814678396322]}"
2556,0.0,1.3644199,1722.8464,16.177885,1,0.016376117,1.9776212,30.0,0.6153647,-0.4752311,0.43613833,0.08998736904392801,"{""geodesic"":false,""type"":""Point"",""coordinates"":[-75.97087447345125,8.696679363647544]}"
2557,0.0,-2.3286285,5501.136,4.2601905,1,0.00844153,2.516488,30.0,0.39242902,-0.44650173,0.7777654,0.4611265547146782,"{""geodesic"":false,""type"":""Point"",""coordinates"":[-75.63977526380067,9.136946679690656]}"
2558,0.0,0.07608366,60.0,6.473102,1,0.014851425,1.3367524,30.0,0.7370753,-0.6352801,0.3519768,0.6632367002174888,"{""geodesic"":false,""type"":""Point"",""coordinates"":[-75.83765854477544,9.112124958437779]}"
2560,0.0,3.7291114,120.0,3.6425202,1,0.008763428,3.0868807,30.0,0.6204528,-0.58143,0.6401535,0.08287563565546474,"{""geodesic"":false,""type"":""Point"",""coordinates"":[-75.86500124245266,9.242566186547997]}"
2561,0.0,-0.11942148,2835.4365,3.7219045,1,0.06989353,1.1045809,30.0,0.55791193,-0.5440582,0.16956152,0.39643748127682865,"{""geodesic"":false,""type"":""Point"",""coordinates"":[-75.91001757727383,9.225361966765478]}"
2565,0.0,-0.7575083,1020.0,4.282834,1,0.012455586,1.0608245,90.0,0.51729816,-0.47418967,0.19757906,0.23826724424702572,"{""geodesic"":false,""type"":""Point"",""coordinates"":[-75.83160421471914,9.208729836640655]}"
2566,110.58423,3.259241,2495.7764,9.26307,1,0.00844802,1.0762345,30.0,0.5573978,-0.5491265,2.887309,0.6585689971137407,"{""geodesic"":false,""type"":""Point"",""coordinates"":[-75.73748977384582,8.853220169018787]}"
2568,3.4051673,0.28896904,524.78564,21.954388,1,0.011257219,1.7480118,30.0,0.5872595,-0.5767963,1.4444089,0.24510217731965322,"{""geodesic"":false,""type"":""Point"",""coordinates"":[-76.0474571620023,8.583609653038268]}"
2569,0.0,3.6518822,1927.7189,17.890942,1,0.031513494,0.6501698,30.0,0.67780995,-0.6055416,0.34524053,0.1564777429643689,"{""geodesic"":false,""type"":""Point"",""coordinates"":[-75.96539036193771,8.684755218572603]}"
2570,0.0,0.3102646,108.16654,19.016607,1,0.008833917,0.2848752,30.0,0.5514316,-0.5584554,0.046880715,0.6805088503113643,"{""geodesic"":false,""type"":""Point"",""coordinates"":[-76.01512642050622,8.624122412456773]}"
2572,0.0,0.0,210.0,3.0,1,0.013770618,0.33267978,90.0,0.30609018,-0.23695381,0.0,0.6656409553959545,"{""geodesic"":false,""type"":""Point"",""coordinates"":[-75.68385965833569,9.203342589564334]}"
2573,0.0,-3.2615662E-4,1596.778,17.130533,1,0.08127856,0.52581984,30.0,0.541183,-0.52433026,0.45760405,0.6425737796002186,"{""geodesic"":false,""type"":""Point"",""coordinates"":[-76.01501660542365,8.684897660339194]}"
2574,0.0,1.4093328,6167.1714,7.4499574,1,0.009198742,1.3246149,30.0,0.5555242,-0.560368,0.43022305,0.37326034156537935,"{""geodesic"":false,""type"":""Point"",""coordinates"":[-75.65181646969624,8.847409735899898]}"
2576,0.0,0.53739667,1803.2471,3.0,1,0.08063644,0.57524395,30.0,0.5557369,-0.5305074,0.95074624,0.3897953038203805,"{""geodesic"":false,""type"":""Point"",""coordinates"":[-75.72964010216714,9.156312922620689]}"
2577,0.0,0.0,3250.2615,3.0,1,1.1562138,1.1920216,90.0,0.009849906,-0.0373404,0.0,0.28512554854127325,"{""geodesic"":false,""type"":""Point"",""coordinates"":[-75.68234716808946,9.126287200657359]}"
2578,0.0,6.538059,10834.154,62.647297,1,0.6281956,0.6984493,30.0,-0.08805031,0.13647643,0.7672206,0.2916014387229554,"{""geodesic"":false,""type"":""Point"",""coordinates"":[-75.81963146787636,8.6156356442408]}"
2579,0.0,0.5191078,3468.083,22.533096,1,0.008752092,1.0210559,30.0,0.64858377,-0.6020527,0.3729484,0.479591797288328,"{""geodesic"":false,""type"":""Point"",""coordinates"":[-76.06238704892084,8.561049752430955]}"
2581,0.0,-0.25401163,445.98206,6.756368,1,0.009342308,1.3999996,30.0,0.4272099,-0.5199188,0.2822954,0.596319324200249,"{""geodesic"":false,""type"":""Point"",""coordinates"":[-75.85891072410466,9.094710820919618]}"
2582,0.0,0.061540365,1514.3315,4.1849456,1,0.01149749,0.9091683,30.0,0.58502567,-0.48543912,0.16997808,0.053602597811930885,"{""geodesic"":false,""type"":""Point"",""coordinates"":[-75.91115379066316,9.242452028006554]}"
2583,0.0,3.4223335,2444.77,1.9650534,1,0.02392666,0.47218868,30.0,0.59172994,-0.56389815,0.8277895,0.31064196841199,"{""geodesic"":false,""type"":""Point"",""coordinates"":[-75.77190037084097,9.128278663020561]}"
2584,0.0,1.1535978,270.0,10.443461,1,0.016131207,0.903772,30.0,0.6480046,-0.5873894,0.33656386,0.392269649125049,"{""geodesic"":false,""type"":""Point"",""coordinates"":[-75.86153657465105,8.935709275519972]}"
2586,0.0,4.375801,5105.3794,25.96835,1,1.9080236,0.14973606,30.0,0.73399717,-0.65362877,1.1958543,0.0228122356354028,"{""geodesic"":false,""type"":""Point"",""coordinates"":[-76.03325466312944,8.471865357564438]}"
2587,72.007095,-0.20057487,570.0,5.4112654,1,0.122721136,1.424731,80.0,-0.07267904,0.28740317,0.4116666,0.37600335782712946,"{""geodesic"":false,""type"":""Point"",""coordinates"":[-75.72105169676198,9.229860362678549]}"
2588,0.0,0.38058567,254.55844,9.322754,1,0.018535359,0.11121425,30.0,0.6073998,-0.52325296,0.20557036,0.6846591868001901,"{""geodesic"":false,""type"":""Point"",""coordinates"":[-75.85883529471056,8.947382487396135]}"
2589,0.0,0.7932501,2991.7385,4.3782625,1,0.0101483,0.72986674,90.0,0.4814815,-0.5532911,0.5031872,0.4666190156837612,"{""geodesic"":false,""type"":""Point"",""coordinates"":[-75.86048857719341,9.18342920012444]}"
2590,38.20652,7.3947525,0.0,8.5,1,3137.6462,0.6533039,80.0,0.06506287,0.01417004,0.0,0.5451699724138254,"{""geodesic"":false,""type"":""Point"",""coordinates"":[-75.85474603394921,8.949019891974865]}"
2591,0.0,0.093116045,569.20996,3.5,1,0.015499078,0.811449,30.0,0.65421283,-0.5518492,0.0,0.670971654258167,"{""geodesic"":false,""type"":""Point"",""coordinates"":[-75.72352660432331,9.103415811424759]}"
2593,0.0,4.191416,256.3201,13.354576,1,0.016334195,1.1051728,40.0,0.41074705,-0.4806052,0.6533078,0.21763738397941335,"{""geodesic"":false,""type"":""Point"",""coordinates"":[-75.89015962782157,8.811104359430766]}"
2595,0.0,-0.10296059,888.4256,7.812244,1,0.016791398,0.19571216,30.0,0.5757785,-0.58543354,0.50351244,0.42178410610744654,"{""geodesic"":false,""type"":""Point"",""coordinates"":[-75.85354418701623,9.018481638274745]}"
2596,0.0,0.0,2684.7905,3.0,1,0.024295455,1.0407473,90.0,0.3580947,-0.37703034,0.0,0.3212556768007675,"{""geodesic"":false,""type"":""Point"",""coordinates"":[-75.66273156109638,9.1488441630861]}"
2598,0.0,1.8618351,4484.5737,0.0,1,0.2562031,1.141235,90.0,0.23043478,-0.10763209,0.0,0.36703483421490646,"{""geodesic"":false,""type"":""Point"",""coordinates"":[-75.88466814270485,9.3529444503016]}"
2601,0.0,1.2087603,192.09373,15.202728,1,1.3185197,0.10612853,30.0,0.5486027,-0.55616605,0.36348698,0.18266810570863368,"{""geodesic"":false,""type"":""Point"",""coordinates"":[-75.95842249828677,8.732525198103188]}"
2603,0.0,0.5633286,30.0,0.9654334,1,0.011465568,0.27046865,90.0,0.42044833,-0.46489993,0.4271098,0.3544913210440179,"{""geodesic"":false,""type"":""Point"",""coordinates"":[-75.91591769019468,9.393833612786484]}"
2605,0.0,0.0,2954.8096,3.0,1,160.00613,0.012739911,90.0,0.6845681,-0.6066029,0.0,0.34158369849240044,"{""geodesic"":false,""type"":""Point"",""coordinates"":[-75.65673175897035,9.152653747766646]}"
2606,0.0,-1.3648853,445.98206,22.394827,1,0.10366627,1.3615307,30.0,0.6466431,-0.5873479,2.4418468,0.40536540024649315,"{""geodesic"":false,""type"":""Point"",""coordinates"":[-75.96158323257748,8.58112011509125]}"
2607,0.0,-0.0031757355,886.3972,7.5478625,1,0.037828106,0.60063356,30.0,0.52514255,-0.57032293,0.1618234,0.2747445973573648,"{""geodesic"":false,""type"":""Point"",""coordinates"":[-75.8632693202334,9.090902022568066]}"
2608,0.0,0.15309238,531.6014,13.760504,1,0.026713477,0.27641177,30.0,0.718545,-0.59977794,0.33204612,0.10575610261561352,"{""geodesic"":false,""type"":""Point"",""coordinates"":[-75.93588552602802,8.771651782340383]}"
2609,0.0,-0.31166077,1100.6362,13.843146,1,0.019247603,0.5022946,30.0,0.4080828,-0.5076517,0.09678072,0.21315728638728504,"{""geodesic"":false,""type"":""Point"",""coordinates"":[-75.93753419121994,8.776531473262764]}"
2610,0.0,0.0,2338.0762,3.0,1,0.009193402,0.592372,90.0,0.5825965,-0.4640353,0.0,0.30383372394628194,"{""geodesic"":false,""type"":""Point"",""coordinates"":[-75.75783071600527,9.188271696285364]}"
2611,0.0,0.26875114,94.86833,20.648617,1,191.70894,0.019888945,30.0,0.6344304,-0.6204819,0.45438036,0.3736482716143097,"{""geodesic"":false,""type"":""Point"",""coordinates"":[-76.05511741935467,8.593627402847991]}"
2612,0.0,0.0,763.67535,3.5,1,0.008442839,1.5862385,90.0,0.33575055,-0.30360934,0.0,0.42921741460622753,"{""geodesic"":false,""type"":""Point"",""coordinates"":[-75.69945910968144,9.080942253864396]}"
2613,0.0,0.16429901,1442.4978,16.435251,1,0.021341247,0.99097407,30.0,0.7570767,-0.6480811,0.23515786,0.3517314610457778,"{""geodesic"":false,""type"":""Point"",""coordinates"":[-76.00362601352569,8.707989767062745]}"
2614,0.0,0.22248721,2174.1206,3.0,1,0.013705271,0.36207667,90.0,0.59505165,-0.5416982,0.0,0.29473351361883626,"{""geodesic"":false,""type"":""Point"",""coordinates"":[-75.70198045886832,9.11403989559825]}"
2615,0.0,0.0,630.0,3.5,1,0.86737525,0.0,90.0,0.22103061,-0.15458818,0.0,0.6311850755076797,"{""geodesic"":false,""type"":""Point"",""coordinates"":[-75.69918349974348,9.079586120588546]}"
2617,0.0,0.0,1140.3947,3.0,1,0.17377779,0.0,90.0,0.592126,-0.43693,0.0,0.11728039263307388,"{""geodesic"":false,""type"":""Point"",""coordinates"":[-75.66088151994661,9.181950167384988]}"
2618,0.0,2.3628483,1430.2797,16.959751,1,0.3137386,0.27443,30.0,0.7640662,-0.65932846,4.4700003,0.1249990467117732,"{""geodesic"":false,""type"":""Point"",""coordinates"":[-75.96188509085367,8.700229341378327]}"
2619,0.0,0.59320164,3122.595,5.454781,1,0.05408066,1.5507315,30.0,0.6194263,-0.5398326,0.0571763,0.25581972299222033,"{""geodesic"":false,""type"":""Point"",""coordinates"":[-75.871339702783,9.15437192701159]}"
2621,0.0,0.8324158,1733.2628,3.764491,1,0.05632882,1.6725142,30.0,0.41810405,-0.47159764,0.28132638,0.29434202823767286,"{""geodesic"":false,""type"":""Point"",""coordinates"":[-75.77006803019731,9.164911711699013]}"
2624,0.0,-0.2692935,3030.0,0.75933313,1,0.1120084,0.4644283,90.0,0.41002005,-0.43591836,0.3302275,0.5091652003127435,"{""geodesic"":false,""type"":""Point"",""coordinates"":[-75.8971481603909,9.425625591337747]}"
2625,0.0,0.0,2889.9827,0.5,1,0.011663996,0.17607899,40.0,0.41238752,-0.2826923,0.0,0.04213020487912311,"{""geodesic"":false,""type"":""Point"",""coordinates"":[-75.9547229422243,9.297143989124121]}"
2627,0.0,-0.40318537,4586.469,4.839926,1,3.0386503,0.08949446,30.0,0.6407929,-0.61533034,0.31773922,0.37878452711998334,"{""geodesic"":false,""type"":""Point"",""coordinates"":[-75.9400925981369,9.239121650617038]}"
2628,0.0,0.41862106,530.75415,20.425493,1,1.1678969,0.30467844,30.0,0.35915324,-0.49037194,0.73946494,0.015163802480762545,"{""geodesic"":false,""type"":""Point"",""coordinates"":[-76.0366427811287,8.616468080702287]}"
2629,0.0,-1.5285261,1654.3579,4.0768833,1,0.08412449,0.19284315,90.0,0.5417089,-0.46737385,0.97659695,0.4535103477441843,"{""geodesic"":false,""type"":""Point"",""coordinates"":[-75.71717855506186,9.20517715439926]}"
2630,0.0,0.0,2462.925,3.5,1,0.008443078,0.59502715,30.0,0.5552661,-0.4336192,0.0,0.005436619962368883,"{""geodesic"":false,""type"":""Point"",""coordinates"":[-75.668319561146,9.070418541598464]}"
2632,0.0,-0.9374714,0.0,14.512446,1,249.40279,0.59083855,30.0,0.74376994,-0.5847851,0.5254335,0.49654303458739824,"{""geodesic"":false,""type"":""Point"",""coordinates"":[-75.94103949813467,8.760514814412256]}"
2633,0.0,0.66257095,3181.9805,17.233587,1,1.1200581,0.23175344,30.0,0.48083916,-0.51343626,0.015898144,0.6841612921340755,"{""geodesic"":false,""type"":""Point"",""coordinates"":[-75.99774807780912,8.753586506765343]}"
2636,0.0,-2.551899,2672.6953,19.682028,1,0.008452395,1.3327628,30.0,0.47942218,-0.5247191,2.7712586,0.18378320434889772,"{""geodesic"":false,""type"":""Point"",""coordinates"":[-76.02966442343302,8.656912903572112]}"
2640,0.0,0.6931989,174.92856,3.742496,1,0.0111975325,3.8862731,40.0,0.31463727,-0.41462663,1.0696523,0.11323244287501,"{""geodesic"":false,""type"":""Point"",""coordinates"":[-75.74617565773785,9.229537769152072]}"
2641,0.0,0.0,1986.3534,3.0,1,0.2492091,0.0,90.0,0.019808307,0.04431138,0.0,0.5703999913440758,"{""geodesic"":false,""type"":""Point"",""coordinates"":[-75.66057282817947,9.162686094013631]}"
2644,0.0,0.0,4377.225,3.0,1,0.7952176,0.0,90.0,-0.03322259,0.040659342,0.0,0.05736076017801761,"{""geodesic"":false,""type"":""Point"",""coordinates"":[-75.67549522046909,9.11219068777131]}"
2645,0.0,0.0,276.58633,3.0,1,0.037361577,1.646525,90.0,0.47899482,-0.42857143,0.0,0.06672179224386221,"{""geodesic"":false,""type"":""Point"",""coordinates"":[-75.66855620599239,9.197401987204767]}"
2648,0.0,-0.7358484,3252.1992,4.059215,1,2.9634113,0.7850841,30.0,0.3590422,-0.47128862,1.2987704,0.4924978758798919,"{""geodesic"":false,""type"":""Point"",""coordinates"":[-75.68860365927915,9.114336784347161]}"
2649,0.0,0.0,512.6402,3.0,1,0.06985362,0.06465941,90.0,0.47397587,-0.31311706,0.0,0.1080761321737228,"{""geodesic"":false,""type"":""Point"",""coordinates"":[-75.72779574686393,9.189147469700393]}"
2651,0.0,1.0408573,636.3961,20.65172,1,127.13217,0.0780116,30.0,0.43358612,-0.52302027,0.070633404,0.49648249727344296,"{""geodesic"":false,""type"":""Point"",""coordinates"":[-76.03927501604443,8.582003895099021]}"
2652,0.0,0.053827286,1080.0,15.507953,1,0.008450438,0.4130474,30.0,0.64761907,-0.6006168,0.35020483,0.023014131427650852,"{""geodesic"":false,""type"":""Point"",""coordinates"":[-75.97318160893826,8.74523960441346]}"
2653,0.0,3.6082573,0.0,2.0,1,8814.509,0.64011145,80.0,-0.30651873,0.3722536,0.0,0.15143343843309776,"{""geodesic"":false,""type"":""Point"",""coordinates"":[-75.88028704793132,9.239544530018904]}"
2654,0.0,0.3698883,1090.367,10.298726,1,2.8715863,0.44948912,30.0,0.58410454,-0.57937586,0.2581424,0.19825133459716504,"{""geodesic"":false,""type"":""Point"",""coordinates"":[-75.88202333627399,8.944886102179302]}"
2656,0.0,5.3354855,2174.9482,18.621637,1,0.008453048,0.8243115,30.0,0.7637157,-0.58310014,0.15408744,0.5572551343355469,"{""geodesic"":false,""type"":""Point"",""coordinates"":[-75.99087145620541,8.627441612439911]}"
2658,0.0,0.0,644.1273,3.0,1,0.022298535,0.0,90.0,-0.3172166,0.30931923,0.0,0.44603474656958575,"{""geodesic"":false,""type"":""Point"",""coordinates"":[-75.74588147846735,9.219499265081568]}"
2659,32.596355,0.23509121,360.0,15.622769,1,0.019148266,1.6376873,30.0,0.4510766,-0.5228833,0.5267893,0.698545161712006,"{""geodesic"":false,""type"":""Point"",""coordinates"":[-75.9180918097727,8.74483450487257]}"
2660,0.0,0.2435515,833.54663,3.854707,1,0.01151049,1.536385,30.0,0.413131,-0.45852646,0.03144635,0.41455312241772224,"{""geodesic"":false,""type"":""Point"",""coordinates"":[-75.74000874906784,9.153035947609801]}"
2663,0.0,2.2482002,0.0,2.0,1,604.25,0.53098905,80.0,-0.31384015,0.36,3.1724343,0.30165513597449367,"{""geodesic"":false,""type"":""Point"",""coordinates"":[-75.86718200858205,9.2409330092892]}"
2664,0.0,0.38529873,4643.8994,12.912392,1,7.5870624,0.5790263,30.0,0.70583063,-0.62898713,0.23295592,0.4812127528358783,"{""geodesic"":false,""type"":""Point"",""coordinates"":[-75.92221700371054,8.86881854495621]}"
2665,0.0,0.0,982.7004,3.0,1,0.008465335,0.5051265,30.0,0.58438575,-0.47435898,0.0,0.08584065794866724,"{""geodesic"":false,""type"":""Point"",""coordinates"":[-75.66170321693627,9.183305327143222]}"
2667,0.0,-0.011998177,636.3961,9.331111,1,0.12882361,0.07895795,30.0,0.60333025,-0.50555944,0.58065224,0.07299992427767821,"{""geodesic"":false,""type"":""Point"",""coordinates"":[-75.78005041481921,8.72398002216382]}"
2668,0.0,-0.63475466,2496.4976,4.5899706,1,5.3762436,0.24718504,90.0,0.70149255,-0.6493056,0.122492485,0.4455247710148822,"{""geodesic"":false,""type"":""Point"",""coordinates"":[-75.86373495890257,9.170940704284053]}"
2670,0.0,0.0,986.81305,3.0,1,0.008440658,1.237787,90.0,0.48812327,-0.3529183,0.0,0.28437973033919417,"{""geodesic"":false,""type"":""Point"",""coordinates"":[-75.66660209894691,9.174613681010511]}"
2671,0.0,-0.24460793,2715.6216,18.278763,1,0.048554607,1.1263841,30.0,0.49004805,-0.52457863,0.26331854,0.4879969179189556,"{""geodesic"":false,""type"":""Point"",""coordinates"":[-76.02832552227454,8.665869920424436]}"
2673,0.0,-0.020017624,3648.9177,4.899314,1,0.037057582,1.0783334,30.0,0.5345838,-0.5354839,0.21343267,0.08914332934687019,"{""geodesic"":false,""type"":""Point"",""coordinates"":[-75.86514883449743,9.191015040676433]}"
2674,0.0,-0.008036613,2946.8796,13.464163,1,0.01007861,1.0924759,30.0,0.574375,-0.52620417,0.62968373,0.22505419663544146,"{""geodesic"":false,""type"":""Point"",""coordinates"":[-75.90529027093822,8.863704818562784]}"
2675,0.0,0.0,94.86833,3.0,1,2.3043103,0.7608229,30.0,0.41380203,-0.48863792,0.0,0.5540421075314144,"{""geodesic"":false,""type"":""Point"",""coordinates"":[-75.7478492011353,9.115847832080052]}"
2678,0.0,1.270855,1932.382,21.921595,1,0.14939553,0.588643,30.0,0.5739261,-0.57157105,0.4507553,0.1476992104428656,"{""geodesic"":false,""type"":""Point"",""coordinates"":[-76.05151019610534,8.570575511326725]}"
2679,0.0,0.0,872.0665,5.0,1,1.3483516,0.0,90.0,0.4788961,-0.4004612,0.0,0.11859137507312201,"{""geodesic"":false,""type"":""Point"",""coordinates"":[-75.85054009529725,9.133529549234225]}"
2681,0.0,2.1472073,0.0,24.524433,1,1047.6113,1.2039375,30.0,0.7019667,-0.6523868,2.2619178,0.11189253174336111,"{""geodesic"":false,""type"":""Point"",""coordinates"":[-75.9529019568506,8.48807777599549]}"
2682,0.0,0.0,2800.1428,3.0,1,0.07565056,0.0,90.0,0.08367181,0.045779686,0.0,0.33158497765343176,"{""geodesic"":false,""type"":""Point"",""coordinates"":[-75.66916567667897,9.231046007323217]}"
2685,0.0,0.0,684.1052,3.0,1,0.012900855,1.2073336,90.0,0.24601063,-0.2094224,0.0,0.18576359567575773,"{""geodesic"":false,""type"":""Point"",""coordinates"":[-75.68548191823614,9.194928241301126]}"
2688,0.0,3.9976902,127.27922,24.87388,1,0.00845627,1.1424911,30.0,0.6954581,-0.5863424,4.0450616,0.6204824700598792,"{""geodesic"":false,""type"":""Point"",""coordinates"":[-75.98803530728559,8.479036719560922]}"
2689,0.0,1.1074238,90.0,15.553948,1,0.014413066,0.90295553,30.0,0.418379,-0.5028727,0.093901485,0.14806523087073475,"{""geodesic"":false,""type"":""Point"",""coordinates"":[-75.94374966379876,8.753725037127559]}"
2690,0.0,0.64807767,3658.1553,0.0,1,0.32648754,0.016787957,90.0,0.25490198,-0.152,0.0,0.12282122173655274,"{""geodesic"":false,""type"":""Point"",""coordinates"":[-75.89395133023406,9.351021979917324]}"
2693,0.0,0.20638514,1050.0,4.18414,1,0.0084388135,1.8121203,30.0,0.5075403,-0.522584,0.24839458,0.15228496454938212,"{""geodesic"":false,""type"":""Point"",""coordinates"":[-75.90954311889335,9.2533087672182]}"
2695,0.0,0.15685272,1470.306,17.41379,1,0.02547708,0.3227786,30.0,0.40181407,-0.5129711,0.057097986,0.009939229954991413,"{""geodesic"":false,""type"":""Point"",""coordinates"":[-76.01715921911293,8.670512187531168]}"
2700,0.0,0.0,2839.243,3.0,1,0.22859228,0.0,90.0,0.46702838,-0.44175553,0.0,0.6961611788864505,"{""geodesic"":false,""type"":""Point"",""coordinates"":[-75.75156694134408,9.196153287204384]}"
2701,0.0,-0.15375614,589.4065,11.904724,1,0.014189933,0.9173381,30.0,0.49885452,-0.5286215,1.4616119,0.13513509210338825,"{""geodesic"":false,""type"":""Point"",""coordinates"":[-75.89402602031974,8.830901811311813]}"
2702,0.0,0.0,1673.5591,3.0,1,0.008667075,0.41576043,90.0,0.37167382,-0.3020098,0.0,0.15890284417889877,"{""geodesic"":false,""type"":""Point"",""coordinates"":[-75.71744014583577,9.199478716641304]}"
2703,0.0,0.80291796,2020.7177,2.2515588,1,0.036994644,0.11760981,30.0,0.599005,-0.6171069,0.6219276,0.48001419976609894,"{""geodesic"":false,""type"":""Point"",""coordinates"":[-75.92601361528631,9.285553087162977]}"
2704,0.0,0.04241562,1266.0569,18.518469,1,0.02733971,0.1972239,30.0,0.5403333,-0.54729015,2.7494133,0.2712425146391041,"{""geodesic"":false,""type"":""Point"",""coordinates"":[-75.99525764435542,8.636655096461002]}"
2705,0.0,1.5562553,931.4505,21.595676,1,2.0387375,0.89989686,30.0,0.5181718,-0.5402235,0.94988936,0.20352681507308046,"{""geodesic"":false,""type"":""Point"",""coordinates"":[-76.05700005730051,8.584397558407815]}"
2706,0.0,0.17409754,780.0,3.335945,1,0.24266855,0.12194221,90.0,0.6405954,-0.489069,0.08979941,0.687912971340558,"{""geodesic"":false,""type"":""Point"",""coordinates"":[-75.86523198014271,9.225201170297572]}"
2709,0.0,-0.083174944,3319.1716,3.7614074,1,0.58811337,3.6938355E-4,30.0,0.6850303,-0.6080374,0.18300594,0.4429634886974323,"{""geodesic"":false,""type"":""Point"",""coordinates"":[-75.87144500124134,9.197511572242185]}"
2710,0.0,0.0,0.0,3.0,1,1910.7617,0.15132223,90.0,0.24992517,-0.24955116,0.0,0.434090217573172,"{""geodesic"":false,""type"":""Point"",""coordinates"":[-75.75013316697823,9.16359693189231]}"
2711,0.0,0.41509485,563.6488,5.9171677,1,0.1610872,1.0056338,30.0,0.700565,-0.6119766,0.40036437,0.19166009796236883,"{""geodesic"":false,""type"":""Point"",""coordinates"":[-75.84612651750537,9.114275954770063]}"
2712,0.0,0.37467003,2214.7234,12.372832,1,0.037877876,0.4011074,30.0,0.41259983,-0.49390054,0.53448874,0.09704622505705895,"{""geodesic"":false,""type"":""Point"",""coordinates"":[-75.91010281814448,8.823808776317431]}"
2713,0.0,0.0921638,1449.9656,3.0,1,0.33660752,0.058953848,90.0,0.56058156,-0.47631177,0.0,0.573516568603066,"{""geodesic"":false,""type"":""Point"",""coordinates"":[-75.82302258423732,9.158283417477012]}"
2715,143.63864,6.399748,7496.9395,18.747236,1,0.008692976,7.6939883,30.0,0.50374126,-0.39280125,2.9705834,0.02565213998429461,"{""geodesic"":false,""type"":""Point"",""coordinates"":[-75.95010384480871,9.204367141813139]}"
2717,5.7219677,16.292076,8040.0,33.793964,1,0.03794588,4.452107,30.0,0.5261628,-0.45486936,1.510002,0.6516645371719315,"{""geodesic"":false,""type"":""Point"",""coordinates"":[-75.74769202954947,9.300893543154654]}"
2718,0.0,0.05119896,108.16654,16.23216,1,0.021305952,0.7664769,30.0,0.7871622,-0.68279934,0.31662604,0.6305108744063453,"{""geodesic"":false,""type"":""Point"",""coordinates"":[-75.99566586719462,8.688204496612926]}"
2719,0.0,0.4096775,3099.742,4.6379404,1,0.032187816,1.1360031,30.0,0.45732608,-0.543768,0.3646746,0.4818047827034797,"{""geodesic"":false,""type"":""Point"",""coordinates"":[-75.85640783253196,9.18967927955886]}"
2720,0.0,0.38371372,1608.0112,7.541657,1,0.014935413,0.53855646,30.0,0.59117806,-0.56342494,0.1144588,0.46042415596851205,"{""geodesic"":false,""type"":""Point"",""coordinates"":[-75.86180797212965,9.050478453854618]}"
2721,0.0,0.0,1516.1134,3.5,1,0.052452173,0.85008335,90.0,0.08323564,-0.14640199,0.0,0.18974865460215717,"{""geodesic"":false,""type"":""Point"",""coordinates"":[-75.72712111504534,9.125929056028788]}"
2723,0.0,0.19681597,2210.4524,8.075786,1,1.6465021,0.08916828,30.0,0.5197261,-0.5098801,0.66410744,0.10430969226192144,"{""geodesic"":false,""type"":""Point"",""coordinates"":[-75.86555024198263,9.017368277217289]}"
2724,0.0,0.0,870.0,3.0,1,0.14224006,0.32041594,90.0,0.08895706,0.02828467,0.0,0.2716846278515497,"{""geodesic"":false,""type"":""Point"",""coordinates"":[-75.70319604263136,9.176986346904755]}"
2725,0.0,0.79791594,2989.1804,7.4663773,1,0.010355187,1.1034397,30.0,0.7105971,-0.5915916,0.55124724,0.10664226163042723,"{""geodesic"":false,""type"":""Point"",""coordinates"":[-75.87408404239349,9.047736155154997]}"
2726,0.0,0.4463191,1660.8733,4.0,1,0.09653258,0.0,30.0,0.3651666,-0.13802978,0.0,0.46178755562948137,"{""geodesic"":false,""type"":""Point"",""coordinates"":[-75.66226592483288,9.044110107700378]}"
2728,0.0,-0.36859834,2427.5913,0.98636085,1,0.028130513,0.766495,90.0,0.6644489,-0.6090604,0.58588773,0.5340140817028938,"{""geodesic"":false,""type"":""Point"",""coordinates"":[-75.90570488367909,9.353705340454768]}"
2729,0.0,0.7834898,3797.2227,1.8797905,1,0.008438084,0.94544786,90.0,0.6289458,-0.5777329,0.1958518,0.6952735977601529,"{""geodesic"":false,""type"":""Point"",""coordinates"":[-75.9508640038123,9.284131277713737]}"
2731,0.0,-0.002028942,4673.072,4.2264805,1,0.09471492,0.5700897,30.0,0.63860035,-0.5857143,0.62452805,0.5680360629860984,"{""geodesic"":false,""type"":""Point"",""coordinates"":[-75.89028057385701,9.195295030083457]}"
2732,0.0,-0.17093611,1939.8196,4.683623,1,0.008440344,0.8457936,30.0,0.45866364,-0.5135135,0.68953156,0.43985985673869255,"{""geodesic"":false,""type"":""Point"",""coordinates"":[-75.8402937902641,9.188089212316486]}"
2733,0.0,0.8489609,1027.0345,18.856651,1,0.01703631,0.5664289,30.0,0.519213,-0.5654102,0.6606498,0.27209698828308093,"{""geodesic"":false,""type"":""Point"",""coordinates"":[-75.99282950579831,8.646428866632707]}"
2734,0.0,0.0,2887.802,3.0,1,0.78609157,0.021838034,90.0,0.40584847,-0.34648845,0.0,0.5202445677757247,"{""geodesic"":false,""type"":""Point"",""coordinates"":[-75.7126572937264,9.128942341356963]}"
2738,0.0,0.0,1317.953,3.0,1,0.04201855,0.23876068,90.0,0.11776447,-0.06666667,0.0,0.26390907590171675,"{""geodesic"":false,""type"":""Point"",""coordinates"":[-75.66441160647636,9.171361719763992]}"
2739,0.0,1.4240634,5372.3457,2.3651803,1,36.195957,0.048208162,30.0,0.48793185,-0.48687634,0.50039774,0.11148576779820651,"{""geodesic"":false,""type"":""Point"",""coordinates"":[-75.98753175779522,9.308992368700789]}"
2740,0.0,0.05600691,846.93567,3.992488,1,0.013008425,0.22944662,40.0,0.46927375,-0.50830066,0.4441407,0.6153904200381953,"{""geodesic"":false,""type"":""Point"",""coordinates"":[-75.75301980839286,9.107968637131062]}"
2742,0.0,-0.2208929,2610.0,4.598984,1,0.008440135,0.7079667,30.0,0.5054765,-0.5370422,0.17878312,0.5907845170198619,"{""geodesic"":false,""type"":""Point"",""coordinates"":[-75.84550369427168,9.197301986181392]}"
2743,0.0,0.0,318.9044,3.0,1,0.01472528,0.49867025,90.0,0.18126996,-0.15785813,0.0,0.4900809143853344,"{""geodesic"":false,""type"":""Point"",""coordinates"":[-75.68352260784891,9.16996945457322]}"
2744,0.0,0.0,492.0366,3.0,1,0.15772568,0.08682683,90.0,0.54555273,-0.4092924,0.0,0.11701249335042896,"{""geodesic"":false,""type"":""Point"",""coordinates"":[-75.70325976422752,9.20927453114557]}"
2745,0.0,0.891304,241.86774,20.879765,1,0.010079392,0.75891393,30.0,0.60857207,-0.6026144,1.2816739,0.5020143112096748,"{""geodesic"":false,""type"":""Point"",""coordinates"":[-76.04555497062663,8.585785336690762]}"
2746,0.0,4.9738274,1442.4978,21.208956,1,0.009766973,4.1016626,30.0,0.6626925,-0.6099086,1.8639834,0.17294662979206543,"{""geodesic"":false,""type"":""Point"",""coordinates"":[-76.0488947183836,8.610737223711942]}"
2747,0.0,0.0,3774.043,3.0,1,3.6690285,0.14350772,90.0,-0.035619352,0.028647926,0.0,0.4663249634847787,"{""geodesic"":false,""type"":""Point"",""coordinates"":[-75.68451320141776,9.11678649366992]}"
2749,0.0,0.0,1020.0,3.0,1,0.016037345,0.15352057,80.0,0.1276968,0.012761613,0.0,0.19759698545021398,"{""geodesic"":false,""type"":""Point"",""coordinates"":[-75.67130739008576,9.208250154544018]}"
2750,0.0,-0.014242649,2880.625,3.8789797,1,0.01698077,1.4747678,30.0,0.5620718,-0.54765135,1.6501302,0.4196113311283667,"{""geodesic"":false,""type"":""Point"",""coordinates"":[-75.91247806008658,9.226440999094773]}"
2751,0.0,1.5143504,4747.2095,5.4171243,1,0.008443353,0.95477146,30.0,0.571826,-0.53646475,2.7778966,0.3844913663587832,"{""geodesic"":false,""type"":""Point"",""coordinates"":[-75.787855002229,9.05824210638118]}"
2752,0.0,-0.6918278,212.13203,14.244595,1,2.0626037,0.052033555,30.0,0.8161648,-0.65654814,0.33109438,0.5558679818375379,"{""geodesic"":false,""type"":""Point"",""coordinates"":[-75.91895123382828,8.761654433483573]}"
2753,0.0,-0.052137375,1952.0758,3.8065012,1,0.015340192,0.23996186,30.0,0.3843463,-0.38233155,0.09553736,0.5931869109580438,"{""geodesic"":false,""type"":""Point"",""coordinates"":[-75.76999976277767,9.1331665877715]}"
2755,6.307343,1.3140805,349.85712,2.9292557,1,0.034526505,4.4501553,30.0,0.59961504,-0.5793475,0.97968984,0.6452643608356848,"{""geodesic"":false,""type"":""Point"",""coordinates"":[-75.890769004623,9.281030267965917]}"
2756,0.0,0.0,1789.972,3.0,1,0.24839497,0.0,90.0,0.4874402,-0.3176159,0.0,0.30781180838719646,"{""geodesic"":false,""type"":""Point"",""coordinates"":[-75.71990765543705,9.204357726420977]}"
2758,0.0,0.0,1239.1125,3.0,1,0.29324102,0.013581769,90.0,0.6585366,-0.5331796,0.0,0.2815500461601055,"{""geodesic"":false,""type"":""Point"",""coordinates"":[-75.745804173243,9.182598848559557]}"
2759,0.0,-0.6869731,2190.2056,4.055107,1,0.017389914,0.0038806074,30.0,0.70886785,-0.62030673,0.44596425,0.5547911392827815,"{""geodesic"":false,""type"":""Point"",""coordinates"":[-75.84906253440003,9.201092125584191]}"
2760,0.0,0.0,0.0,3.0,1,1092.0292,0.0,90.0,-0.22415219,0.23770826,0.0,0.6410752241250672,"{""geodesic"":false,""type"":""Point"",""coordinates"":[-75.6802434260809,9.16861897537833]}"
2763,0.0,-1.4699554,630.71387,9.547767,1,84.74784,0.1841495,90.0,0.3079457,-0.4013836,0.5760548,0.20945504637228285,"{""geodesic"":false,""type"":""Point"",""coordinates"":[-75.78386498102223,8.722344171417811]}"
2764,0.0,0.0,84.85281,3.5,1,0.38004664,0.0,90.0,0.4574719,-0.43929845,0.0,0.6890812568115332,"{""geodesic"":false,""type"":""Point"",""coordinates"":[-75.69068582842758,9.061151656351942]}"
2765,156.30319,-0.043165207,1920.0,8.38151,1,0.010987675,0.83471555,30.0,0.5856874,-0.59489834,2.7029984,0.2571534576560045,"{""geodesic"":false,""type"":""Point"",""coordinates"":[-75.86475537749425,9.027409091213894]}"
2766,0.0,0.03532791,792.0227,19.252361,1,0.008452684,0.8056749,30.0,0.55037117,-0.56363636,0.08464102,0.3915761889688545,"{""geodesic"":false,""type"":""Point"",""coordinates"":[-76.01599727049653,8.643926247951725]}"
2767,0.0,-0.26767826,2050.7803,13.00352,1,0.11615267,0.74574804,30.0,0.3783784,-0.4642639,1.063809,0.5221607727237204,"{""geodesic"":false,""type"":""Point"",""coordinates"":[-75.9090416137627,8.836020856379669]}"
2768,0.0,0.5671668,2354.7612,3.0,1,0.008440465,1.5345174,90.0,0.5483676,-0.48463768,0.49242756,0.48713510949126926,"{""geodesic"":false,""type"":""Point"",""coordinates"":[-75.76519108566231,9.18255831006796]}"
2769,0.0,1.057066,1982.9524,17.543133,1,0.02848772,0.3885069,30.0,0.45862472,-0.5146747,0.10482721,0.4997712036910541,"{""geodesic"":false,""type"":""Point"",""coordinates"":[-76.02231766913012,8.662358933097853]}"
2771,0.0,0.0,0.0,3.0,1,660.28284,0.44276547,90.0,0.33721402,-0.40812546,0.0,0.6997298129674488,"{""geodesic"":false,""type"":""Point"",""coordinates"":[-75.7404741549716,9.113963610043111]}"
2772,0.0,0.0,4526.025,3.0,1,0.065488264,0.15438771,90.0,0.47120553,-0.48106158,0.0,0.2623690055381751,"{""geodesic"":false,""type"":""Point"",""coordinates"":[-75.67468384049606,9.116262188146596]}"
2773,0.0,3.4315214,1152.5624,15.911891,1,0.36153662,0.3183506,30.0,0.53000844,-0.5634898,1.0501064,0.07258442484927219,"{""geodesic"":false,""type"":""Point"",""coordinates"":[-75.92791766830007,8.748066427222948]}"
2774,0.0,-0.06796765,2945.5051,3.8493664,1,0.9800596,0.024883715,30.0,0.6349628,-0.5759283,1.3720722,0.061502878456207055,"{""geodesic"":false,""type"":""Point"",""coordinates"":[-75.87118123596542,9.201310686409057]}"
2777,0.0,0.6108804,318.9044,7.0322986,1,0.51941854,0.35769445,30.0,0.459773,-0.49098402,0.3443012,0.24571949171904695,"{""geodesic"":false,""type"":""Point"",""coordinates"":[-75.8580478800726,9.076262932454114]}"
2778,0.0,0.5463033,1140.0,3.8935995,1,0.06516972,1.4679338,30.0,0.46458334,-0.5391352,0.18628927,0.6484298325419541,"{""geodesic"":false,""type"":""Point"",""coordinates"":[-75.84608142012974,9.210595381500958]}"
2781,0.0,0.17782211,977.1898,20.489065,1,0.011875197,2.4631789,30.0,0.7617918,-0.6798995,0.263752,0.30656764378261325,"{""geodesic"":false,""type"":""Point"",""coordinates"":[-75.92836399902679,8.59666697841111]}"
2782,0.0,1.8922253,2838.7673,3.0,1,0.010573097,2.7889738,90.0,0.7787247,-0.6755709,1.4644845,0.14917562931363726,"{""geodesic"":false,""type"":""Point"",""coordinates"":[-75.65521065315633,9.216419761586025]}"
2783,0.0,-0.025979042,308.8689,10.28872,1,0.26542214,0.0,30.0,0.4509008,-0.51109934,0.19198154,0.5551064524139748,"{""geodesic"":false,""type"":""Point"",""coordinates"":[-75.86604110399452,8.87872066978508]}"
2784,0.0,1.9888287,902.4965,19.708511,1,0.008516902,0.79599696,30.0,0.49436393,-0.5173316,0.4861217,0.3598574550719511,"{""geodesic"":false,""type"":""Point"",""coordinates"":[-76.01699924189542,8.610822916670564]}"
2786,0.0,-0.032902718,1183.7651,5.73454,1,0.010364006,0.3384789,30.0,0.5206656,-0.5384198,0.20098513,0.6642070344358099,"{""geodesic"":false,""type"":""Point"",""coordinates"":[-75.8562979550738,9.14382624321185]}"
2787,0.0,0.0,6400.133,3.0,1,28.003109,0.039916493,90.0,0.74248797,-0.6385985,0.0,0.19505326613348095,"{""geodesic"":false,""type"":""Point"",""coordinates"":[-75.63348557443112,9.131259676572652]}"
2788,0.0,1.5855808,2100.0,5.9433455,1,0.010504512,1.3175478,30.0,0.55238354,-0.53706664,0.13579905,0.21889298209170294,"{""geodesic"":false,""type"":""Point"",""coordinates"":[-75.86234292486667,9.159819868744385]}"
2789,0.0,-2.4991722,1455.2319,25.390985,1,0.13556704,0.20120649,30.0,0.58771694,-0.58856535,2.4550781,0.24599011751723632,"{""geodesic"":false,""type"":""Point"",""coordinates"":[-75.99626270099265,8.4990935222064]}"
2791,0.0,0.4212191,192.09373,3.0,1,0.008440654,0.6776353,90.0,0.62904125,-0.65112996,0.0,0.3264168985805228,"{""geodesic"":false,""type"":""Point"",""coordinates"":[-75.73022386909665,9.174762132220437]}"
2794,0.0,1.7732697,2277.828,7.8037095,1,16.896381,0.24736544,30.0,0.7864206,-0.65627676,1.0213133,0.03599304453652552,"{""geodesic"":false,""type"":""Point"",""coordinates"":[-75.8675132270661,9.039340775874583]}"
2795,0.0,0.0,30.0,3.0,1,14.46961,1.094484,90.0,0.5761684,-0.50144434,0.0,0.39838634790145266,"{""geodesic"":false,""type"":""Point"",""coordinates"":[-75.75122476042053,9.163323340427224]}"
2797,0.0,2.4609299,2186.9155,18.515877,1,0.14109859,0.3654413,30.0,0.5667976,-0.5753086,0.2940845,0.3344551247630898,"{""geodesic"":false,""type"":""Point"",""coordinates"":[-75.99195558960068,8.624996940608895]}"
2799,0.0,0.047322273,127.27922,15.382793,1,0.012978137,0.7309025,30.0,0.34064698,-0.4750851,0.64942545,0.5238645790691007,"{""geodesic"":false,""type"":""Point"",""coordinates"":[-75.9478425436989,8.754528768820615]}"
2801,0.0,-0.6788273,342.0526,13.754169,1,0.009978842,0.5819082,90.0,0.8283456,-0.6259101,0.23345327,0.22432904521457475,"{""geodesic"":false,""type"":""Point"",""coordinates"":[-75.91595453261877,8.763018320040828]}"
2802,0.0,0.0,3952.9482,3.0,1,0.5996755,0.0,90.0,-0.05090055,0.07268554,0.0,0.43957588754130317,"{""geodesic"":false,""type"":""Point"",""coordinates"":[-75.68178104952503,9.11570629325345]}"
2803,0.0,5.80056,1149.826,17.081614,1,0.009389709,2.1333094,30.0,0.44311184,-0.4989899,0.2218149,0.14706454011669678,"{""geodesic"":false,""type"":""Point"",""coordinates"":[-75.95511899833578,8.7203241103855]}"
2804,0.0,0.03828907,391.15213,11.972866,1,0.06577131,0.6646742,30.0,0.6205534,-0.57835144,0.25708222,0.6441269324289449,"{""geodesic"":false,""type"":""Point"",""coordinates"":[-75.88196758997275,8.807325118867102]}"
2805,0.0,1.2525167,674.16614,10.299828,1,0.00952949,0.4438378,30.0,0.5242967,-0.5534318,0.74581414,0.08329517305227918,"{""geodesic"":false,""type"":""Point"",""coordinates"":[-75.8620319789908,8.91427349819878]}"
2806,0.0,-1.0707932,1035.7606,12.674398,1,0.6663527,0.04256734,30.0,0.34340438,-0.39926946,0.6963423,0.5873470331607541,"{""geodesic"":false,""type"":""Point"",""coordinates"":[-75.89646206080545,8.823027620888949]}"
2808,0.0,0.06267834,1813.2015,9.82858,1,1.707755,0.1516516,30.0,0.5814266,-0.56875837,0.26161864,0.6405967806151542,"{""geodesic"":false,""type"":""Point"",""coordinates"":[-75.8689978950968,8.97530509774207]}"
2811,0.0,1.090559,0.0,3.8074896,1,1987.1036,0.25865227,90.0,0.28705212,-0.31298026,0.99542767,0.1315238580789777,"{""geodesic"":false,""type"":""Point"",""coordinates"":[-75.74223018844624,9.170939089756297]}"
2812,0.0,0.0,1570.3502,3.0,1,0.067182116,1.6653985,40.0,0.40969568,-0.42892575,0.0,0.017682750391835644,"{""geodesic"":false,""type"":""Point"",""coordinates"":[-75.75983788656237,9.104698534882887]}"
2813,2.2936082,6.2856083,1390228.5,27.980938,1,0.026662143,5.211428,30.0,0.5349081,-0.47082496,1.8912002,0.12399068088986309,"{""geodesic"":false,""type"":""Point"",""coordinates"":[-76.00289167240882,9.23542476216795]}"
2814,0.0,0.057307243,1965.4008,12.694386,1,0.08953331,0.9538554,30.0,0.4477866,-0.49706572,0.23344496,0.652393441328069,"{""geodesic"":false,""type"":""Point"",""coordinates"":[-75.90794582813297,8.834124254146962]}"
2816,0.0,0.24975586,276.58633,3.7332046,1,34.58047,0.33547607,30.0,0.6014005,-0.54803437,0.47295114,0.4000046425743259,"{""geodesic"":false,""type"":""Point"",""coordinates"":[-75.88246501668372,9.236826000718027]}"
2817,0.0,0.12079811,0.0,12.954257,1,221.02725,0.24980353,30.0,0.5156633,-0.52605593,0.40775156,0.37584363404689825,"{""geodesic"":false,""type"":""Point"",""coordinates"":[-75.90648733201765,8.795328617573137]}"
2819,0.0,0.0,1682.4089,3.0,1,0.18166867,0.47930628,90.0,0.3668513,-0.28577155,0.0,0.6425792671398521,"{""geodesic"":false,""type"":""Point"",""coordinates"":[-75.69065339800534,9.186235786402403]}"
2821,0.0,1.9589577,823.7718,16.929714,1,0.02537498,3.2944348,30.0,0.47187424,-0.5093199,0.27728567,0.39286540980043194,"{""geodesic"":false,""type"":""Point"",""coordinates"":[-75.99070302849829,8.66732591230865]}"
2824,0.0,0.051534176,283.01944,5.5,1,0.019431878,0.0,90.0,0.1046832,-0.010075566,0.0,0.5732944401785177,"{""geodesic"":false,""type"":""Point"",""coordinates"":[-75.83933201846875,9.127315197449418]}"
2827,0.0,0.7225933,853.81494,3.0,1,0.073269196,0.34840554,90.0,0.43981558,-0.46465662,0.75506216,0.49417327062190397,"{""geodesic"":false,""type"":""Point"",""coordinates"":[-75.75985967033911,9.115008963828997]}"
2828,0.0,-11.998184,6550.794,72.17089,1,0.012023258,58.211918,60.0,-0.005141388,-0.049491525,18.270617,0.4851482957608547,"{""geodesic"":false,""type"":""Point"",""coordinates"":[-75.83453161705293,8.69645991842586]}"
2830,0.0,-1.2479734,960.0,9.494862,1,0.008450737,0.36069155,30.0,0.80209935,-0.655651,1.1147549,0.3676724761083964,"{""geodesic"":false,""type"":""Point"",""coordinates"":[-75.7694302072811,8.731599022851428]}"
2831,0.0,0.0,3797.2227,3.0,1,0.18693474,0.0,90.0,0.41422594,-0.27426955,0.0,0.42427896819896416,"{""geodesic"":false,""type"":""Point"",""coordinates"":[-75.88155420218351,9.199928880856053]}"
2832,0.0,0.0,1679.1963,3.0,1,0.13616104,0.18970263,90.0,0.68251866,-0.62204474,0.0,0.5323897405898643,"{""geodesic"":false,""type"":""Point"",""coordinates"":[-75.73073446533277,9.157396034259243]}"
2833,0.0,0.38915873,323.1099,3.0,1,0.02647623,2.2903578,30.0,0.5944713,-0.5375259,0.0,0.463218874325533,"{""geodesic"":false,""type"":""Point"",""coordinates"":[-75.68606833465986,9.215819620200586]}"
2834,0.0,0.64287114,1324.4244,3.0,1,0.013676195,0.47384366,30.0,0.45941687,-0.41779906,0.54980093,0.5208428378538447,"{""geodesic"":false,""type"":""Point"",""coordinates"":[-75.75924113329508,9.209432239757108]}"
2836,0.0,0.46879578,1332.2162,25.476492,1,0.015755832,0.97806555,30.0,0.52993596,-0.54760563,0.13599855,0.0630603533744658,"{""geodesic"":false,""type"":""Point"",""coordinates"":[-75.99351082623097,8.488790367927251]}"
2837,0.0,0.935827,216.33308,1.1843805,1,0.16670491,0.049932554,90.0,0.5333566,-0.46626586,0.08782514,0.5643662151716651,"{""geodesic"":false,""type"":""Point"",""coordinates"":[-75.92895942292176,9.366668275284557]}"
2838,0.0,0.3554287,488.36462,16.464596,1,0.008451435,2.165963,30.0,0.6749672,-0.60200566,0.2675606,0.11082711967686687,"{""geodesic"":false,""type"":""Point"",""coordinates"":[-75.99924220348596,8.700133107168488]}"
2839,0.0,0.0,502.89163,3.0,1,0.039023522,0.13619782,90.0,0.06188002,-0.030956203,0.0,0.26129606096614955,"{""geodesic"":false,""type"":""Point"",""coordinates"":[-75.69741848827329,9.154748392906393]}"
2840,0.0,0.018273354,458.91174,12.455436,1,0.017587364,0.7089763,30.0,0.65045047,-0.591857,0.397325,0.32640736178442165,"{""geodesic"":false,""type"":""Point"",""coordinates"":[-75.90704935520625,8.802110339886367]}"
2841,0.0,0.0,1055.1304,3.0,1,0.33531743,0.09465335,90.0,0.6807659,-0.593551,0.0,0.0661419744787185,"{""geodesic"":false,""type"":""Point"",""coordinates"":[-75.75416021446259,9.13102919742602]}"
2842,0.0,0.3354473,180.0,6.409748,1,0.008442625,1.1868048,30.0,0.6444107,-0.60147786,0.33203667,0.3037286389834851,"{""geodesic"":false,""type"":""Point"",""coordinates"":[-75.84306635436201,9.089863976634842]}"
2843,0.0,-0.4730339,4640.7,16.828245,1,0.04358197,0.21051636,30.0,0.52952564,-0.5524441,0.23212078,0.026684060483155192,"{""geodesic"":false,""type"":""Point"",""coordinates"":[-75.98825887924112,8.77477416525213]}"
2844,0.0,0.0,1288.6039,3.5,1,0.057346787,0.6096108,90.0,0.5721675,-0.4669158,0.0,0.4789551592450658,"{""geodesic"":false,""type"":""Point"",""coordinates"":[-75.67456963144011,9.055212371122693]}"
2845,0.0,0.17012882,1630.2454,3.5,1,0.040683463,0.6617532,90.0,0.44554177,-0.446358,0.522004,0.12814489609853208,"{""geodesic"":false,""type"":""Point"",""coordinates"":[-75.77006160137452,9.16192712978272]}"
2846,0.0,-0.4154873,4955.815,2.8422399,1,0.009507228,1.2873286,30.0,0.65652543,-0.63010633,0.49476123,0.5573625983629746,"{""geodesic"":false,""type"":""Point"",""coordinates"":[-75.97135685616091,9.287331916019951]}"
2848,0.0,0.0,797.1198,1.5,1,0.009271319,0.39180905,90.0,0.7052685,-0.5986638,0.0,0.4993484346955879,"{""geodesic"":false,""type"":""Point"",""coordinates"":[-75.90679892788786,9.248160702210315]}"
2849,0.0,0.4746685,6511.175,4.032197,1,0.16426735,0.0,90.0,0.72553325,-0.640865,1.1162481,0.45042485427175816,"{""geodesic"":false,""type"":""Point"",""coordinates"":[-75.63184886951498,9.132076532007735]}"
2851,0.0,-1.5763617,690.0,14.011056,1,1.1267648,0.013748866,30.0,0.72012335,-0.5536212,1.0257504,0.48333830783552945,"{""geodesic"":false,""type"":""Point"",""coordinates"":[-75.92493652046028,8.755670747741968]}"
2852,0.0,1.5048256,384.18747,13.00223,1,0.01151934,0.38330516,30.0,0.6167315,-0.5813511,0.015855595,0.681865768869513,"{""geodesic"":false,""type"":""Point"",""coordinates"":[-75.899943177772,8.796158280815924]}"
2853,0.0,-0.30770493,1698.3816,18.043894,1,0.14542535,0.51372486,30.0,0.6999157,-0.6302883,0.8331278,0.5306316036478164,"{""geodesic"":false,""type"":""Point"",""coordinates"":[-75.98549502903212,8.656757940423939]}"
2854,0.0,0.0,318.9044,3.5,1,0.009926149,1.3877261,40.0,0.68341154,-0.58807445,0.0,0.4012947013954873,"{""geodesic"":false,""type"":""Point"",""coordinates"":[-75.68686583880597,9.061972844986123]}"
2856,0.0,0.0,0.0,3.0,1,492.82117,0.4875546,90.0,0.3989071,-0.27363184,0.0,0.03770448930181647,"{""geodesic"":false,""type"":""Point"",""coordinates"":[-75.75231349743359,9.161693111958797]}"
2857,0.0,0.0,692.60376,3.0,1,0.0170005,0.34618586,90.0,-0.0025631636,0.039492242,0.0,0.6707149354210711,"{""geodesic"":false,""type"":""Point"",""coordinates"":[-75.69697150670153,9.205488123839228]}"
2858,0.0,0.054494858,2637.9539,18.201872,1,0.008833541,0.29924846,30.0,0.6706673,-0.6062774,0.21825057,0.08405653791877377,"{""geodesic"":false,""type"":""Point"",""coordinates"":[-75.979182076023,8.640494971993494]}"
2859,0.0,-0.31400013,1958.9794,4.572514,1,0.016654499,1.0090251,30.0,0.23404256,-0.3181818,0.40768507,0.1031493393686268,"{""geodesic"":false,""type"":""Point"",""coordinates"":[-75.83813808211116,9.200303716784921]}"
2860,0.0,1.5813942,3095.2383,20.229424,1,3.1381328,0.041665286,30.0,0.49742585,-0.55301297,2.1969678,0.06323166026916371,"{""geodesic"":false,""type"":""Point"",""coordinates"":[-76.00111363092206,8.58264746670821]}"
2861,0.0,-0.12704754,362.4914,14.945433,1,0.09834965,0.07281148,30.0,0.5086384,-0.52832985,0.1436735,0.39794017438315576,"{""geodesic"":false,""type"":""Point"",""coordinates"":[-75.95814563916237,8.730897976615221]}"
2863,0.0,0.3398409,1110.4053,4.064546,1,0.009598931,1.5353419,30.0,0.5344214,-0.5303344,0.5014493,0.6156462858351172,"{""geodesic"":false,""type"":""Point"",""coordinates"":[-75.72932342267015,9.134878526058632]}"
2864,0.0,0.76485825,1035.7606,3.0,1,0.16685097,1.8785301,30.0,0.5087217,-0.48761392,0.0,0.28073652742840216,"{""geodesic"":false,""type"":""Point"",""coordinates"":[-75.76966383482296,9.230573557995168]}"
2867,0.0,0.16168761,1395.8868,3.7301338,1,0.26486036,0.24190481,30.0,0.6429293,-0.567522,0.14723724,0.13022862624273124,"{""geodesic"":false,""type"":""Point"",""coordinates"":[-75.78680846215114,9.203403937446872]}"
2868,0.0,1.001791,480.0,23.040705,1,0.12038623,0.216741,30.0,0.5622369,-0.513986,0.5833838,0.6757399557796272,"{""geodesic"":false,""type"":""Point"",""coordinates"":[-75.9758871315667,8.524649373370826]}"
2869,0.0,0.46767855,2187.533,4.1605487,1,0.008442674,0.6860197,40.0,0.5948987,-0.5205264,0.80255985,0.2119032297798642,"{""geodesic"":false,""type"":""Point"",""coordinates"":[-75.74861009251835,9.087899374175395]}"
2870,0.0,0.5878172,108.16654,6.239332,1,0.068398826,0.5187954,30.0,0.7266466,-0.64587605,0.5056575,0.20794177430503535,"{""geodesic"":false,""type"":""Point"",""coordinates"":[-75.85076682076405,9.113993813702745]}"
2873,0.0,3.5934906,4872.3916,15.278018,1,99.252014,0.1833549,30.0,0.829249,-0.7014706,4.275284,0.053680212561673324,"{""geodesic"":false,""type"":""Point"",""coordinates"":[-75.9556099813358,8.805788650906685]}"
2874,0.0,0.77960396,818.84064,20.8523,1,0.008453619,1.5570388,30.0,0.6145802,-0.57001746,0.20987792,0.07295209671888148,"{""geodesic"":false,""type"":""Point"",""coordinates"":[-76.02487944679223,8.60130590885336]}"
2875,0.0,0.55592275,540.8327,3.0,1,0.008442026,0.4426931,40.0,0.3973242,-0.43942308,0.39052245,0.15753979189343292,"{""geodesic"":false,""type"":""Point"",""coordinates"":[-75.7571313510134,9.11582863582284]}"
2876,0.0,0.69942284,4809.3657,26.238039,1,0.08537303,0.3113006,30.0,0.54241925,-0.54877716,0.33829194,0.5696409457046965,"{""geodesic"":false,""type"":""Point"",""coordinates"":[-76.02678859725128,8.499828174605799]}"
2877,0.0,1.3140874,4030.5085,5.4978414,1,0.008676361,1.0163314,30.0,0.34213656,-0.44566888,0.23653685,0.5425148891985822,"{""geodesic"":false,""type"":""Point"",""coordinates"":[-75.62239702430652,9.0341404914168]}"
2878,0.0,0.46607208,271.66156,18.132128,1,0.7814794,0.15059406,30.0,0.50387025,-0.51955307,0.41131493,0.07097467416140069,"{""geodesic"":false,""type"":""Point"",""coordinates"":[-76.00784847115354,8.655343107053541]}"
2879,0.0,2.401184,742.7651,11.701045,1,0.01424154,0.8119131,30.0,0.4924305,-0.51791716,0.46660122,0.08035555171838071,"{""geodesic"":false,""type"":""Point"",""coordinates"":[-75.88698561860552,8.852624428172353]}"
2880,0.0,0.51718736,2272.2896,3.0,1,0.008440254,0.80508345,90.0,0.1407073,-0.084794275,0.0,0.1582390228789765,"{""geodesic"":false,""type"":""Point"",""coordinates"":[-75.74746184567921,9.19182057079722]}"
2881,0.0,-3.97159,1826.3077,20.955606,1,0.2200877,0.42383528,30.0,0.43385023,-0.51060134,1.636246,0.6944226573270018,"{""geodesic"":false,""type"":""Point"",""coordinates"":[-75.992247341211,8.632321798066496]}"
2882,0.0,0.670208,4513.2803,4.073388,1,0.008440161,1.1831344,30.0,0.64786327,-0.59823155,0.28743362,0.44849818189537205,"{""geodesic"":false,""type"":""Point"",""coordinates"":[-75.88755204524779,9.196115708312615]}"
2883,0.0,-0.053211212,361.24783,20.823717,1,1.0059347,0.39306524,30.0,0.48691696,-0.5462881,0.30485293,0.309770179990166,"{""geodesic"":false,""type"":""Point"",""coordinates"":[-76.04941229045895,8.60069717041879]}"
2884,0.0,0.17050362,295.46573,14.783018,1,0.6909844,0.20219004,30.0,0.66097564,-0.6042403,0.5643441,0.5999885662185073,"{""geodesic"":false,""type"":""Point"",""coordinates"":[-75.96034740023818,8.738760687797773]}"
2885,0.0,-3.1340053,1666.2833,3.8102474,1,0.26377183,0.10144799,30.0,0.4712117,-0.43543878,0.9438178,0.47163989420243846,"{""geodesic"":false,""type"":""Point"",""coordinates"":[-75.76371806869001,9.13209454040691]}"
2886,0.0,-0.398386,1860.242,18.92212,1,0.021401888,0.26484,30.0,0.55537677,-0.56841534,0.36989188,0.13077911793680552,"{""geodesic"":false,""type"":""Point"",""coordinates"":[-75.99604211241476,8.623901083780952]}"
2887,0.0,0.9181287,3829.9087,3.0,1,0.017362818,0.6855403,30.0,0.38666666,-0.36863044,0.0,0.4265003024645244,"{""geodesic"":false,""type"":""Point"",""coordinates"":[-75.650443006241,9.147781079930168]}"
2888,0.0,-0.2690649,1988.6176,15.26468,1,0.013133343,0.6137715,30.0,0.7012726,-0.6468554,0.09796121,0.6616993191912486,"{""geodesic"":false,""type"":""Point"",""coordinates"":[-75.98601051310723,8.749547508225206]}"
2890,0.0,-0.016069472,1710.2632,1.0081663,1,0.008437656,0.46136904,30.0,0.58043164,-0.53407824,0.014436681,0.3327063117745429,"{""geodesic"":false,""type"":""Point"",""coordinates"":[-75.94299217399109,9.30233011855555]}"
2891,0.0,0.529058,2255.593,4.4507318,1,0.059650455,0.25904268,30.0,0.5199687,-0.5351964,0.2262458,0.5631291257165044,"{""geodesic"":false,""type"":""Point"",""coordinates"":[-75.79603765084231,9.178693114743291]}"
2894,0.0,-0.40126228,1435.6183,17.349169,1,0.064136416,0.8062634,30.0,0.66048926,-0.6192771,0.2383009,0.27876447775482627,"{""geodesic"":false,""type"":""Point"",""coordinates"":[-75.96075635403717,8.685309564182978]}"
2895,0.0,0.290035,1679.1963,3.0,1,0.008440336,1.9907798,90.0,0.54917204,-0.4401508,0.0,0.3428724550374186,"{""geodesic"":false,""type"":""Point"",""coordinates"":[-75.70567606995517,9.18837738879826]}"
2899,0.0,0.20816612,3084.0234,20.819868,1,0.008454439,0.8324314,30.0,0.5177014,-0.5474758,1.0886357,0.12698197249137644,"{""geodesic"":false,""type"":""Point"",""coordinates"":[-76.02641449112677,8.563860095444236]}"
2900,0.0,0.06940508,2291.4187,4.0572557,1,0.18232283,0.41035196,30.0,0.33546326,-0.43171114,1.6056864,0.4133037736164439,"{""geodesic"":false,""type"":""Point"",""coordinates"":[-75.70006888724726,9.113772246114038]}"
2901,0.0,-0.64051056,2970.1516,24.548412,1,0.0106961625,1.2624079,30.0,0.4984326,-0.54342914,0.71988726,0.6461444419325444,"{""geodesic"":false,""type"":""Point"",""coordinates"":[-76.00121553342701,8.517259249529921]}"
2902,0.0,1.1040077,150.0,10.669553,1,0.012944812,1.2444992,30.0,0.48407245,-0.51675713,1.4727751,0.011873696033680048,"{""geodesic"":false,""type"":""Point"",""coordinates"":[-75.86044385492248,8.93516916316359]}"
2903,0.0,0.99491787,3097.1277,15.455501,1,0.023290722,0.2908544,30.0,0.57618487,-0.53062,0.7766082,0.5556198567986598,"{""geodesic"":false,""type"":""Point"",""coordinates"":[-75.96453800717208,8.77754870803742]}"
2904,0.0,0.24031067,593.9697,10.172319,1,0.651613,0.46968323,30.0,0.60316116,-0.58881116,0.059849665,0.19722254992000243,"{""geodesic"":false,""type"":""Point"",""coordinates"":[-75.856784774912,8.887153118295561]}"
2905,0.0,0.0,174.92856,3.0,1,0.041251384,0.80173165,30.0,0.29070196,-0.27016276,0.0,0.18995112555314075,"{""geodesic"":false,""type"":""Point"",""coordinates"":[-75.74976872600307,9.119913813132264]}"
2906,0.0,4.4337006,342.0526,25.449615,1,0.00957499,0.8611041,30.0,0.5999066,-0.6108108,0.32139167,0.37450964427063127,"{""geodesic"":false,""type"":""Point"",""coordinates"":[-75.9635252130113,8.485881081250861]}"
2908,0.0,0.7881584,254.55844,20.015266,1,0.009478204,0.9951316,30.0,0.62936735,-0.60213554,0.4124583,0.6971031220976058,"{""geodesic"":false,""type"":""Point"",""coordinates"":[-76.02683449472849,8.618664949063122]}"
2909,0.0,2.1086187,228.47319,11.540897,1,0.014642623,0.8123343,30.0,0.48978987,-0.5314877,0.42869624,0.6002634281248097,"{""geodesic"":false,""type"":""Point"",""coordinates"":[-75.83604871468683,8.88665753239148]}"
2910,0.0,0.0,975.8074,3.0,1,0.012593996,0.85535663,80.0,-0.03768967,0.111211576,0.0,0.4998729062851762,"{""geodesic"":false,""type"":""Point"",""coordinates"":[-75.74915047768917,9.215693892917342]}"
2911,0.0,0.0,2226.477,3.5,1,2.5205066,0.119590186,90.0,0.1661442,-0.12020075,0.0,0.6381485006238397,"{""geodesic"":false,""type"":""Point"",""coordinates"":[-75.67652151257938,9.077186795614416]}"
2912,0.0,1.8651218,1248.5192,12.473758,1,0.025413062,0.8979985,30.0,0.65413535,-0.60301507,0.59961563,0.38815278182332247,"{""geodesic"":false,""type"":""Point"",""coordinates"":[-75.87812520158846,8.797295082811877]}"
2913,0.0,2.5776665,2160.2083,3.961988,1,0.013086735,2.288226,30.0,0.6868032,-0.6437595,0.45439702,0.38155194786120816,"{""geodesic"":false,""type"":""Point"",""coordinates"":[-75.8654588141285,9.20620822851889]}"
2914,0.0,-3.3147614,161.55495,3.2200928,1,0.018825686,2.5819378,30.0,0.56478643,-0.58802396,0.84687465,0.07434120285362622,"{""geodesic"":false,""type"":""Point"",""coordinates"":[-75.90119129974919,9.298097085403525]}"
2915,0.0,0.0,3610.2354,3.5,1,0.1251276,0.006888157,90.0,0.49122286,-0.37277457,0.0,0.4101349581599856,"{""geodesic"":false,""type"":""Point"",""coordinates"":[-75.79244647916174,9.159979553035186]}"
2916,0.0,-0.5943661,516.1395,17.975714,1,0.015113502,1.4804928,30.0,0.4588584,-0.56066614,3.2613878,0.6359549866442674,"{""geodesic"":false,""type"":""Point"",""coordinates"":[-75.95012082124993,8.684793572806182]}"
2917,3.429373,-0.2933035,1637.1316,6.100919,1,0.008441334,1.903028,30.0,0.5404076,-0.54693013,0.5465152,0.6420097580832833,"{""geodesic"":false,""type"":""Point"",""coordinates"":[-75.86012477508582,9.145716439634919]}"
2918,0.0,4.901454,1181.8629,16.087412,1,0.020708723,1.7098118,30.0,0.46761313,-0.5338485,0.16942641,0.10337948281597586,"{""geodesic"":false,""type"":""Point"",""coordinates"":[-75.95458118462308,8.72330998882589]}"
2920,0.0,-0.82452965,2545.938,18.869093,1,1.0535678,0.15587418,30.0,0.5272074,-0.5370705,0.06427502,0.309894925609408,"{""geodesic"":false,""type"":""Point"",""coordinates"":[-75.98484205545216,8.615247750130786]}"
2921,0.0,0.0,1046.5658,3.0,1,0.113944285,0.13217205,90.0,0.5912914,-0.5091506,0.0,0.3874433889233774,"{""geodesic"":false,""type"":""Point"",""coordinates"":[-75.8140452663663,9.172683880563678]}"
2922,0.0,-0.068017244,1281.6006,3.4513702,1,0.03534203,0.3395591,40.0,0.74230105,-0.6450337,1.2081198,0.08943800684570058,"{""geodesic"":false,""type"":""Point"",""coordinates"":[-75.86904514423641,9.221122183651882]}"
2924,0.0,0.41445923,1381.3037,15.555149,1,0.05638048,0.5219112,30.0,0.4096,-0.51548165,0.84516007,0.19262528909928545,"{""geodesic"":false,""type"":""Point"",""coordinates"":[-75.94924676665477,8.770533152688326]}"
2925,0.0,0.26091623,1124.4999,1.0160145,1,0.019230917,0.5104425,40.0,0.6211388,-0.5098787,0.16177449,0.46963870412197783,"{""geodesic"":false,""type"":""Point"",""coordinates"":[-75.94684233048983,9.31208718228461]}"
2926,0.0,0.0,1832.2118,3.0,1,0.03175465,0.12383325,90.0,0.5730619,-0.47438577,0.0,0.05787714702336111,"{""geodesic"":false,""type"":""Point"",""coordinates"":[-75.71625042616627,9.150913036810758]}"
2929,0.0,3.4448433,1116.4677,9.730013,1,0.020766364,0.43713456,30.0,0.41950005,-0.48512644,0.6564174,0.19699778780790755,"{""geodesic"":false,""type"":""Point"",""coordinates"":[-75.87687590563723,8.960363727478093]}"
2930,0.0,1.5334816,4908.462,28.03201,1,1.1252093,0.871566,30.0,0.48786932,-0.5324097,0.32534495,0.09768494529884741,"{""geodesic"":false,""type"":""Point"",""coordinates"":[-76.02557907619298,8.454792521249649]}"
2931,0.0,-0.7609329,1527.3507,25.80139,1,0.075000264,0.53379905,30.0,0.5724719,-0.5707071,0.27477607,0.5708620377898361,"{""geodesic"":false,""type"":""Point"",""coordinates"":[-75.99705158246655,8.487967366563225]}"
2932,0.0,0.032518625,1697.0563,4.139974,1,0.008441454,1.0485249,90.0,0.4748461,-0.44299066,0.75415516,0.009878298545588082,"{""geodesic"":false,""type"":""Point"",""coordinates"":[-75.81997822045301,9.140382941586138]}"
2934,0.0,1.4400406,827.58685,10.2561655,1,0.0097374,2.539751,30.0,0.5579042,-0.53240436,0.2027178,0.21305438380295427,"{""geodesic"":false,""type"":""Point"",""coordinates"":[-75.756916370093,8.74709022337971]}"
2935,0.0,0.30971718,979.4897,19.439795,1,0.04402948,1.0258516,30.0,0.51897883,-0.52925265,0.3795915,0.1992088941840573,"{""geodesic"":false,""type"":""Point"",""coordinates"":[-76.01845099477677,8.643919731726063]}"
2936,0.0,0.43157506,5426.9326,3.645038,1,0.47678062,0.12178487,30.0,0.29200464,-0.33893725,0.42426935,0.48994367141676287,"{""geodesic"":false,""type"":""Point"",""coordinates"":[-75.77941433709941,9.068027973502696]}"
2938,0.0,0.5380459,534.1348,13.666069,1,2.013235,0.07350791,30.0,0.5336446,-0.56721866,0.055262003,0.08092795093150851,"{""geodesic"":false,""type"":""Point"",""coordinates"":[-75.91649268313616,8.760032464304192]}"
2939,0.0,3.4480743,3208.8784,17.61525,1,0.020887218,1.5011171,30.0,0.5023843,-0.5070343,1.8258439,0.6866109939766054,"{""geodesic"":false,""type"":""Point"",""coordinates"":[-75.95494532659471,8.651680323662607]}"
2942,0.0,-0.06343341,2655.805,2.7010903,1,0.27174562,0.27843058,90.0,0.591154,-0.5595387,0.07895889,0.2986044787156108,"{""geodesic"":false,""type"":""Point"",""coordinates"":[-75.78312408944255,9.142092298648931]}"
2943,0.0,2.6536083,1168.4606,20.767155,1,0.009059663,1.8000779,30.0,0.44667503,-0.5086686,0.4980272,0.3670087033659609,"{""geodesic"":false,""type"":""Point"",""coordinates"":[-76.0077397451728,8.61437443156544]}"
2944,0.5004305,9.021602,0.0,13.0,1,7340.8193,0.66797006,80.0,-0.4192496,0.49788433,0.0,0.05509231231213696,"{""geodesic"":false,""type"":""Point"",""coordinates"":[-75.92240060868069,8.722575566162247]}"
2945,0.0,1.4107208,648.9992,9.140154,1,0.008755868,0.5875565,90.0,0.6992589,-0.603248,0.2629981,0.23047172296107732,"{""geodesic"":false,""type"":""Point"",""coordinates"":[-75.74004515885046,8.766388320502475]}"
2946,0.0,0.23973942,2991.137,3.0,1,36.332085,0.51392066,30.0,0.48465705,-0.42147332,0.0,0.24264091307534574,"{""geodesic"":false,""type"":""Point"",""coordinates"":[-75.6672550145944,9.23159222232579]}"
2949,0.0,0.1774025,492.0366,23.429127,1,0.03214271,0.4223062,30.0,0.56931967,-0.49312976,0.7025277,0.4393704872284111,"{""geodesic"":false,""type"":""Point"",""coordinates"":[-75.97670754992487,8.52573259656598]}"
2951,0.0,0.29222107,957.18335,15.83788,1,0.48051846,0.038983695,30.0,0.71344715,-0.57479155,0.932067,0.0722148649124501,"{""geodesic"":false,""type"":""Point"",""coordinates"":[-75.97154322147152,8.744429853813468]}"
2952,0.0,4.3391,0.0,20.0,1,7812.385,0.08212201,80.0,-0.38330758,0.463349,0.0,0.056189524562669124,"{""geodesic"":false,""type"":""Point"",""coordinates"":[-75.9616297070364,8.599569884752711]}"
2953,0.0,-1.3978539,3813.8958,23.54268,1,10.760826,0.39756924,30.0,0.55986696,-0.58045495,3.4588795,0.29670796292622004,"{""geodesic"":false,""type"":""Point"",""coordinates"":[-76.01104217681608,8.522931502384711]}"
2954,0.0,0.0,180.0,3.0,1,0.013669504,0.0,90.0,-0.18215385,0.16362493,0.0,0.0028228432088005517,"{""geodesic"":false,""type"":""Point"",""coordinates"":[-75.73768669653008,9.218430842859773]}"
2955,0.0,-0.86432886,308.8689,6.0429444,1,0.013412678,2.1756387,30.0,0.6139355,-0.5377428,1.5377927,0.08756913017418988,"{""geodesic"":false,""type"":""Point"",""coordinates"":[-75.83930095389181,9.114020437531144]}"
2956,0.0,0.6396179,3288.115,17.069702,1,0.15750138,0.33529076,30.0,0.43934822,-0.48922884,0.51262724,0.46665196056686453,"{""geodesic"":false,""type"":""Point"",""coordinates"":[-75.99775169218047,8.754943081129893]}"
2957,0.0,0.9691014,6554.2964,7.328356,1,0.008448043,1.4085735,30.0,0.6112283,-0.58854586,0.34608278,0.34546313496822445,"{""geodesic"":false,""type"":""Point"",""coordinates"":[-75.6469144254146,8.852302324822292]}"
2958,0.0,0.7993603,2623.9285,19.544857,1,0.07748352,0.58512884,30.0,0.5312992,-0.5405063,0.6407376,0.35050381590788393,"{""geodesic"":false,""type"":""Point"",""coordinates"":[-75.98406562556352,8.631257599200367]}"
2959,0.0,0.0,234.3075,3.0,1,0.008673206,0.0,90.0,0.21043772,-0.11602639,0.0,0.04447683964984339,"{""geodesic"":false,""type"":""Point"",""coordinates"":[-75.71137198192696,9.16910177661503]}"
2960,0.0,0.27210426,1171.5375,3.0,1,0.011941695,0.6958959,90.0,0.3425535,-0.38530868,0.0,0.5201522517837219,"{""geodesic"":false,""type"":""Point"",""coordinates"":[-75.73320014441497,9.16146098907966]}"
2962,0.0,0.0,1110.0,3.0,1,0.039332494,0.24888787,90.0,0.34356928,-0.2885829,0.0,0.044461619810271746,"{""geodesic"":false,""type"":""Point"",""coordinates"":[-75.76099711820504,9.136441496738229]}"
2965,0.0,0.524601,361.24783,18.881773,1,0.3235249,0.15953404,30.0,0.5759599,-0.58579314,0.06886611,0.17080854815734192,"{""geodesic"":false,""type"":""Point"",""coordinates"":[-76.01266126280203,8.61978784456385]}"
2966,0.0,0.99656916,4286.222,4.3315806,1,0.018034587,1.61138,30.0,0.56326747,-0.5917369,0.088515684,0.15222850316783165,"{""geodesic"":false,""type"":""Point"",""coordinates"":[-75.937638416691,9.240484638267711]}"
2967,0.0,0.4556229,2430.7407,1.8031653,1,0.07916116,0.13269284,30.0,0.6310892,-0.6324295,0.9261542,0.3166730956755929,"{""geodesic"":false,""type"":""Point"",""coordinates"":[-75.93284238543959,9.285806644303138]}"
2968,0.0,0.25644588,4551.802,4.0,1,0.08063505,0.68719614,40.0,0.7227402,-0.60216135,0.0,0.5228543281872733,"{""geodesic"":false,""type"":""Point"",""coordinates"":[-75.66208744539885,9.095663957041703]}"
2970,0.0,1.3217659,3485.4268,17.277107,1,2.3134692,0.016103102,30.0,0.6681416,-0.6427015,0.3721021,0.4572453609285114,"{""geodesic"":false,""type"":""Point"",""coordinates"":[-76.0010221305488,8.754120492634438]}"
2971,0.0,1.7216043,5212.1494,5.297443,1,0.011765394,1.4913892,30.0,0.7210777,-0.6025578,0.4689023,0.34212880519613365,"{""geodesic"":false,""type"":""Point"",""coordinates"":[-75.90366164767131,9.195804400415438]}"
2973,0.0,-0.20178795,384.18747,20.719503,1,0.051390074,1.0693183,30.0,0.5377932,-0.5440535,0.19573468,0.15505646841100473,"{""geodesic"":false,""type"":""Point"",""coordinates"":[-76.02354484758887,8.61189081318629]}"
2974,0.0,1.1967335,1557.6906,17.069752,1,0.22806047,0.3353357,10.0,0.7365145,-0.6268222,0.2196846,0.42521400295487444,"{""geodesic"":false,""type"":""Point"",""coordinates"":[-75.96270729346777,8.701855184246023]}"
2975,0.0,0.7626934,416.77332,11.202392,1,0.008447595,0.7353773,30.0,0.57601714,-0.53424656,1.355819,0.41547504921719114,"{""geodesic"":false,""type"":""Point"",""coordinates"":[-75.88048495984773,8.872175104232612]}"
2977,0.0,1.2986317,2292.5967,17.528809,1,18.139503,0.37029815,30.0,0.55808324,-0.5498315,0.23228307,0.6126037556543408,"{""geodesic"":false,""type"":""Point"",""coordinates"":[-76.00312695604471,8.725355363561738]}"
2981,0.0,0.370121,806.10175,15.0072975,1,0.26525593,0.5257786,30.0,0.64407146,-0.65403765,0.3725541,0.05195691222230181,"{""geodesic"":false,""type"":""Point"",""coordinates"":[-75.94478517722823,8.731745450259298]}"
2984,0.0,-0.5372181,457.9301,6.2277584,1,0.011682283,1.262553,30.0,0.68734115,-0.61351484,0.67340374,0.006117323717050982,"{""geodesic"":false,""type"":""Point"",""coordinates"":[-75.85460425496395,9.120496553370568]}"
2985,0.0,0.0,807.21747,3.0,1,0.02108688,0.9786344,90.0,0.28993887,-0.24668689,0.0,0.5925721716448977,"{""geodesic"":false,""type"":""Point"",""coordinates"":[-75.77375014339273,9.225952249302127]}"
2986,0.0,0.0,1899.7368,3.5,1,0.018484749,0.0,80.0,0.050385606,-0.06991359,0.0,0.5329838950157307,"{""geodesic"":false,""type"":""Point"",""coordinates"":[-75.76735160697552,9.171429327621784]}"
2987,0.0,1.3547125,711.19617,10.841633,1,0.018183598,0.2010967,30.0,0.6584022,-0.58792496,1.7109219,0.16688479412300872,"{""geodesic"":false,""type"":""Point"",""coordinates"":[-75.87622574701669,8.916682230430364]}"
2988,0.0,0.0,2746.434,3.0,1,0.061880272,1.2432917,90.0,0.5664511,-0.4995007,0.0,0.530869706205594,"{""geodesic"":false,""type"":""Point"",""coordinates"":[-75.81235830399602,9.151253057821624]}"
2989,0.0,3.9397764,330.0,4.5636168,1,0.01605261,0.80429894,10.0,0.72995347,-0.6248785,2.566552,0.4523937075698251,"{""geodesic"":false,""type"":""Point"",""coordinates"":[-75.89182791612626,9.267733083370624]}"
2991,0.0,0.0,2868.1003,3.0,1,0.11178425,1.5097355,30.0,0.31610888,-0.3815071,0.0,0.43041203894905233,"{""geodesic"":false,""type"":""Point"",""coordinates"":[-75.65102363789225,9.16677339309748]}"
2994,0.0,0.5484395,6876.0234,6.5,1,0.011086962,0.83466583,90.0,0.6342266,-0.5364668,0.0,0.44710402393613835,"{""geodesic"":false,""type"":""Point"",""coordinates"":[-75.64472577706913,8.848778701374588]}"
2995,0.0,5.65322,1755.705,0.0,1,0.03910464,1.987281,90.0,0.14078374,-0.018134715,0.0,0.6265679535612474,"{""geodesic"":false,""type"":""Point"",""coordinates"":[-75.89432379119832,9.389819179884318]}"
2997,0.0,-0.70915985,2355.5254,12.995428,1,0.06655789,0.09022361,50.0,0.1417004,-0.16709778,0.3225561,0.4414818464836444,"{""geodesic"":false,""type"":""Point"",""coordinates"":[-75.83046246164635,8.828877266231055]}"
3000,0.0,0.0,420.0,3.0,1,0.05743989,0.10073384,40.0,0.60140866,-0.5457355,0.0,0.5213159066913907,"{""geodesic"":false,""type"":""Point"",""coordinates"":[-75.74869423295542,9.128327217241322]}"
3003,0.0,-0.49003792,150.0,25.223751,1,0.0084562255,1.3716562,30.0,0.7293935,-0.62430614,0.92639714,0.25082123443894544,"{""geodesic"":false,""type"":""Point"",""coordinates"":[-75.98122777773035,8.481224469415194]}"
3004,0.0,3.4293313,833.54663,6.461434,1,0.028871434,0.48912987,30.0,0.50114346,-0.50160134,0.3041394,0.42893514541826927,"{""geodesic"":false,""type"":""Point"",""coordinates"":[-75.59711809601265,8.93188773889828]}"
3005,0.0,0.16760063,1110.0,24.735645,1,0.12341686,0.059048496,30.0,0.5595855,-0.57221204,0.011733607,0.6752018671253261,"{""geodesic"":false,""type"":""Point"",""coordinates"":[-75.993255742347,8.495574035899443]}"
3006,0.0,0.38930488,492.0366,3.5,1,0.30170935,0.3401744,40.0,0.24528302,-0.27653453,0.56572014,0.2213522792257192,"{""geodesic"":false,""type"":""Point"",""coordinates"":[-75.76321364084481,9.151631188063963]}"
3007,0.0,1.5045319,3761.981,22.925121,1,64.774796,0.37410876,30.0,0.4868318,-0.53156054,0.4504617,0.4876353883141752,"{""geodesic"":false,""type"":""Point"",""coordinates"":[-76.0078463095868,8.551428299878323]}"
3009,0.0,2.3413131,3210.5608,3.7489316,1,78.24649,0.06245717,40.0,0.4319672,-0.4621286,0.19279054,0.6276502730284492,"{""geodesic"":false,""type"":""Point"",""coordinates"":[-75.80184635518248,9.08995689428594]}"
3010,0.0,-3.124836,1006.2306,24.511244,1,0.014730901,1.1787919,30.0,0.7822773,-0.6626667,4.148984,0.1570747107885181,"{""geodesic"":false,""type"":""Point"",""coordinates"":[-76.03665756691188,8.621894350683926]}"
3011,0.0,-0.8303735,953.4149,3.8107986,1,0.011317088,0.7854778,30.0,0.17985252,-0.2485121,0.19748399,0.6104655750211155,"{""geodesic"":false,""type"":""Point"",""coordinates"":[-75.7563546388985,9.135908541636475]}"
3013,0.0,-0.76064205,602.99255,14.076026,1,0.47034723,0.2001137,30.0,0.71565044,-0.6348059,0.5401099,0.5157256799017536,"{""geodesic"":false,""type"":""Point"",""coordinates"":[-75.92357490617493,8.75648804153423]}"
3014,0.0,0.69100285,1146.2983,10.365338,1,0.07026754,1.1022059,30.0,0.54561317,-0.5322461,0.85270375,0.02613328853581154,"{""geodesic"":false,""type"":""Point"",""coordinates"":[-75.75690815291341,8.74302023465285]}"
3015,0.0,0.44367552,2561.4448,3.5,1,0.15194257,0.5684534,40.0,0.45611894,-0.5156485,0.629095,0.03393348477844382,"{""geodesic"":false,""type"":""Point"",""coordinates"":[-75.75270710855884,9.08897626291088]}"
3016,0.0,0.9921875,1273.4991,20.965044,1,0.02227223,1.3502967,30.0,0.55943346,-0.5582512,0.30716035,0.6202754137187751,"{""geodesic"":false,""type"":""Point"",""coordinates"":[-76.02975703513987,8.590440234553155]}"
3017,0.0,0.0,1366.2357,3.0,1,0.052268658,0.25700632,90.0,0.18346253,-0.15123586,0.0,0.6419219871595394,"{""geodesic"":false,""type"":""Point"",""coordinates"":[-75.66386651117071,9.171905386075437]}"
3018,0.0,12.693022,3379.3638,19.233608,1,0.008653477,1.4650407,30.0,0.51691014,-0.58511084,9.961915,0.20042599249216841,"{""geodesic"":false,""type"":""Point"",""coordinates"":[-75.9650636600584,8.663593051800811]}"
3019,0.0,-0.42310715,509.11688,16.37037,1,0.4506777,0.15671812,30.0,0.6183695,-0.61549395,0.41401199,0.5960845063040405,"{""geodesic"":false,""type"":""Point"",""coordinates"":[-75.97664291522597,8.712943759771077]}"
3020,0.0,2.627512,1530.0,16.520647,1,0.008450313,0.97828686,30.0,0.6431718,-0.62173915,3.3301442,0.005768682578502715,"{""geodesic"":false,""type"":""Point"",""coordinates"":[-75.966378470604,8.750954729402466]}"
3021,0.0,1.1726894,1920.9373,24.653637,1,3.5949082,0.79150057,30.0,0.6197411,-0.60717154,0.16772369,0.2146925765344475,"{""geodesic"":false,""type"":""Point"",""coordinates"":[-76.00005710008134,8.490944190985426]}"
3022,0.0,0.7170038,30.0,11.10945,1,0.028172074,0.10123899,30.0,0.5801047,-0.55366796,0.19665289,0.4015508037217128,"{""geodesic"":false,""type"":""Point"",""coordinates"":[-75.87878942959061,8.84748859940016]}"
3023,0.0,0.2559781,210.0,3.718356,1,0.009066757,1.0465554,30.0,0.35928226,-0.4102821,0.07464067,0.420307797615723,"{""geodesic"":false,""type"":""Point"",""coordinates"":[-75.74983794386569,9.15301574519569]}"
3024,0.0,-0.21783447,674.16614,18.654505,1,0.01880624,0.96260047,30.0,0.48977274,-0.54371506,0.45167416,0.2748311974707498,"{""geodesic"":false,""type"":""Point"",""coordinates"":[-76.01055611043525,8.648281717664778]}"
3025,55.04551,3.3341894,150.0,4.848668,1,0.008440021,2.0728362,30.0,0.5886386,-0.5555023,1.6377342,0.33338338540831336,"{""geodesic"":false,""type"":""Point"",""coordinates"":[-75.82121188307067,9.201970596462676]}"
3026,0.0,0.0,268.32816,3.0,1,6.224926,0.0,90.0,0.4979451,-0.4713386,0.0,0.12932338902842677,"{""geodesic"":false,""type"":""Point"",""coordinates"":[-75.72014562383902,9.186992173698949]}"
3027,0.0,0.53670025,1041.3933,15.847708,1,0.52439463,0.10906273,30.0,0.3618989,-0.47611094,0.1569245,0.12502021211033665,"{""geodesic"":false,""type"":""Point"",""coordinates"":[-75.96194681437234,8.724376678316434]}"
3028,14.238837,-0.11720562,1167.3046,13.278775,1,0.014309467,0.83342063,30.0,0.6610993,-0.60222614,0.2655225,0.27247962169882367,"{""geodesic"":false,""type"":""Point"",""coordinates"":[-75.90205965143704,8.769020857938438]}"
3029,0.0,-0.23855686,2791.4512,4.0885,1,1.350512,0.09897841,40.0,0.40966922,-0.38263497,0.6225596,0.5732448846190061,"{""geodesic"":false,""type"":""Point"",""coordinates"":[-75.77788137336684,9.116598848018695]}"
3030,0.0,0.63453484,0.0,16.048256,1,497.14377,0.6271316,30.0,0.6586421,-0.5849057,0.061083496,0.010254723003574329,"{""geodesic"":false,""type"":""Point"",""coordinates"":[-75.97992437131926,8.71646245765961]}"
3032,0.0,-1.9955921,1171.5375,10.975883,1,1.2207316,0.086111136,30.0,0.48777977,-0.52746964,1.4342024,0.34359669271824367,"{""geodesic"":false,""type"":""Point"",""coordinates"":[-75.87306726063015,8.965256550896251]}"
3033,0.0,-0.03829956,150.0,13.568281,1,0.029126376,0.36676568,40.0,0.685735,-0.62645555,0.4745025,0.4141565808848161,"{""geodesic"":false,""type"":""Point"",""coordinates"":[-75.91704877979369,8.764372280854408]}"
3035,0.0,1.4875202,647.611,20.969685,1,0.1088438,1.122342,30.0,0.64116096,-0.6174941,0.14246301,0.2263424007146515,"{""geodesic"":false,""type"":""Point"",""coordinates"":[-76.0464203666694,8.603147150309365]}"
3036,0.0,0.0,1788.463,3.0,1,0.012180292,1.4867139,40.0,0.13800365,-0.20876826,0.0,0.13042744847308885,"{""geodesic"":false,""type"":""Point"",""coordinates"":[-75.76749564674233,9.11119434989896]}"
3039,0.0,-0.3871069,1871.8173,1.0906667,1,0.19147424,0.33666742,30.0,0.48816347,-0.48151824,0.6178704,0.06523884018214243,"{""geodesic"":false,""type"":""Point"",""coordinates"":[-75.96849974454132,9.340787945646305]}"
3040,2.8435867,-4.5897202,7871.2705,6.2184205,1,1.9117577,0.06560788,90.0,0.6331745,-0.5384339,1.2064629,0.02324784361440979,"{""geodesic"":false,""type"":""Point"",""coordinates"":[-75.63125134218316,9.102773365790013]}"
3041,0.0,0.43989754,3133.3848,4.2986917,1,0.064345285,1.6547498,30.0,0.6154206,-0.56037015,0.18006435,0.49457507700877823,"{""geodesic"":false,""type"":""Point"",""coordinates"":[-75.86734845847263,9.197250125199927]}"
3042,0.0,0.0,6264.184,0.0,1,0.049043503,0.0,80.0,-0.09981851,0.25075528,0.0,0.5396209925800435,"{""geodesic"":false,""type"":""Point"",""coordinates"":[-75.86142526265506,9.343776799025227]}"
3046,0.0,0.464509,630.71387,12.677204,1,1.0030609,0.06810352,30.0,0.55392957,-0.5564604,0.65629107,0.6572763863486363,"{""geodesic"":false,""type"":""Point"",""coordinates"":[-75.90370721878881,8.773629421864138]}"
3048,0.0,0.08885741,1506.5856,1.1676877,1,24.511915,0.5606054,30.0,0.6741674,-0.6320562,0.31422612,0.31205944395387486,"{""geodesic"":false,""type"":""Point"",""coordinates"":[-75.95316063145012,9.325364637223382]}"
3049,0.0,0.0,569.20996,3.0,1,0.03926765,0.2218312,90.0,-0.0763285,0.071243525,0.0,0.419725740868522,"{""geodesic"":false,""type"":""Point"",""coordinates"":[-75.69386058545106,9.150413920019812]}"
3050,0.0,0.0,0.0,3.0,1,1087.0729,0.0,90.0,-0.13506044,0.13744402,0.0,0.5954788627562495,"{""geodesic"":false,""type"":""Point"",""coordinates"":[-75.69643810343752,9.212001086076794]}"
3053,0.0,0.8017578,351.141,11.053529,1,0.014878846,2.2920258,30.0,0.73140097,-0.6444138,0.90847033,0.2863628244596016,"{""geodesic"":false,""type"":""Point"",""coordinates"":[-75.83712463289854,8.879871952375705]}"
3054,0.0,0.07545757,1958.29,7.5544324,1,0.020522824,0.71592426,30.0,0.63172644,-0.57223874,0.40193668,0.5140991407405617,"{""geodesic"":false,""type"":""Point"",""coordinates"":[-75.86508463813597,9.051013376704148]}"
3056,0.0,1.792633,1572.0687,15.670953,1,0.04040625,0.31932595,30.0,0.38938776,-0.51513356,1.0945243,0.48743687519278467,"{""geodesic"":false,""type"":""Point"",""coordinates"":[-75.95605468498655,8.766446183790162]}"
3058,0.0,0.0,678.8225,3.0,1,0.02080844,1.6644077,30.0,0.5486102,-0.481802,0.0,0.4641164544623769,"{""geodesic"":false,""type"":""Point"",""coordinates"":[-75.67831457816993,9.159397304585264]}"
3059,0.0,0.0,2052.3157,3.5,1,0.015565822,1.0868236,90.0,0.18951613,-0.1904762,0.0,0.4181066523629736,"{""geodesic"":false,""type"":""Point"",""coordinates"":[-75.68144744189446,9.083689637344857]}"
3063,0.0,2.2333326,807.7747,11.531188,1,0.24247342,0.24514627,30.0,0.72834754,-0.6060296,0.14018193,0.10387580473500435,"{""geodesic"":false,""type"":""Point"",""coordinates"":[-75.89651450211173,8.84473335746254]}"
3065,0.0,1.2878647,2743.319,23.633833,1,0.008455222,1.3475645,30.0,0.44849786,-0.5198424,0.2749664,0.48743558052839253,"{""geodesic"":false,""type"":""Point"",""coordinates"":[-76.00233328178099,8.527837831745636]}"
3066,0.0,0.8574414,648.9992,7.0430045,1,0.18332928,0.46071813,30.0,0.6607678,-0.5641026,0.39306644,0.6577572351710874,"{""geodesic"":false,""type"":""Point"",""coordinates"":[-75.85225224037013,9.049415512845338]}"
3067,0.0,-1.25632,4117.329,13.7543955,1,10.688887,0.01385292,30.0,0.60785353,-0.5880503,0.39698845,0.24885773491751462,"{""geodesic"":false,""type"":""Point"",""coordinates"":[-75.91703029063956,8.867474704235567]}"
3068,0.0,0.6477432,611.8823,12.0854645,1,0.010985808,1.1020749,30.0,0.6281768,-0.5738318,1.7900196,0.4355133339145346,"{""geodesic"":false,""type"":""Point"",""coordinates"":[-75.88265903896435,8.868642764292538]}"
3069,0.0,2.1131554,2638.977,0.5,1,15.038199,0.60647476,30.0,0.7141256,-0.608627,0.9870031,0.1700997054489919,"{""geodesic"":false,""type"":""Point"",""coordinates"":[-75.95555337136419,9.301211450960492]}"
3070,0.0,0.09714532,2177.0164,3.0,1,0.019529428,0.7174899,40.0,0.4359339,-0.35707086,0.0,0.2875025139975632,"{""geodesic"":false,""type"":""Point"",""coordinates"":[-75.7718857878242,9.12149551085809]}"
3071,0.0,1.3983674,510.0,6.0485134,1,0.08139551,1.0918031,30.0,0.6222826,-0.58607864,0.46358836,0.40796979019436075,"{""geodesic"":false,""type"":""Point"",""coordinates"":[-75.59148294146982,8.990777420199498]}"
3072,0.0,0.6257839,934.34467,3.0,1,0.033325236,0.99686146,40.0,0.6617948,-0.56138426,0.9376469,0.022233758096025014,"{""geodesic"":false,""type"":""Point"",""coordinates"":[-75.73525647214612,9.231730888735292]}"
3073,0.0,-0.07275963,1591.1317,16.67487,1,0.058845844,0.42875582,30.0,0.6744584,-0.60887426,0.28927255,0.445758306144326,"{""geodesic"":false,""type"":""Point"",""coordinates"":[-76.00635067086448,8.707168616836237]}"
3074,0.0,0.42220688,563.6488,14.879959,1,0.008450764,0.73422724,30.0,0.49017468,-0.5766676,0.41434896,0.12479397441197249,"{""geodesic"":false,""type"":""Point"",""coordinates"":[-75.9494184220737,8.730648598276565]}"
3075,0.0,9.94614,174.92856,25.483248,1,0.008456346,2.3816664,30.0,0.6625212,-0.60534936,0.100994386,0.591763341967082,"{""geodesic"":false,""type"":""Point"",""coordinates"":[-75.9610468401292,8.475576908638795]}"
3077,0.0,0.8065233,573.1492,3.5,1,0.047563046,0.62911546,30.0,0.546525,-0.48265418,0.46913993,0.6203920368676552,"{""geodesic"":false,""type"":""Point"",""coordinates"":[-75.70078190604127,9.059233136848484]}"
3078,0.0,0.34319794,1920.0,1.9472148,1,0.020655043,1.1469544,30.0,0.5308057,-0.5445308,1.0690414,0.15560020474265446,"{""geodesic"":false,""type"":""Point"",""coordinates"":[-75.969054318888,9.343770850284454]}"
3079,0.0,0.13018894,436.80658,9.518206,1,1.0069573,0.0,30.0,0.6066906,-0.54788214,0.19936213,0.3356143108348062,"{""geodesic"":false,""type"":""Point"",""coordinates"":[-75.86184580890057,8.951174032804701]}"
3080,0.0,1.2664852,566.0389,12.608265,1,0.086508185,0.32703012,30.0,0.5144105,-0.5635708,0.28777477,0.050875297264987185,"{""geodesic"":false,""type"":""Point"",""coordinates"":[-75.91654923885119,8.783094757189154]}"
3082,0.0,0.1788454,2455.056,4.37523,1,0.010413081,1.1759272,30.0,0.5733861,-0.5263807,0.5539508,0.6688582963405573,"{""geodesic"":false,""type"":""Point"",""coordinates"":[-75.80474038247087,9.163208341110504]}"
3084,0.0,-0.4280448,2970.606,5.854959,1,0.067670874,0.21524023,90.0,0.74385965,-0.6295082,0.25075594,0.07013736431423112,"{""geodesic"":false,""type"":""Point"",""coordinates"":[-75.87025617912975,9.157901697102366]}"
3085,0.0,-0.49184132,324.4996,13.647382,1,0.031487703,0.24344891,30.0,0.6549356,-0.5595551,1.3780974,0.6740592083502618,"{""geodesic"":false,""type"":""Point"",""coordinates"":[-75.91138232280339,8.78934770393389]}"
3087,0.0,0.0,283.01944,3.0,1,0.008443491,1.6549381,80.0,0.026278408,-0.07355126,0.0,0.19128046554562317,"{""geodesic"":false,""type"":""Point"",""coordinates"":[-75.7800007666829,9.212101150266108]}"
3088,0.0,0.6694155,997.2462,3.0,1,0.034304634,0.5087968,90.0,0.66537356,-0.56929433,0.0,0.35254476918432975,"{""geodesic"":false,""type"":""Point"",""coordinates"":[-75.7590590046977,9.123693136702322]}"
3089,0.0,0.3715477,1448.1022,16.67488,1,0.24148291,0.21980916,30.0,0.48934913,-0.5427521,0.310795,0.09135271780565446,"{""geodesic"":false,""type"":""Point"",""coordinates"":[-76.01230304582403,8.689788572090306]}"
3091,0.0,-0.90635705,2010.0,3.9409943,1,0.00844017,0.80265653,30.0,0.33649173,-0.42642292,0.13167985,0.36968444255636734,"{""geodesic"":false,""type"":""Point"",""coordinates"":[-75.77586794982848,9.195287869022758]}"
3092,0.0,0.0,540.0,3.0,1,0.026077619,0.86943406,30.0,0.5055679,-0.45945215,0.0,0.49134366700713406,"{""geodesic"":false,""type"":""Point"",""coordinates"":[-75.70507101414768,9.158532214587936]}"
3093,0.0,2.049488,3226.2207,9.62245,1,0.13122992,1.3420615,90.0,0.5244065,-0.5193407,0.22554587,0.27697736656968885,"{""geodesic"":false,""type"":""Point"",""coordinates"":[-75.78309202961104,9.251707902077557]}"
3095,0.0,0.3897648,1590.0,12.050338,1,0.9469765,0.024718966,30.0,0.58848846,-0.5509454,0.30920166,0.16368697502919904,"{""geodesic"":false,""type"":""Point"",""coordinates"":[-75.90495977591851,8.840100568611437]}"
3097,0.0,-0.06185627,210.0,3.1392696,1,0.008960016,2.3013766,30.0,0.5586566,-0.5535125,0.3199717,0.008594601280725644,"{""geodesic"":false,""type"":""Point"",""coordinates"":[-75.89261711618941,9.255793152210193]}"
3099,0.0,0.0,1618.0544,3.0,1,0.008811834,0.0013177908,90.0,0.39159217,-0.32451165,0.0,0.26223576503045143,"{""geodesic"":false,""type"":""Point"",""coordinates"":[-75.7289085322889,9.199184392556267]}"
3100,2.4265797,1.4321299,3180.0,7.865816,1,0.015098824,0.52596325,30.0,0.6904357,-0.6027788,0.11208218,0.3575480866210491,"{""geodesic"":false,""type"":""Point"",""coordinates"":[-75.87622169395969,9.02873852569508]}"
3101,0.0,1.3427343,1018.6756,9.971245,1,0.009966183,1.2457899,30.0,0.4950638,-0.5449117,0.6878194,0.3654603694426076,"{""geodesic"":false,""type"":""Point"",""coordinates"":[-75.77677338765761,8.721816078917165]}"
3102,0.0,0.37936592,636.3961,17.081429,1,21.861788,0.06277731,30.0,0.48659003,-0.53266484,0.16428383,0.6787966139260878,"{""geodesic"":false,""type"":""Point"",""coordinates"":[-76.00952341637918,8.669989814344612]}"
3104,0.0,1.6154728,127.27922,18.84191,1,0.008452692,0.6555712,30.0,0.6740285,-0.60751677,0.6409541,0.31648223062890735,"{""geodesic"":false,""type"":""Point"",""coordinates"":[-76.00754481826212,8.643677256839057]}"
3105,0.0,-0.10836935,6432.1846,2.6687264,1,0.077105105,0.3915187,30.0,0.56539005,-0.5838117,0.15200613,0.41151603862517183,"{""geodesic"":false,""type"":""Point"",""coordinates"":[-75.9702129212013,9.268614534140227]}"
3107,0.0,0.2024126,2700.0,7.5290546,1,0.017552203,0.5882629,30.0,0.61801594,-0.5666575,0.27534065,0.6720605486413905,"{""geodesic"":false,""type"":""Point"",""coordinates"":[-75.8718652403617,9.033090049235529]}"
3108,0.0,0.06920242,283.01944,4.0,1,0.039856594,2.6196935,90.0,0.66558653,-0.5850499,0.0,0.6244259672865637,"{""geodesic"":false,""type"":""Point"",""coordinates"":[-75.81795630166708,9.211202986514524]}"
3109,0.0,6.6298885,2872.647,17.16699,1,1.0904433,2.5018,30.0,0.4313775,-0.33741176,4.9100833,0.49743415035199656,"{""geodesic"":false,""type"":""Point"",""coordinates"":[-75.80959816363246,9.258160809327904]}"
3110,0.0,-0.07733536,295.46573,6.1265407,1,0.08457517,0.27065298,30.0,0.48105294,-0.49926794,0.07661661,0.4364315137831003,"{""geodesic"":false,""type"":""Point"",""coordinates"":[-75.85512443640219,9.109642445925033]}"
3112,0.0,1.5410895,551.5433,1.6719314,1,0.054216325,0.17314944,30.0,0.6730536,-0.6131899,0.62019676,0.5853500332858032,"{""geodesic"":false,""type"":""Point"",""coordinates"":[-75.9027322570137,9.259837577761338]}"
3113,0.0,0.06262493,2747.7446,15.396715,1,0.013951501,1.2040411,30.0,0.6587537,-0.617945,0.3586668,0.599704263468145,"{""geodesic"":false,""type"":""Point"",""coordinates"":[-75.93186021458116,8.797979912075785]}"
3114,0.0,0.0,1693.0741,3.0,1,0.33303666,0.100774646,40.0,0.5460457,-0.44255236,0.0,0.18418450067268777,"{""geodesic"":false,""type"":""Point"",""coordinates"":[-75.76207766670738,9.131012674454274]}"
3115,0.0,-0.182333,174.92856,11.410543,1,0.19175637,0.13042206,30.0,0.4695241,-0.51376146,0.59664303,0.4518752177344827,"{""geodesic"":false,""type"":""Point"",""coordinates"":[-75.88286519561726,8.840695911245849]}"
3116,0.0,0.1318078,436.80658,6.8456507,1,0.037530474,0.86285335,30.0,0.5177719,-0.5570068,0.04823946,0.5471676219554563,"{""geodesic"":false,""type"":""Point"",""coordinates"":[-75.85206437961975,9.085501910646627]}"
3117,0.0,1.0682297,924.1753,7.810118,1,43.47177,0.21900065,30.0,0.62705094,-0.5511426,0.22993173,0.24833548082781187,"{""geodesic"":false,""type"":""Point"",""coordinates"":[-75.85132903144623,9.004920580966392]}"
3119,0.0,0.9149699,120.0,5.5857105,1,0.010468913,0.6837413,30.0,0.54404145,-0.5253233,0.26726687,0.15623374442662685,"{""geodesic"":false,""type"":""Point"",""coordinates"":[-75.83441283776915,9.12515593874734]}"
3124,0.0,0.48541856,1449.0342,3.0,1,0.02064294,0.7295825,90.0,0.610951,-0.53080785,0.0,0.5154655754839823,"{""geodesic"":false,""type"":""Point"",""coordinates"":[-75.82247714391518,9.158555980022047]}"
3125,0.0,0.29236507,3107.4265,4.5,1,0.061620496,0.7947628,90.0,0.6899761,-0.6115619,0.7810348,0.1356659146186523,"{""geodesic"":false,""type"":""Point"",""coordinates"":[-75.87055365171182,9.167939835925653]}"
3126,0.0,0.0,573.1492,3.0,1,0.08574021,0.5311587,90.0,0.32206404,-0.29810002,0.0,0.17055002715879963,"{""geodesic"":false,""type"":""Point"",""coordinates"":[-75.69604749681652,9.151766384555621]}"
3127,0.0,3.1497202,840.5355,7.998009,1,0.04266604,0.92462176,30.0,0.6317444,-0.5933504,4.5554748,0.6819208707504508,"{""geodesic"":false,""type"":""Point"",""coordinates"":[-75.85279174585689,9.046701025199775]}"
3128,0.0,0.0,1758.0103,3.5,1,0.037080802,0.14831965,80.0,0.3402435,-0.38915417,0.0,0.6016086545031473,"{""geodesic"":false,""type"":""Point"",""coordinates"":[-75.76843678669825,9.168171101425939]}"
3129,0.0,0.4278326,0.0,13.210499,1,525.7245,0.04043677,30.0,0.61978906,-0.5812699,0.25273827,0.6254828657376665,"{""geodesic"":false,""type"":""Point"",""coordinates"":[-75.92169992246697,8.77033005933465]}"
3130,0.0,0.0,192.09373,3.5,1,0.026962802,0.9286808,90.0,0.35868725,-0.37407264,0.0,0.35462930855099273,"{""geodesic"":false,""type"":""Point"",""coordinates"":[-75.75992460025168,9.145668888818493]}"
3131,0.0,-3.0149918,3247.7686,25.137691,1,0.013487559,1.1447207,30.0,0.6021544,-0.5650649,3.1366093,0.3437640135170028,"{""geodesic"":false,""type"":""Point"",""coordinates"":[-76.03729995971175,8.55731944524948]}"
3132,0.0,1.1753683,1679.1963,11.067955,1,3.5303013,0.014956442,30.0,0.5436508,-0.5542237,0.13029736,0.31698720138467074,"{""geodesic"":false,""type"":""Point"",""coordinates"":[-75.88623943096479,8.88274310651744]}"
3133,0.0,-1.1391087,0.0,10.553873,1,533.64496,0.4999909,30.0,0.6322155,-0.5919571,1.0099753,0.4843884732624294,"{""geodesic"":false,""type"":""Point"",""coordinates"":[-75.85693599458553,8.951999399986553]}"
3134,168.44118,3.3511472,600.0,5.0,1,0.3300739,1.4719406,90.0,0.11751663,0.09189189,1.0998697,0.1565905627437706,"{""geodesic"":false,""type"":""Point"",""coordinates"":[-75.72159843547252,9.230130594472701]}"
3136,0.0,-0.35212874,742.7651,1.6636708,1,0.025317272,0.55049723,90.0,0.6825992,-0.53710043,0.22478853,0.36112893726879813,"{""geodesic"":false,""type"":""Point"",""coordinates"":[-75.9529125235221,9.334589909040384]}"
3137,0.0,-2.220358,2604.995,24.10329,1,0.012834853,0.347156,30.0,0.5046219,-0.5441498,3.2897274,0.4687252520801647,"{""geodesic"":false,""type"":""Point"",""coordinates"":[-76.00662253862977,8.50042347502592]}"
3139,0.0,3.0275154,10519.012,36.5,1,0.410166,1.379865,30.0,0.4857968,-0.40272728,0.0,0.2053349826528823,"{""geodesic"":false,""type"":""Point"",""coordinates"":[-76.03063725983722,8.81264474910901]}"
3140,0.0,1.4930127,1934.9419,3.5,1,0.030923693,0.19679743,30.0,0.46386805,-0.3889047,0.0,0.0075669918242050604,"{""geodesic"":false,""type"":""Point"",""coordinates"":[-75.72194203904675,9.1300093332413]}"
3141,0.0,0.49117088,1666.2833,9.809657,1,3.547855,0.11390831,30.0,0.5989382,-0.6082524,0.21670865,0.24800880869215347,"{""geodesic"":false,""type"":""Point"",""coordinates"":[-75.88612749701561,8.949488791570777]}"
3142,0.0,0.0,1080.0,3.0,1,0.5252873,0.056710105,30.0,0.42450833,-0.4648413,0.0,0.04045036018370851,"{""geodesic"":false,""type"":""Point"",""coordinates"":[-75.75929333047216,9.23385152956088]}"
3143,0.0,-1.3300097,3720.0,1.876559,1,0.01611754,0.19098574,90.0,0.7233247,-0.56041664,2.1203654,0.29427198596701076,"{""geodesic"":false,""type"":""Point"",""coordinates"":[-75.93197360112045,9.267088221776012]}"
3145,0.0,0.15455723,5178.8896,4.9185963,1,0.015693631,1.0751266,40.0,0.6018138,-0.5570248,0.34918898,0.2467135556312371,"{""geodesic"":false,""type"":""Point"",""coordinates"":[-75.6486921412856,9.085377312742672]}"
3146,0.0,4.1047783,2939.5408,24.321865,1,0.008455235,1.5560061,30.0,0.51280713,-0.57368135,4.415099,0.05478629890859765,"{""geodesic"":false,""type"":""Point"",""coordinates"":[-76.0039664832886,8.527019652092743]}"
3147,0.0,0.3369999,2868.1003,15.432177,1,1.6129348,0.24044007,30.0,0.5516569,-0.61870867,0.44422656,0.5439985287881922,"{""geodesic"":false,""type"":""Point"",""coordinates"":[-75.97132610789312,8.765864598308355]}"
3148,46.284397,0.8427973,1381.9551,13.282499,1,0.009032384,0.6868997,30.0,0.57321936,-0.5594465,0.71199876,0.2659136256606339,"{""geodesic"":false,""type"":""Point"",""coordinates"":[-75.90408855348534,8.818396847364399]}"
3149,0.0,0.0,150.0,3.0,1,0.019947615,0.0,90.0,0.48218262,-0.5152981,0.0,0.6374067790475704,"{""geodesic"":false,""type"":""Point"",""coordinates"":[-75.74262262524768,9.228188487868831]}"
3150,0.0,1.6604004,256.3201,20.969553,1,0.0131643005,0.7044363,30.0,0.48096886,-0.5779921,0.7035041,0.5887081020800793,"{""geodesic"":false,""type"":""Point"",""coordinates"":[-76.05294488141742,8.596617806583525]}"
3154,0.0,1.7184658,1120.0892,25.210428,1,0.008456001,0.82860154,30.0,0.60807484,-0.5912302,0.22248192,0.2197427482638592,"{""geodesic"":false,""type"":""Point"",""coordinates"":[-75.99270091263774,8.4917769598746]}"
3155,0.0,-0.32828712,2081.2737,9.337252,1,0.027257884,0.35274023,30.0,0.36447886,-0.43096793,0.30332008,0.3577234333554664,"{""geodesic"":false,""type"":""Point"",""coordinates"":[-75.68802309076611,8.8058304931722]}"
3157,0.0,0.0,1368.2104,3.0,1,0.020755941,0.52882504,30.0,0.4938146,-0.49012777,0.0,0.40964299380257063,"{""geodesic"":false,""type"":""Point"",""coordinates"":[-75.69548509202248,9.143356189971847]}"
3158,0.0,0.728384,3456.3855,17.891933,1,0.02861954,0.22645636,30.0,0.56578946,-0.5994624,2.7922528,0.6544267006852525,"{""geodesic"":false,""type"":""Point"",""coordinates"":[-75.96670027971183,8.663860236281257]}"
3159,0.0,2.9125805,2105.3503,20.448092,1,0.028369583,1.4529969,30.0,0.5645531,-0.6050157,0.9945698,0.23130519949615214,"{""geodesic"":false,""type"":""Point"",""coordinates"":[-76.02563530266698,8.5782419675979]}"
3160,0.0,0.0,1758.0103,3.0,1,0.86840147,0.51285595,90.0,0.56956357,-0.5009809,0.0,0.5622951858604797,"{""geodesic"":false,""type"":""Point"",""coordinates"":[-75.72728341968336,9.205699564995749]}"
3162,0.0,0.32532692,268.32816,10.251115,1,0.014791891,0.8383315,30.0,0.5458607,-0.53456825,0.1930216,0.27994017684528105,"{""geodesic"":false,""type"":""Point"",""coordinates"":[-75.86126944806719,8.938151814245796]}"
3163,0.0,0.0,2779.0105,3.0,1,0.052708548,0.03383352,90.0,0.5799807,-0.5676269,0.0,0.46657514604024497,"{""geodesic"":false,""type"":""Point"",""coordinates"":[-75.71429593434506,9.12921045441592]}"
3164,0.0,3.5450802,844.8077,17.24848,1,0.01106295,1.211235,30.0,0.39994192,-0.4637109,0.14337836,0.2903611425781777,"{""geodesic"":false,""type"":""Point"",""coordinates"":[-75.96793849437428,8.721376933476309]}"
3165,0.0,0.08019328,2257.1885,3.9528422,1,0.008440056,1.8657875,40.0,0.50144595,-0.52705884,0.4222118,0.02438626853435044,"{""geodesic"":false,""type"":""Point"",""coordinates"":[-75.85042655297167,9.200546268930406]}"
3166,0.0,0.0,2763.9102,3.0,1,0.30264798,0.60482097,90.0,0.06386334,-0.04870466,0.0,0.09745169824125788,"{""geodesic"":false,""type"":""Point"",""coordinates"":[-75.68968319802627,9.107822765449068]}"
3167,0.0,0.14743423,335.4102,17.739779,1,0.0084523335,0.5164395,30.0,0.552121,-0.54046994,0.36033756,0.5146056692413108,"{""geodesic"":false,""type"":""Point"",""coordinates"":[-76.00758737498914,8.659684872119835]}"
3168,0.0,-0.67959356,3951.0125,4.1705766,1,0.0145483995,3.264817,30.0,0.66815645,-0.6162382,0.65739524,0.4292647333084313,"{""geodesic"":false,""type"":""Point"",""coordinates"":[-75.88729183347081,9.201271403326425]}"
3169,0.0,0.35143852,2036.4675,15.045511,1,0.011286288,0.35974398,30.0,0.6505402,-0.5768454,0.49197268,0.05569571324010836,"{""geodesic"":false,""type"":""Point"",""coordinates"":[-75.9892773618048,8.74736844504572]}"
3171,0.0,0.6698241,3993.72,2.7889397,1,0.013679557,0.374275,30.0,0.66865927,-0.6269775,0.68261707,0.5357369812605328,"{""geodesic"":false,""type"":""Point"",""coordinates"":[-75.94811895838146,9.278983620618733]}"
3172,0.0,0.0,2229.9104,3.0,1,0.03007587,0.0,90.0,0.5310848,-0.41451913,0.0,0.27763984494196825,"{""geodesic"":false,""type"":""Point"",""coordinates"":[-75.75728286844108,9.187458863807768]}"
3174,0.0,0.6306362,658.63495,9.246776,1,0.025578598,0.29993156,30.0,0.6004075,-0.5739512,0.13204968,0.354957882657041,"{""geodesic"":false,""type"":""Point"",""coordinates"":[-75.8591636069595,8.970986922132134]}"
3176,0.0,-0.11522889,2515.8894,4.176631,1,0.037308734,0.51296556,40.0,0.27724177,-0.3006791,0.21380147,0.3110204237534525,"{""geodesic"":false,""type"":""Point"",""coordinates"":[-75.77516011953053,9.120674564261652]}"
3178,0.0,0.16938686,2834.8015,14.793815,1,0.23423027,0.075144775,30.0,0.648088,-0.6572003,0.13261436,0.6573462854158308,"{""geodesic"":false,""type"":""Point"",""coordinates"":[-75.95337516426528,8.78517402807139]}"
3181,0.0,0.0,1532.6448,3.0,1,0.16278745,0.47442898,40.0,0.4063927,-0.3888889,0.0,0.6941365453121005,"{""geodesic"":false,""type"":""Point"",""coordinates"":[-75.7664186884663,9.118251141814826]}"
3183,0.0,-0.8401537,1697.0563,7.469222,1,0.040494706,0.35586375,30.0,0.73205495,-0.647929,2.774952,0.24283940319152608,"{""geodesic"":false,""type"":""Point"",""coordinates"":[-75.59743876129998,8.961191874442468]}"
3185,0.0,-1.286458,3545.7158,4.747941,1,0.041667596,0.45343527,30.0,0.49732488,-0.52078855,1.1817108,0.4074574199542276,"{""geodesic"":false,""type"":""Point"",""coordinates"":[-75.69271445739301,9.122468942824288]}"
3186,0.0,-0.3417802,536.6563,3.73167,1,0.07557791,0.31137007,30.0,0.43983585,-0.47551817,1.3629047,0.2543244323038064,"{""geodesic"":false,""type"":""Point"",""coordinates"":[-75.74733989972981,9.13348525065431]}"
3187,0.0,1.254324,2012.0139,12.560539,1,0.2982328,0.3548511,30.0,0.41477272,-0.46183953,0.31232902,0.46611208347585353,"{""geodesic"":false,""type"":""Point"",""coordinates"":[-75.90878146171016,8.841176611184752]}"
3188,0.0,0.0,120.0,3.5,1,0.016771397,0.15469356,90.0,0.1474759,-0.20830223,0.0,0.1193636035078448,"{""geodesic"":false,""type"":""Point"",""coordinates"":[-75.75447149462762,9.149207537308563]}"
3189,0.0,2.2728534,4551.0107,8.056984,1,0.0947672,1.056878,30.0,0.6065719,-0.6304642,5.8395557,0.15197607669542845,"{""geodesic"":false,""type"":""Point"",""coordinates"":[-75.91106676048172,9.208537673618741]}"
3190,0.0,0.18879223,848.52814,12.021364,1,0.013974249,0.19079967,30.0,0.6406542,-0.5883284,0.28881642,0.11232555614027628,"{""geodesic"":false,""type"":""Point"",""coordinates"":[-75.87732737849916,8.805979344756567]}"
3191,0.0,0.1723423,2589.9229,14.911967,1,0.010992447,0.79302645,30.0,0.66297245,-0.60065645,0.24440661,0.02731087703935997,"{""geodesic"":false,""type"":""Point"",""coordinates"":[-75.941930186545,8.789272600108037]}"
3192,0.0,0.94718456,212.13203,8.5,1,0.008449907,1.2345278,90.0,0.48458025,-0.52062005,0.9151702,0.024001821800000656,"{""geodesic"":false,""type"":""Point"",""coordinates"":[-75.74305128462197,8.769367097234522]}"
3193,0.0,3.7840767,1472.7526,18.032497,1,0.0087551735,1.6859419,30.0,0.675895,-0.6573047,0.40840837,0.5195754717261774,"{""geodesic"":false,""type"":""Point"",""coordinates"":[-75.954737706898,8.677456370172772]}"
3195,0.0,-0.2984085,1043.5516,3.7538724,1,0.00844159,0.5461793,30.0,0.35460123,-0.40234995,0.3493948,0.40999044389885453,"{""geodesic"":false,""type"":""Point"",""coordinates"":[-75.75307555571231,9.134558716029641]}"
3196,0.0,-0.56187797,1080.0,3.0,1,0.2966751,4.971731E-4,40.0,0.121814616,-0.12338755,1.4640791,0.012228432982320236,"{""geodesic"":false,""type"":""Point"",""coordinates"":[-75.75469882821709,9.12750081098284]}"
3197,0.0,2.1458244,2575.9854,14.711672,1,0.030954,0.46664932,30.0,0.5312164,-0.56792504,0.62963843,0.19631587175017962,"{""geodesic"":false,""type"":""Point"",""coordinates"":[-75.94056713266932,8.789547324715665]}"
3198,0.0,0.0,1399.4285,3.0,1,0.9389459,0.0038584943,90.0,0.47191954,-0.3815893,0.0,0.38512465272705154,"{""geodesic"":false,""type"":""Point"",""coordinates"":[-75.8241140872946,9.158009612257882]}"
3199,0.0,-0.9642544,1500.0,6.3475027,1,37.06917,0.25042567,30.0,0.5295134,-0.53570396,1.0132263,0.6948293444407097,"{""geodesic"":false,""type"":""Point"",""coordinates"":[-75.85929335224742,9.14056330324338]}"
3200,0.0,0.21952009,2482.0354,3.0,1,0.008682313,1.5732028,90.0,-0.033302497,-0.020009762,0.0,0.5373949168163116,"{""geodesic"":false,""type"":""Point"",""coordinates"":[-75.69159056128878,9.105919822578478]}"
3201,0.0,-0.006177902,0.0,17.391045,1,277.93256,0.03663027,30.0,0.50095236,-0.55424064,0.27012873,0.5965534383957972,"{""geodesic"":false,""type"":""Point"",""coordinates"":[-76.00211933192352,8.654001568738897]}"
3202,0.0,0.29420543,3366.0215,3.0,1,44.1967,0.954374,90.0,0.45119047,-0.4338365,0.0,0.04207403169684509,"{""geodesic"":false,""type"":""Point"",""coordinates"":[-75.65644877143676,9.147227590967216]}"
3203,0.0,0.81540155,2190.0,5.3767853,1,0.009313279,0.9572119,30.0,0.47528118,-0.51898736,1.2214853,0.0875315420460524,"{""geodesic"":false,""type"":""Point"",""coordinates"":[-75.86316070658515,9.15927527877392]}"
3204,0.0,-0.12761688,831.9255,16.42916,1,0.17198512,0.36534196,30.0,0.6647792,-0.5904788,0.10807791,0.3340035852996558,"{""geodesic"":false,""type"":""Point"",""coordinates"":[-76.00387555931204,8.699306964678922]}"
3206,0.0,-0.70162773,0.0,17.653492,1,389.10022,0.13257344,30.0,0.55494756,-0.59345794,0.862644,0.3881051760839582,"{""geodesic"":false,""type"":""Point"",""coordinates"":[-76.00186965617002,8.662684391415747]}"
3207,0.0,7.189298,0.0,2.0,1,709.3594,3.6606328,80.0,-0.3075862,0.36934674,0.0,0.03337289998481785,"{""geodesic"":false,""type"":""Point"",""coordinates"":[-75.88110969079094,9.24089910526466]}"
3208,0.0,1.8258181,469.57428,10.405133,1,0.1542567,0.8624456,30.0,0.53458786,-0.5737972,0.5736438,0.5521893449361764,"{""geodesic"":false,""type"":""Point"",""coordinates"":[-75.87450491335,8.881414176624746]}"
3210,0.0,3.464017,870.0,13.749453,1,0.048176996,1.2000618,30.0,0.5642428,-0.5872399,0.9215998,0.3518174002606609,"{""geodesic"":false,""type"":""Point"",""coordinates"":[-75.89475820759965,8.795085338758602]}"
3212,0.0,-0.067287445,1697.0563,19.421791,1,0.012295128,1.7065591,30.0,0.4451273,-0.5170507,0.10916563,0.6348114580922981,"{""geodesic"":false,""type"":""Point"",""coordinates"":[-76.02065764553537,8.653409932175927]}"
3215,0.0,0.088739395,90.0,15.118931,1,0.011909465,0.67949903,30.0,0.58328754,-0.57721794,0.3160832,0.07542298435822048,"{""geodesic"":false,""type"":""Point"",""coordinates"":[-75.94782195143343,8.746389199814375]}"
3217,0.0,0.0,182.48288,3.0,1,0.018382393,0.0,90.0,0.38404346,-0.4894599,0.0,0.020617289471945632,"{""geodesic"":false,""type"":""Point"",""coordinates"":[-75.7420764433891,9.228189615448342]}"
3218,0.0,-0.12832999,1623.8843,3.8213792,1,0.090835206,0.13389406,30.0,0.5118438,-0.4514444,1.19297,0.03544952051314387,"{""geodesic"":false,""type"":""Point"",""coordinates"":[-75.76399224039842,9.13263661923176]}"
3219,0.0,-0.9325857,1120.0892,15.249184,1,0.013721028,1.9264083,30.0,0.66709477,-0.6649564,0.34221262,0.04461423609094506,"{""geodesic"":false,""type"":""Point"",""coordinates"":[-75.92956340346062,8.751860899155165]}"
3221,0.0,0.0,1236.9316,3.0,1,0.11545814,0.27330542,90.0,0.47774765,-0.3872417,0.0,0.5758507021500491,"{""geodesic"":false,""type"":""Point"",""coordinates"":[-75.66060645022026,9.180865339218991]}"
3222,18.751627,-0.37874937,3878.479,5.517448,1,4.2842135,0.07432899,30.0,0.49255997,-0.485792,0.11701966,0.1801576480378171,"{""geodesic"":false,""type"":""Point"",""coordinates"":[-75.62841368034158,9.040913653237174]}"
3223,0.0,0.0,2222.836,3.0,1,0.022917876,1.2344241,90.0,0.7034187,-0.57930845,0.0,0.12879509930989375,"{""geodesic"":false,""type"":""Point"",""coordinates"":[-75.80965074605521,9.16129812213549]}"
3224,0.0,0.10900879,2695.3293,17.66885,1,7.812762,0.4708063,30.0,0.3973677,-0.4855612,0.49256474,0.4465274239113781,"{""geodesic"":false,""type"":""Point"",""coordinates"":[-76.02886270988175,8.662884003674352]}"
3226,0.0,0.0,2634.0273,3.5,1,1.469737,0.39135805,90.0,0.091789566,-0.10173257,0.0,0.15889561034548505,"{""geodesic"":false,""type"":""Point"",""coordinates"":[-75.67297479928577,9.078278680365637]}"
3227,0.0,0.453825,3466.5256,23.30346,1,30.82311,0.5446523,30.0,0.46614268,-0.5048092,0.08779356,0.632280778972162,"{""geodesic"":false,""type"":""Point"",""coordinates"":[-76.00701720131498,8.547089356239338]}"
3229,0.0,0.13277054,2754.2876,20.74531,1,0.32804942,0.25899407,30.0,0.48399016,-0.52386975,0.40881273,0.371932472054998,"{""geodesic"":false,""type"":""Point"",""coordinates"":[-76.02072001801548,8.57499919204606]}"
3231,0.0,0.0,390.0,3.0,1,0.016905295,0.05210524,30.0,0.64145076,-0.5076142,0.0,0.6309798990605165,"{""geodesic"":false,""type"":""Point"",""coordinates"":[-75.74670700411748,9.22248215494836]}"
3232,0.0,0.0,6845.3267,0.0,1,4.809722,0.0,80.0,-0.12,0.26666668,0.0,0.30451577184840095,"{""geodesic"":false,""type"":""Point"",""coordinates"":[-75.85596777437746,9.346231857441607]}"
3233,0.0,-0.35520077,1641.2495,3.9304607,1,0.022874791,1.0929337,90.0,0.6024006,-0.48850173,0.861734,0.638271062737144,"{""geodesic"":false,""type"":""Point"",""coordinates"":[-75.70294062905663,9.185940750483992]}"
3234,0.0,-0.60659647,234.3075,3.9045784,1,0.064547025,0.065932,30.0,0.5698221,-0.53358364,0.4048851,0.0047727861424222695,"{""geodesic"":false,""type"":""Point"",""coordinates"":[-75.75694367964398,9.156256907942225]}"
3235,0.0,-0.7434068,1614.7136,4.239335,1,0.016714536,0.052196335,90.0,0.52527475,-0.45323408,1.192525,0.39914885646222353,"{""geodesic"":false,""type"":""Point"",""coordinates"":[-75.80830520465898,9.169983510721652]}"
3236,0.0,0.0,180.0,3.0,1,0.017115384,2.3149874,90.0,0.49301398,-0.43349943,0.0,0.1382560333816194,"{""geodesic"":false,""type"":""Point"",""coordinates"":[-75.72595128849116,9.221981974599654]}"
3237,0.0,0.10679054,2912.4731,19.428957,1,0.011785224,1.4645054,30.0,0.4428526,-0.52080536,0.5931311,0.5274510644216885,"{""geodesic"":false,""type"":""Point"",""coordinates"":[-75.98269545970189,8.628547915026155]}"
3238,0.0,0.3914461,684.1052,3.8146486,1,0.008441266,1.4325105,30.0,0.28719258,-0.42508554,0.29266968,0.06855617139217718,"{""geodesic"":false,""type"":""Point"",""coordinates"":[-75.73617679339702,9.148431157132826]}"
3239,0.0,-1.0804682,764.8529,11.2185545,1,2.0773838,0.44214284,30.0,0.70377684,-0.62936735,1.9834207,0.0015697441453500494,"{""geodesic"":false,""type"":""Point"",""coordinates"":[-75.88009502570792,8.937293645462061]}"
3240,0.0,-0.7557163,980.86694,4.169767,1,0.025138596,0.48421425,30.0,0.58155745,-0.47666124,0.23869953,0.1223583151996116,"{""geodesic"":false,""type"":""Point"",""coordinates"":[-75.6854542712352,9.180547730840587]}"
3242,0.0,2.5511227,3305.0415,6.5032163,1,0.054023307,0.2123561,30.0,0.58117324,-0.546777,1.2639781,0.04615490786142906,"{""geodesic"":false,""type"":""Point"",""coordinates"":[-75.81002238249336,8.961601456546363]}"
3247,0.0,0.50484467,0.0,25.846323,1,203.05223,0.022796411,30.0,0.69745135,-0.63992584,9.858825,0.1335966336612866,"{""geodesic"":false,""type"":""Point"",""coordinates"":[-76.05758207060929,8.5976903552226]}"
3248,0.0,0.32427168,7050.5107,7.139779,1,0.03472652,0.8835855,30.0,0.3620245,-0.43123305,0.55696666,0.49128094093245833,"{""geodesic"":false,""type"":""Point"",""coordinates"":[-75.64308891109047,8.84878151595511]}"
3249,0.0,-0.5266819,1629.9694,16.840319,1,0.029793495,0.6843362,30.0,0.5380914,-0.5517799,0.102223635,0.10948153438425312,"{""geodesic"":false,""type"":""Point"",""coordinates"":[-75.9935854507124,8.726465729333519]}"
3252,0.0,-0.3663454,812.2192,13.356477,1,0.02225418,0.21486217,30.0,0.8039216,-0.7160177,0.066295765,0.24320649161359098,"{""geodesic"":false,""type"":""Point"",""coordinates"":[-75.91466663556388,8.793952231566626]}"
3254,0.0,0.0,977.1898,3.0,1,0.013903807,0.0,90.0,0.39435923,-0.28149158,0.0,0.3536434829613643,"{""geodesic"":false,""type"":""Point"",""coordinates"":[-75.70779443318581,9.154999605334353]}"
3255,0.0,0.9900055,4245.2915,6.3068714,1,128.43668,0.20420794,30.0,0.576199,-0.56330925,0.6607063,0.2173160546829329,"{""geodesic"":false,""type"":""Point"",""coordinates"":[-75.66604308278183,8.869905693614573]}"
3257,0.0,-0.22387505,4878.2065,4.0,1,0.024072688,0.94878554,30.0,0.6559172,-0.61705285,0.21257327,0.11554531360612497,"{""geodesic"":false,""type"":""Point"",""coordinates"":[-75.6585857097862,9.121447025474254]}"
3258,0.0,0.13578081,1041.3933,3.0,1,3.4761584,1.5248237,90.0,0.7382743,-0.67043364,0.0,0.5556707090951091,"{""geodesic"":false,""type"":""Point"",""coordinates"":[-75.71353469903157,9.158244310824005]}"
3259,0.0,0.80576134,930.0,24.86091,1,0.008455896,0.2535287,30.0,0.57654077,-0.5891784,0.65242964,0.5164520485881566,"{""geodesic"":false,""type"":""Point"",""coordinates"":[-75.99162333536339,8.496663478121754]}"
3260,0.0,0.0,212.13203,5.5,1,0.035203137,0.0,90.0,0.023746701,0.047852762,0.0,0.28523937654253917,"{""geodesic"":false,""type"":""Point"",""coordinates"":[-75.84478705345867,9.125131976425601]}"
3261,0.0,0.99169636,234.3075,13.516637,1,0.018367862,0.8069908,30.0,0.6575198,-0.6355116,0.05336384,0.03745343623892039,"{""geodesic"":false,""type"":""Point"",""coordinates"":[-75.93860061489589,8.766761263904888]}"
3262,0.0,-0.63064575,660.0,15.535639,1,0.060483005,0.26579052,30.0,0.6721501,-0.59132105,0.16385363,0.5532276870389383,"{""geodesic"":false,""type"":""Point"",""coordinates"":[-75.94263216046845,8.743146299598909]}"
3263,0.0,0.52306175,1320.0,24.422121,1,0.21329267,0.01280621,30.0,0.66537154,-0.6064652,0.29917964,0.15109971744134731,"{""geodesic"":false,""type"":""Point"",""coordinates"":[-75.99516766515053,8.497197079067574]}"
3266,0.0,0.0,1611.3658,3.0,1,0.06124688,0.005909824,90.0,0.34148398,-0.24199843,0.0,0.03253825409830935,"{""geodesic"":false,""type"":""Point"",""coordinates"":[-75.7259224753029,9.207872939286155]}"
3268,0.0,0.0,212.13203,3.0,1,0.024478314,0.38813576,90.0,0.4915046,-0.3888677,0.0,0.16665022320584244,"{""geodesic"":false,""type"":""Point"",""coordinates"":[-75.67641971188479,9.168083479290061]}"
3269,0.0,2.030227,3644.7222,3.0,1,0.20171073,0.7310769,90.0,0.6232957,-0.5943131,0.0,0.6115523486275137,"{""geodesic"":false,""type"":""Point"",""coordinates"":[-75.65480659928798,9.14505989084637]}"
3270,0.0,0.0028424263,426.38013,3.797215,1,0.029296461,0.7253224,30.0,0.23729514,-0.2999566,0.075927325,0.49250339943096666,"{""geodesic"":false,""type"":""Point"",""coordinates"":[-75.73972674538261,9.14869526144483]}"
3271,0.0,-0.49523234,1697.5865,3.0,1,0.042778965,0.65070325,30.0,0.5042511,-0.509434,1.1478381,0.17053055452873356,"{""geodesic"":false,""type"":""Point"",""coordinates"":[-75.73045810415681,9.155768615690253]}"
3273,0.0,0.28505468,1410.0,3.0,1,0.017487299,0.53492004,90.0,0.30594236,-0.32623914,0.0,0.3855454480073953,"{""geodesic"":false,""type"":""Point"",""coordinates"":[-75.772876026243,9.200720813925185]}"
3274,0.0,0.9794483,553.17267,10.375689,1,0.013034118,0.30545354,30.0,0.4437086,-0.5103926,0.35088816,0.1630994866465202,"{""geodesic"":false,""type"":""Point"",""coordinates"":[-75.86067473819278,8.917261213223622]}"
3275,0.0,-1.8695393,2737.2432,18.476995,1,0.008452093,1.3788401,30.0,0.50214595,-0.5482444,3.7278514,0.43064935470104293,"{""geodesic"":false,""type"":""Point"",""coordinates"":[-75.9645363363394,8.670648717769565]}"
3276,0.0,0.0,123.69317,3.0,1,0.008566889,1.447212,30.0,0.46794954,-0.47852278,0.0,0.461140118727025,"{""geodesic"":false,""type"":""Point"",""coordinates"":[-75.68842130037851,9.161548888616135]}"
3277,0.0,0.94671464,0.0,3.5,1,1711.73,0.23759364,80.0,0.4364911,-0.45283642,0.0,0.48513319216195183,"{""geodesic"":false,""type"":""Point"",""coordinates"":[-75.75229409846759,9.15246799912299]}"
3278,0.0,0.42432594,1142.366,16.716253,1,0.16772522,0.60427415,30.0,0.4903112,-0.52340937,0.44957855,0.1380495036267556,"{""geodesic"":false,""type"":""Point"",""coordinates"":[-75.96521222947335,8.721655192401839]}"
3280,0.0,-0.15255451,6523.534,4.4903917,1,0.008441506,1.717561,30.0,0.49693474,-0.47355342,0.33063534,0.17721050642149816,"{""geodesic"":false,""type"":""Point"",""coordinates"":[-75.62721790336069,9.13805393177309]}"
3281,0.0,0.0,1206.7311,3.5,1,2.0952523,0.62647885,80.0,0.18165337,-0.24722542,0.0,0.5301672231188344,"{""geodesic"":false,""type"":""Point"",""coordinates"":[-75.7646072132498,9.164923287837464]}"
3282,0.0,0.0,362.4914,3.0,1,0.19146125,0.10431097,40.0,0.6236152,-0.5743813,0.0,0.039502478624692694,"{""geodesic"":false,""type"":""Point"",""coordinates"":[-75.7554996009883,9.118816640247989]}"
3283,0.0,0.5659027,3906.917,3.0,1,118.9928,0.4372814,90.0,0.65632993,-0.58029586,0.0,0.516204592697658,"{""geodesic"":false,""type"":""Point"",""coordinates"":[-75.65071357610148,9.146423925472781]}"
3284,0.0,0.7830639,1178.813,19.870062,1,0.10935091,0.7229002,30.0,0.6306709,-0.5964967,1.4455281,0.2799205526937727,"{""geodesic"":false,""type"":""Point"",""coordinates"":[-76.00257863073033,8.6214422052861]}"
3286,0.0,0.0,1848.5941,3.5,1,0.008911895,2.2857218,90.0,0.7122642,-0.66085213,0.0,0.5969557758665913,"{""geodesic"":false,""type"":""Point"",""coordinates"":[-75.72193167026357,9.124854079343873]}"
3287,0.0,1.2051582,3660.0,7.9209194,1,0.45893314,0.10854899,30.0,0.7422638,-0.61334693,0.15742266,0.45499377379550143,"{""geodesic"":false,""type"":""Point"",""coordinates"":[-75.88058659882034,9.02791412041366]}"
3289,0.0,0.99248886,3600.125,25.016813,1,0.20498164,0.71256864,30.0,0.6894977,-0.6073853,0.24219637,0.42450815311901746,"{""geodesic"":false,""type"":""Point"",""coordinates"":[-76.01588084810633,8.497414919206362]}"
3291,0.0,0.22890091,878.2369,9.0,1,0.011384177,0.43595695,90.0,0.40871483,-0.23381643,0.0,0.2539688976732106,"{""geodesic"":false,""type"":""Point"",""coordinates"":[-75.78304232900237,8.720175209437233]}"
3292,0.0,0.6332562,1586.6001,3.0,1,0.17753394,0.4547452,90.0,0.48971194,-0.3621825,1.0239543,0.30341959334725477,"{""geodesic"":false,""type"":""Point"",""coordinates"":[-75.69255166164474,9.179448874847141]}"
3293,0.0,-1.1796951,420.0,4.926125,1,0.008439589,1.3570857,30.0,0.6040087,-0.5584211,0.5376244,0.6148584332219349,"{""geodesic"":false,""type"":""Point"",""coordinates"":[-75.82780839962248,9.220405443971046]}"
3294,0.0,0.09298992,445.98206,14.920927,1,0.017528994,0.65721947,30.0,0.52719486,-0.6124802,0.15818354,0.3904417911010203,"{""geodesic"":false,""type"":""Point"",""coordinates"":[-75.95023859454253,8.731460507079833]}"
3295,0.0,0.80651426,902.4965,4.903987,1,0.026549257,0.07983219,30.0,0.63563365,-0.6014742,0.5456699,0.4407982520104514,"{""geodesic"":false,""type"":""Point"",""coordinates"":[-75.71417320731786,8.928153598269075]}"
3296,0.0,3.30336,1092.0165,12.567719,1,0.068002515,0.551771,30.0,0.45216936,-0.5052831,0.50264466,0.3430222415734948,"{""geodesic"":false,""type"":""Point"",""coordinates"":[-75.89508772532179,8.818689722377638]}"
3297,0.0,0.0551095,524.78564,6.8108706,1,0.022506943,0.3003629,30.0,0.5145063,-0.5449362,0.15988702,0.637026498254377,"{""geodesic"":false,""type"":""Point"",""coordinates"":[-75.85178820078521,9.084145941306634]}"
3298,0.0,-0.5321903,997.2462,16.141205,1,0.39666837,0.22373374,30.0,0.5984456,-0.5885685,1.9934387,0.20417693081818866,"{""geodesic"":false,""type"":""Point"",""coordinates"":[-75.9622737693161,8.745538794577683]}"
3301,0.0,-1.0387673,2561.2693,4.4810867,1,0.008439761,2.16098,30.0,0.63661325,-0.62471604,0.19028656,0.04016226665068323,"{""geodesic"":false,""type"":""Point"",""coordinates"":[-75.88104033084484,9.212953448866802]}"
3303,0.0,2.0157032,540.0,10.709616,1,0.022244707,1.3341421,30.0,0.6650763,-0.5863636,0.25288376,0.21548538493689795,"{""geodesic"":false,""type"":""Point"",""coordinates"":[-75.84147741462833,8.874435634110892]}"
3308,0.0,-0.23440552,3454.6924,14.288613,1,0.04776125,0.653743,30.0,0.48310453,-0.54086673,0.86835164,0.5232889098873278,"{""geodesic"":false,""type"":""Point"",""coordinates"":[-75.93543124153221,8.80800993033057]}"
3309,0.0,0.104242325,2272.2896,19.974564,1,0.38431957,0.032313883,30.0,0.4796163,-0.5192367,0.20797682,0.32438086697825463,"{""geodesic"":false,""type"":""Point"",""coordinates"":[-76.00525756147174,8.603528204996909]}"
3310,0.0,0.0,976.72925,8.5,1,1.9578626,0.23588696,90.0,0.22929631,-0.18477508,0.0,0.43881264821681376,"{""geodesic"":false,""type"":""Point"",""coordinates"":[-75.76480395136439,8.736492378827606]}"
3312,0.0,-0.23169518,2671.5164,17.772243,1,1.2842401,0.11968015,30.0,0.49061507,-0.5231632,0.37233794,0.30258899943982764,"{""geodesic"":false,""type"":""Point"",""coordinates"":[-75.95574480093009,8.644352647372438]}"
3313,0.0,-0.35015678,169.70563,16.840582,1,0.009996103,0.25549325,30.0,0.38831064,-0.48374215,0.29579827,0.3005079237334224,"{""geodesic"":false,""type"":""Point"",""coordinates"":[-76.00488754949131,8.66973072254522]}"
3314,0.0,0.08413744,3769.2705,5.708229,1,0.06254687,1.801479,30.0,0.4924138,-0.49159086,0.3856988,0.5221487125254658,"{""geodesic"":false,""type"":""Point"",""coordinates"":[-75.87113348406123,9.181775768318348]}"
3316,0.0,0.0,5050.792,0.0,1,0.7625983,0.0,80.0,-0.053521127,0.13178295,0.0,0.3041421625927657,"{""geodesic"":false,""type"":""Point"",""coordinates"":[-75.87343266263363,9.338863767212453]}"
3317,0.0,0.9402714,524.78564,13.455394,1,0.065271795,0.7877497,30.0,0.80985266,-0.69257265,2.2492816,0.4475344061379507,"{""geodesic"":false,""type"":""Point"",""coordinates"":[-75.9012826924057,8.786116106989464]}"
3319,0.0,-0.1393342,1530.0,4.902412,1,0.008440079,2.487639,30.0,0.394796,-0.49363604,0.43805647,0.013511060781827955,"{""geodesic"":false,""type"":""Point"",""coordinates"":[-75.8337665274927,9.199228561024709]}"
3320,0.0,0.0,2330.944,3.0,1,0.13073081,0.6782439,30.0,0.74836296,-0.6792453,0.0,0.45219861761804336,"{""geodesic"":false,""type"":""Point"",""coordinates"":[-75.86408755572216,9.203769637044909]}"
3321,0.0,5.060608,10669.292,69.940094,1,0.016578304,15.204145,60.0,0.05029838,0.015450186,1.6211694,0.17596343200369235,"{""geodesic"":false,""type"":""Point"",""coordinates"":[-75.48377649503018,9.064197075828702]}"
3323,0.0,0.1913023,240.0,11.165162,1,0.041400786,0.65125656,30.0,0.43953615,-0.475382,0.9608971,0.09599133131067628,"{""geodesic"":false,""type"":""Point"",""coordinates"":[-75.87267165690022,8.913706029890186]}"
3324,0.0,1.658145,0.0,13.902512,1,750.58875,0.005917563,30.0,0.679981,-0.621014,0.85365623,0.017400874295919966,"{""geodesic"":false,""type"":""Point"",""coordinates"":[-75.95297872871718,8.736608722939453]}"
3326,23.264013,0.34178543,540.0,11.496358,1,0.057308484,1.4261101,30.0,0.5262741,-0.5274841,0.25516248,0.07758181899317229,"{""geodesic"":false,""type"":""Point"",""coordinates"":[-75.84583007095873,8.868999275460423]}"
3328,0.0,0.4194913,1914.3667,4.9660263,1,0.011923059,1.5704277,30.0,0.48068005,-0.51983076,1.1479353,0.2416840650111146,"{""geodesic"":false,""type"":""Point"",""coordinates"":[-75.8503773561126,9.179925963175723]}"
3329,0.0,0.42694283,1324.4244,17.589815,1,0.028677901,0.77374095,30.0,0.6086683,-0.5711656,0.5990146,0.6539291878319907,"{""geodesic"":false,""type"":""Point"",""coordinates"":[-75.96158819187345,8.69073387734486]}"
3330,0.0,0.28473496,2394.3684,1.5560398,1,0.019203905,0.614592,40.0,0.651604,-0.5575797,0.35104737,0.08027914234132849,"{""geodesic"":false,""type"":""Point"",""coordinates"":[-75.95446672682593,9.303384857323207]}"
3331,0.0,0.25113583,296.98486,15.9978695,1,0.1593886,1.0028113,30.0,0.40569395,-0.48542777,0.42408195,0.6493060797858758,"{""geodesic"":false,""type"":""Point"",""coordinates"":[-75.94703604607079,8.759143239521002]}"
3332,0.0,0.0,1026.1578,3.0,1,0.009392164,0.5972235,30.0,0.56079173,-0.42316946,0.0,0.6466217997941115,"{""geodesic"":false,""type"":""Point"",""coordinates"":[-75.69887771171999,9.20277112882561]}"
3333,0.0,-0.2370472,1201.499,19.822422,1,0.0106080305,0.27450845,30.0,0.80350876,-0.70410275,0.16196203,0.18471811598437138,"{""geodesic"":false,""type"":""Point"",""coordinates"":[-76.03312089491966,8.624617039667871]}"
3334,0.0,0.11935663,6751.1333,4.7183137,1,4.100573,0.0,40.0,0.39273822,-0.49413165,0.26141244,0.6675519692307547,"{""geodesic"":false,""type"":""Point"",""coordinates"":[-75.62476064592536,9.138058169155343]}"
3335,0.0,0.20256042,2102.784,19.083027,1,0.16304344,0.32773536,30.0,0.56993866,-0.5443573,0.45571914,0.5014714569164822,"{""geodesic"":false,""type"":""Point"",""coordinates"":[-75.99873558739316,8.611413431356665]}"
3336,0.0,1.1347218,774.2093,16.604448,1,0.008451615,0.63105947,30.0,0.6932553,-0.60713243,0.11087996,0.3727501752828831,"{""geodesic"":false,""type"":""Point"",""coordinates"":[-76.00440284407021,8.692522647403873]}"
3337,0.0,-0.81609774,600.7495,4.845304,1,0.008907282,0.4178946,30.0,0.58807033,-0.5836299,0.4488944,0.1958436257161843,"{""geodesic"":false,""type"":""Point"",""coordinates"":[-75.82779196808981,9.21335109822754]}"
3338,0.0,0.20984077,1977.726,7.600505,1,0.03749238,0.5342471,30.0,0.64125437,-0.5541771,0.18289143,0.466295637806758,"{""geodesic"":false,""type"":""Point"",""coordinates"":[-75.86501990339866,9.023881272721207]}"
3339,0.0,-0.3869896,1556.8237,18.789373,1,0.024843661,0.3838392,30.0,0.47892466,-0.5197817,0.49432486,0.33131727653293186,"{""geodesic"":false,""type"":""Point"",""coordinates"":[-75.99171554405244,8.637478232608014]}"
3340,0.0,-1.0416379,1340.6342,3.9627917,1,0.016644396,0.4584086,40.0,0.48479953,-0.5209869,0.091210455,0.46086859121103496,"{""geodesic"":false,""type"":""Point"",""coordinates"":[-75.75792920377071,9.105787824866713]}"
3341,0.0,-0.024068832,1831.7205,17.16806,1,26.223846,0.17470674,30.0,0.6640557,-0.59554935,0.21372928,0.24700747341922324,"{""geodesic"":false,""type"":""Point"",""coordinates"":[-75.9536354075355,8.672846664432578]}"
3342,0.0,-0.87152743,2446.242,3.0,1,0.008441157,3.1333616,30.0,0.49420378,-0.50476193,2.3131244,0.5871703736421271,"{""geodesic"":false,""type"":""Point"",""coordinates"":[-75.66246655961683,9.153185977625437]}"
3343,0.0,6.274515,0.0,17.5,1,2123.0044,1.1545368,80.0,-0.35302806,0.43410853,4.6146007,0.1973916269387448,"{""geodesic"":false,""type"":""Point"",""coordinates"":[-75.94369058530481,8.621048790126832]}"
3345,0.0,0.0,488.36462,3.0,1,0.011848223,1.3538847,90.0,0.35171437,-0.2750917,0.0,0.49248442816727434,"{""geodesic"":false,""type"":""Point"",""coordinates"":[-75.68081383985566,9.181370497907732]}"
3346,0.0,0.73400974,1044.8445,13.499761,1,1.3179308,0.023943538,30.0,0.33791208,-0.19803198,0.23301682,0.6916899974564938,"{""geodesic"":false,""type"":""Point"",""coordinates"":[-75.91511643991151,8.754880660344597]}"
3347,0.0,2.8100767,540.8327,10.307223,1,0.022733625,1.0843759,30.0,0.52101326,-0.539627,0.31848076,0.20281706737671512,"{""geodesic"":false,""type"":""Point"",""coordinates"":[-75.875324018101,8.881683580076832]}"
3348,0.0,1.1417754,2741.8425,3.0,1,0.02280589,1.0834076,30.0,0.68078077,-0.57329583,0.0,0.01714951704822143,"{""geodesic"":false,""type"":""Point"",""coordinates"":[-75.68803688357649,9.103484560473575]}"
3351,0.0,0.098955154,1673.5591,18.11344,1,0.008451841,1.2825563,30.0,0.5095992,-0.526047,1.3766097,0.35366350481409137,"{""geodesic"":false,""type"":""Point"",""coordinates"":[-76.01691722722913,8.681908117570698]}"
3352,0.0,0.18476295,2333.4524,18.120857,1,2.073428,0.21781556,30.0,0.3849797,-0.47584715,0.32684806,0.40523213761932164,"{""geodesic"":false,""type"":""Point"",""coordinates"":[-76.0248031149912,8.674018856944528]}"
3353,0.0,0.0,906.97296,3.0,1,31.574749,0.13239332,90.0,0.28688523,-0.26586038,0.0,0.5830704870683441,"{""geodesic"":false,""type"":""Point"",""coordinates"":[-75.74673858766975,9.106896254995007]}"
3354,0.0,0.0,2355.5254,3.0,1,37.258488,0.0,90.0,0.007434944,0.06872852,0.0,0.2007164793877958,"{""geodesic"":false,""type"":""Point"",""coordinates"":[-75.87119784124718,9.208093639084874]}"
3357,0.0,0.0,192.09373,3.0,1,0.028992798,0.0,90.0,-0.080284,0.14300254,0.0,0.46288649658020176,"{""geodesic"":false,""type"":""Point"",""coordinates"":[-75.67753816517265,9.181919318407934]}"
3358,0.0,1.4321165,3438.8953,2.153244,1,0.4591211,0.11061061,90.0,0.5388115,-0.5601038,0.5906764,0.6353917584775948,"{""geodesic"":false,""type"":""Point"",""coordinates"":[-75.96264664243574,9.298207957590717]}"
3360,0.0,1.8466816,2455.2393,17.041546,1,0.13505128,0.28619805,30.0,0.5740988,-0.58113545,0.28506958,0.48398474588922913,"{""geodesic"":false,""type"":""Point"",""coordinates"":[-75.99717593010519,8.7435492895397]}"
3361,0.0,0.0,300.0,3.0,1,0.008935698,0.20392266,90.0,0.2142679,-0.20256917,0.0,0.5573212861664006,"{""geodesic"":false,""type"":""Point"",""coordinates"":[-75.67510066591416,9.192505826438449]}"
3362,0.0,0.0,212.13203,3.0,1,0.008511896,0.0,90.0,0.04885344,-0.04158416,0.0,0.45110574248502866,"{""geodesic"":false,""type"":""Point"",""coordinates"":[-75.74397784566234,9.22330179123969]}"
3363,0.0,-0.5131098,1786.197,1.6633191,1,0.071366325,0.7226552,30.0,0.5243101,-0.56841534,0.4440285,0.42793654781912427,"{""geodesic"":false,""type"":""Point"",""coordinates"":[-75.96767950986249,9.340518869290396]}"
3364,0.0,-1.1790218,3969.6475,6.1381435,1,0.008439468,1.4610306,30.0,0.6458957,-0.5901592,0.58460444,0.10882401115716223,"{""geodesic"":false,""type"":""Point"",""coordinates"":[-75.92612979988596,9.225592156106941]}"
3365,0.0,0.14535713,833.54663,20.00318,1,12.971611,0.42353353,30.0,0.44187167,-0.54270965,0.10264652,0.560093462685171,"{""geodesic"":false,""type"":""Point"",""coordinates"":[-75.93462071819204,8.591225367404407]}"
3367,0.0,-0.8888283,697.7822,12.090454,1,0.016656896,0.72707117,30.0,0.4970125,-0.5126235,0.47242063,0.5084014427804335,"{""geodesic"":false,""type"":""Point"",""coordinates"":[-75.89242981180516,8.847727667508117]}"
3369,0.0,0.0,484.66483,3.5,1,0.012447617,0.7376556,90.0,0.28597933,-0.20069289,0.0,0.2019131396527486,"{""geodesic"":false,""type"":""Point"",""coordinates"":[-75.69124784803347,9.069561913888569]}"
3370,0.0,0.0,424.26407,3.5,1,0.009685133,1.5996299,90.0,0.3439915,-0.28706303,0.0,0.22598122573839063,"{""geodesic"":false,""type"":""Point"",""coordinates"":[-75.69151874374803,9.068476070515786]}"
3371,0.0,-1.8953972,551.5433,21.74186,1,0.12777354,0.7675513,30.0,0.6040956,-0.59905785,3.7766309,0.24511775666490931,"{""geodesic"":false,""type"":""Point"",""coordinates"":[-76.03630229409816,8.591507952045601]}"
3373,0.0,0.6039829,169.70563,18.872627,1,0.008453207,0.31281522,30.0,0.5680776,-0.588637,0.24912797,0.2169225674681371,"{""geodesic"":false,""type"":""Point"",""coordinates"":[-76.0153889010144,8.620323277682605]}"
3374,0.0,0.0,792.0227,3.0,1,8.199914,0.43616802,90.0,0.34652632,-0.29736307,0.0,0.03910617203942235,"{""geodesic"":false,""type"":""Point"",""coordinates"":[-75.71299402978089,9.16095867814965]}"
3376,0.0,1.50702,30.0,13.5123415,1,169.80762,0.25814953,30.0,0.66683394,-0.58379024,0.3630049,0.5331823604233513,"{""geodesic"":false,""type"":""Point"",""coordinates"":[-75.89942256327505,8.806469818315652]}"
3377,0.0,3.6886864,722.49567,21.609303,1,0.010673421,1.4217601,30.0,0.5934152,-0.56760925,1.4825703,0.5512130443702445,"{""geodesic"":false,""type"":""Point"",""coordinates"":[-76.05842548112976,8.606912710663718]}"
3378,0.0,2.0142097,2060.4126,18.35729,1,0.15022206,0.23417942,30.0,0.5591371,-0.5545117,1.3085524,0.04572728480774857,"{""geodesic"":false,""type"":""Point"",""coordinates"":[-75.99493884312604,8.619020205676547]}"
3379,0.0,0.0,510.0,3.0,1,0.008440557,0.82193077,90.0,0.17922948,-0.10749869,0.0,0.619316974580723,"{""geodesic"":false,""type"":""Point"",""coordinates"":[-75.66934129005499,9.179221271952363]}"
3380,58.723743,-0.17386246,1100.2273,17.848972,1,0.009410909,1.4690919,30.0,0.5446585,-0.56198347,0.72730154,0.40086021619932244,"{""geodesic"":false,""type"":""Point"",""coordinates"":[-75.9654716897585,8.716499456968037]}"
3382,0.0,0.0,1189.8319,3.0,1,0.058085416,0.004465203,90.0,0.31525102,-0.2930994,0.0,0.2976257667212048,"{""geodesic"":false,""type"":""Point"",""coordinates"":[-75.70369407553763,9.152565613470086]}"
3383,0.0,-0.11312294,1529.7058,17.815372,1,0.07287869,0.5718078,30.0,0.5323092,-0.5593052,0.12450371,0.042176670558591534,"{""geodesic"":false,""type"":""Point"",""coordinates"":[-75.98767550416858,8.656480997299106]}"
3385,0.0,0.41485977,1034.4564,19.984587,1,0.016360762,1.0762098,30.0,0.5482728,-0.5428067,0.35418108,0.6893102032333178,"{""geodesic"":false,""type"":""Point"",""coordinates"":[-76.01019256494857,8.614096674330355]}"
3386,0.0,0.0,0.0,3.0,1,662.3228,0.87131405,90.0,0.3959247,-0.49626762,0.0,0.4456339756615616,"{""geodesic"":false,""type"":""Point"",""coordinates"":[-75.70819950525473,9.221474692719559]}"
3387,0.0,3.3015308,276.58633,25.76211,1,0.014522564,0.8592155,30.0,0.4851658,-0.5260012,2.1142068,0.5423085812304856,"{""geodesic"":false,""type"":""Point"",""coordinates"":[-75.96213624907242,8.47530290211158]}"
3389,0.0,1.1752119,1506.2869,4.109491,1,0.008442211,0.70413166,30.0,0.48176205,-0.5131805,0.42851976,0.44678845318321625,"{""geodesic"":false,""type"":""Point"",""coordinates"":[-75.70387875504414,9.107524273101372]}"
3391,0.0,-0.102838516,270.0,21.021507,1,8.406453,0.010030384,30.0,0.41670963,-0.54195905,0.482234,0.09369130560012151,"{""geodesic"":false,""type"":""Point"",""coordinates"":[-76.04913744858925,8.5998839755054]}"
3394,0.0,-0.15693665,684.1052,21.312325,1,0.009434138,0.20272362,30.0,0.30594826,-0.4349355,0.28530437,0.04782303023084222,"{""geodesic"":false,""type"":""Point"",""coordinates"":[-76.05078278001545,8.603406577003216]}"
3395,0.0,-0.488348,1972.0294,17.84967,1,0.12658404,0.50211406,30.0,0.4801239,-0.5145272,0.26009208,0.2887962670369464,"{""geodesic"":false,""type"":""Point"",""coordinates"":[-76.02123878847117,8.666702875150124]}"
3396,0.0,1.6439936,2724.7202,3.0,1,0.036808137,1.7303061,30.0,0.4252562,-0.5183818,0.0,0.6818266978420725,"{""geodesic"":false,""type"":""Point"",""coordinates"":[-75.65075899016416,9.17138653827871]}"
3397,0.0,1.1099606,666.1081,10.928397,1,0.0179888,0.8957459,30.0,0.7423099,-0.65627587,0.16859713,0.5987790422994625,"{""geodesic"":false,""type"":""Point"",""coordinates"":[-75.8559178675039,8.866263046649433]}"
3398,0.0,-0.78826904,3037.1204,15.531937,1,0.082143754,1.3056741,30.0,0.4314471,-0.54105467,1.298057,0.0950920594367134,"{""geodesic"":false,""type"":""Point"",""coordinates"":[-75.96127144502876,8.779998915949525]}"
3399,0.0,0.0,954.82983,3.0,1,3.0488157,0.0,90.0,0.62132674,-0.520964,0.0,0.38182135958754404,"{""geodesic"":false,""type"":""Point"",""coordinates"":[-75.71523869464826,9.1910718708917]}"
3400,0.0,3.91504,0.0,13.0,1,6262.392,1.1107391,10.0,0.5592992,-0.4982195,10.837334,0.3839141317967567,"{""geodesic"":false,""type"":""Point"",""coordinates"":[-75.924022808848,8.71687384141704]}"
3401,0.0,0.47705936,3104.529,3.0,1,0.037337925,1.0317152,90.0,0.6239643,-0.49882352,0.49462712,0.16218294799233934,"{""geodesic"":false,""type"":""Point"",""coordinates"":[-75.88157436423269,9.208068401694309]}"
3402,0.0,0.0,1548.7091,3.0,1,0.011763939,0.06581505,90.0,0.40368974,-0.37933722,0.0,0.04138870579823539,"{""geodesic"":false,""type"":""Point"",""coordinates"":[-75.66712136044306,9.160232092643804]}"
3403,0.0,0.0,1158.0155,3.0,1,0.24357568,0.0,90.0,0.588458,-0.45161676,0.0,0.5120852430802537,"{""geodesic"":false,""type"":""Point"",""coordinates"":[-75.66088101734466,9.181678835533333]}"
3407,0.0,0.020032406,3392.6538,4.690676,1,1.4982167,0.008242538,30.0,0.5515219,-0.52260894,1.0040979,0.1216373997412572,"{""geodesic"":false,""type"":""Point"",""coordinates"":[-75.72859745609634,9.04588361341076]}"
3409,0.0,-0.02386856,2020.7177,15.096467,1,0.034473725,0.30915806,30.0,0.59267193,-0.59532887,1.2425228,0.02848686984280302,"{""geodesic"":false,""type"":""Point"",""coordinates"":[-75.97266013018154,8.754465783256155]}"
3410,0.0,0.7122917,3842.4602,19.043056,1,0.009515315,1.07468,30.0,0.57100236,-0.5570668,0.8637073,0.09760229549388155,"{""geodesic"":false,""type"":""Point"",""coordinates"":[-76.03976640185627,8.662040554236105]}"
3411,0.0,0.41224766,540.8327,6.2944875,1,0.010213292,1.1797576,30.0,0.6031746,-0.57562137,0.17558926,0.5860635239699234,"{""geodesic"":false,""type"":""Point"",""coordinates"":[-75.5917554201038,8.990505644048612]}"
3412,0.0,0.5350456,2030.2709,4.606812,1,0.008898786,2.8485162,30.0,0.5116716,-0.49880287,0.28533143,0.4833906997277403,"{""geodesic"":false,""type"":""Point"",""coordinates"":[-75.88487749074942,9.218641732085226]}"
3413,0.0,0.27780914,577.0615,14.596104,1,0.08412507,0.41695577,30.0,0.6532282,-0.58546513,0.12890662,0.11569001504928411,"{""geodesic"":false,""type"":""Point"",""coordinates"":[-75.95572309251811,8.743384820289585]}"
3414,0.0,4.9689827,210.0,10.227753,1,0.0268801,0.17695624,30.0,0.51464045,-0.55358,1.161011,0.23697628134669924,"{""geodesic"":false,""type"":""Point"",""coordinates"":[-75.87260030277015,8.883589229696113]}"
3415,0.0,1.3779507,2076.0781,18.430195,1,0.009466277,1.4664019,30.0,0.48176682,-0.5436062,0.71038514,0.6663568874037955,"{""geodesic"":false,""type"":""Point"",""coordinates"":[-75.98303486028375,8.65432239744132]}"
3418,0.0,-0.0045022964,192.09373,14.876014,1,0.518159,0.060618088,30.0,0.50864196,-0.5706941,0.22679454,0.6473835963630166,"{""geodesic"":false,""type"":""Point"",""coordinates"":[-75.95433399140926,8.733349468831355]}"
3420,0.0,0.26672268,1020.0,9.645989,1,0.0084507335,0.34948754,30.0,0.63516897,-0.52294916,0.34580046,0.07986702911213595,"{""geodesic"":false,""type"":""Point"",""coordinates"":[-75.76888532710251,8.731871460822747]}"
3421,0.0,0.79584384,740.9453,3.0,1,0.019869477,0.8134437,90.0,0.50307065,-0.41405874,0.9826885,0.6306430486506402,"{""geodesic"":false,""type"":""Point"",""coordinates"":[-75.81053822905389,9.191413117973621]}"
3422,0.0,0.5999832,4313.4326,4.903885,1,0.014743715,1.127503,30.0,0.64161247,-0.57014924,0.63037944,0.6106312961993324,"{""geodesic"":false,""type"":""Point"",""coordinates"":[-75.89438866951669,9.20016859786497]}"
3423,0.0,-0.3504324,308.8689,15.63786,1,0.010529363,1.0488312,30.0,0.46558517,-0.5743092,0.32868886,0.5615071905442319,"{""geodesic"":false,""type"":""Point"",""coordinates"":[-75.96360249463744,8.731969433662112]}"
3424,0.0,0.043699265,2884.9956,4.6264935,1,0.10305693,0.8810798,30.0,0.71548337,-0.62360525,3.5799446,0.4420607338040444,"{""geodesic"":false,""type"":""Point"",""coordinates"":[-75.94596604776811,9.29092710062855]}"
3426,0.0,0.70152664,90.0,20.281975,1,0.013446904,1.021674,30.0,0.54935193,-0.61454546,0.27094293,0.2514910441553211,"{""geodesic"":false,""type"":""Point"",""coordinates"":[-76.02382840544914,8.615959807331311]}"
3428,0.0,0.24981976,4307.691,4.647498,1,0.008440091,1.1668438,30.0,0.64770734,-0.59302324,0.39742863,0.14901495094310468,"{""geodesic"":false,""type"":""Point"",""coordinates"":[-75.89056244865162,9.198821474671343]}"
3431,0.0,-0.2702322,234.3075,11.52131,1,6.6437526,0.66765076,30.0,0.7370732,-0.6524362,0.19716696,0.44248428972556675,"{""geodesic"":false,""type"":""Point"",""coordinates"":[-75.84396131202577,8.886911035343713]}"
3432,0.0,-0.49855232,641.3267,16.221468,1,0.2677604,0.7651219,30.0,0.66309184,-0.6178117,0.3844256,0.6079411646343675,"{""geodesic"":false,""type"":""Point"",""coordinates"":[-75.99354029192232,8.709372837804613]}"
3433,0.0,-0.19599915,1441.5616,17.757845,1,7.4288764,0.3636536,30.0,0.5282141,-0.5380562,0.42928606,0.23544517753584338,"{""geodesic"":false,""type"":""Point"",""coordinates"":[-76.01740852731508,8.661829397944185]}"
3434,0.0,0.6240587,300.0,11.75916,1,0.07959391,0.94882256,30.0,0.60177237,-0.57903355,1.0073777,0.21993611265034252,"{""geodesic"":false,""type"":""Point"",""coordinates"":[-75.86504605154705,8.919692983597905]}"
3435,0.0,1.365459,342.0526,3.0,1,0.033313204,1.3692809,30.0,0.5992477,-0.54948133,1.0430562,0.0066629630785375316,"{""geodesic"":false,""type"":""Point"",""coordinates"":[-75.81519822215284,9.199271007795012]}"
3437,0.0,-0.2787199,2629.753,14.4696665,1,0.009287646,0.29007173,30.0,0.3563646,-0.45330295,0.46792158,0.5676967244079113,"{""geodesic"":false,""type"":""Point"",""coordinates"":[-75.92263631467026,8.818080435369316]}"
3438,0.0,-0.13576412,997.2462,14.797122,1,0.021823907,1.6817007,30.0,0.6545139,-0.597653,0.5098768,0.25218059574439533,"{""geodesic"":false,""type"":""Point"",""coordinates"":[-75.895536745085,8.778532724430969]}"
3439,0.0,0.73551846,990.45447,14.593334,1,0.48069027,0.22582084,30.0,0.39970407,-0.5468348,0.40916976,0.23546052811342955,"{""geodesic"":false,""type"":""Point"",""coordinates"":[-75.92629343090016,8.752954205455074]}"
3440,0.0,0.0,1350.3333,3.0,1,0.058730498,0.93959844,30.0,0.2862233,-0.39787027,0.0,0.4825131258396488,"{""geodesic"":false,""type"":""Point"",""coordinates"":[-75.65652504122028,9.188741432772707]}"
3441,0.0,1.5372016,2736.5854,3.0,1,0.008441459,1.2163306,30.0,0.6394483,-0.6410507,1.1298137,0.6560182164346156,"{""geodesic"":false,""type"":""Point"",""coordinates"":[-75.71513662546279,9.14006202142544]}"
3442,0.0,0.25457287,570.0,13.801248,1,0.07700367,0.37222505,30.0,0.4348254,-0.4512438,0.15194306,0.26298401433461727,"{""geodesic"":false,""type"":""Point"",""coordinates"":[-75.91268838635379,8.765739451072541]}"
3443,0.0,0.21971059,1872.7787,3.5,1,0.10066825,0.10132302,90.0,0.06344628,-0.04609929,0.5864256,0.6904424984316365,"{""geodesic"":false,""type"":""Point"",""coordinates"":[-75.72117431749632,9.15551588314335]}"
3445,0.0,2.0555542,829.759,1.2035875,1,0.008437456,0.46894762,30.0,0.745758,-0.63224965,0.34199297,0.21631269736406988,"{""geodesic"":false,""type"":""Point"",""coordinates"":[-75.94219601756343,9.311014242012174]}"
3446,0.0,4.2397165,271.66156,11.068083,1,0.040434156,2.6593173,30.0,0.44743702,-0.49506432,0.8278497,0.12169490519312254,"{""geodesic"":false,""type"":""Point"",""coordinates"":[-75.87242071204773,8.922931626813066]}"
3447,0.0,-0.7764816,1230.0,18.483885,1,0.014938783,0.89548016,30.0,0.7033178,-0.5985589,0.26430827,0.24697960772609084,"{""geodesic"":false,""type"":""Point"",""coordinates"":[-75.90313106263906,8.647193571793697]}"
3448,0.0,0.054725647,360.0,19.164055,1,0.05172545,0.8105953,30.0,0.6024674,-0.6236111,0.28106517,0.5590004437825273,"{""geodesic"":false,""type"":""Point"",""coordinates"":[-76.00996390110777,8.630647650181032]}"
3450,0.0,0.16188824,1080.0,1.623237,1,0.18524033,0.52244663,90.0,0.5585054,-0.5482296,0.10763832,0.2900400754661324,"{""geodesic"":false,""type"":""Point"",""coordinates"":[-75.90793586416814,9.265522074632342]}"
3451,0.0,0.0,1266.0569,3.0,1,0.011770045,1.4410042,30.0,0.555452,-0.4421083,0.0,0.29727124278603645,"{""geodesic"":false,""type"":""Point"",""coordinates"":[-75.65762331094456,9.191995427948655]}"
3452,0.0,0.44351864,234.3075,9.879625,1,0.12680867,0.45387796,40.0,0.4564394,-0.47270986,0.3906294,0.04127055761729981,"{""geodesic"":false,""type"":""Point"",""coordinates"":[-75.86715661293695,8.889028415244985]}"
3454,0.0,0.4072485,1050.0,8.9733305,1,0.008449565,1.3906289,30.0,0.75949186,-0.5984262,0.13137604,0.29909828356142687,"{""geodesic"":false,""type"":""Point"",""coordinates"":[-75.71062317387332,8.784624304278868]}"
3455,0.0,-0.34516144,1381.9551,16.905949,1,0.015623246,0.55036426,30.0,0.42711,-0.50494456,0.5770908,0.026551415996096894,"{""geodesic"":false,""type"":""Point"",""coordinates"":[-76.01229285708733,8.685990167653873]}"
3457,0.0,0.16220188,134.16408,6.1505938,1,0.041535128,1.3897735,30.0,0.74770826,-0.6553416,0.81885684,0.035413259140271935,"{""geodesic"":false,""type"":""Point"",""coordinates"":[-75.83929588660587,9.11184986355266]}"
3461,0.0,0.0,1138.4199,3.0,1,0.008440755,0.91307884,90.0,0.18895507,-0.18670629,0.0,0.3580639762804734,"{""geodesic"":false,""type"":""Point"",""coordinates"":[-75.66632145128263,9.170544208918221]}"
3462,0.0,-0.00756073,108.16654,16.350494,1,1.8149892,0.10949568,30.0,0.7106584,-0.59922713,0.23494609,0.5513681520419025,"{""geodesic"":false,""type"":""Point"",""coordinates"":[-76.00002714235679,8.6876504438652]}"
3463,0.0,1.5998192,6821.356,23.042204,1,0.11950553,0.6486973,30.0,0.6049161,-0.57008797,0.4431137,0.671224861226617,"{""geodesic"":false,""type"":""Point"",""coordinates"":[-76.04182478139805,8.517152489889224]}"
3464,0.0,0.9952903,134.16408,4.262567,1,0.008439883,1.3960788,90.0,0.6297561,-0.58079016,0.3041991,0.6163825797323847,"{""geodesic"":false,""type"":""Point"",""coordinates"":[-75.82341021902296,9.207934686828567]}"
3465,0.0,1.8439331,2554.7603,18.195536,1,0.06739478,0.25170422,30.0,0.44487476,-0.50794935,0.33744693,0.6020783159952668,"{""geodesic"":false,""type"":""Point"",""coordinates"":[-75.97919047841779,8.643750787916524]}"
3466,0.0,0.0,3579.944,3.0,1,2.7619224,0.0,90.0,-0.03138127,0.019264448,0.0,0.504893550225431,"{""geodesic"":false,""type"":""Point"",""coordinates"":[-75.68697080240567,9.117053193902148]}"
3467,0.0,0.0,1026.1578,3.0,1,0.008440695,1.1190737,90.0,0.6314581,-0.47578865,0.0,0.3774825927841329,"{""geodesic"":false,""type"":""Point"",""coordinates"":[-75.69035461627251,9.172941127304014]}"
3468,0.0,-0.012529373,3800.0657,5.183093,1,0.018827513,0.9427352,30.0,0.56376857,-0.5534156,0.39582002,0.6790202801842814,"{""geodesic"":false,""type"":""Point"",""coordinates"":[-75.8651442247356,9.189115809334881]}"
3469,0.0,-0.03297043,789.17676,15.452636,1,1.4753602,0.25625145,30.0,0.47708896,-0.5274079,0.49832523,0.48855208100203873,"{""geodesic"":false,""type"":""Point"",""coordinates"":[-75.9505030589346,8.72820399523347]}"
3470,0.0,-0.18345642,1080.0,16.979853,1,0.042914666,1.2956718,30.0,0.46314242,-0.516129,0.070106015,0.39437969207165835,"{""geodesic"":false,""type"":""Point"",""coordinates"":[-75.96547726189107,8.71867000122479]}"
3471,0.0,-4.3511415,2545.5845,7.4605417,1,0.030402211,1.2343438,30.0,0.7132772,-0.65269774,1.2283243,0.10211252981959362,"{""geodesic"":false,""type"":""Point"",""coordinates"":[-75.91358294207049,9.231321888755565]}"
3472,0.0,-0.2753172,1325.4434,11.849722,1,0.008495704,0.4544653,30.0,0.64901745,-0.59925884,0.19980155,0.400328717147177,"{""geodesic"":false,""type"":""Point"",""coordinates"":[-75.90249676263684,8.8368506338904]}"
3473,0.0,0.07687569,2347.8713,17.896498,1,0.15394728,0.9520545,30.0,0.4697229,-0.5078975,0.5614715,0.11608630160208688,"{""geodesic"":false,""type"":""Point"",""coordinates"":[-76.02102405292298,8.68813741106761]}"
3475,0.0,-1.3042336,1653.2695,18.921787,1,0.34295234,0.30015188,30.0,0.5172792,-0.5491459,2.3887446,0.03757024066026515,"{""geodesic"":false,""type"":""Point"",""coordinates"":[-75.99821597754406,8.62118225197555]}"
3476,0.0,0.47002697,1517.0037,11.794555,1,0.015359138,0.398508,30.0,0.44256392,-0.45355588,0.12669182,0.4254089000587813,"{""geodesic"":false,""type"":""Point"",""coordinates"":[-75.88974100107876,8.864013471707354]}"
3477,0.0,0.78228664,1379.0214,3.0,1,0.015535986,2.0378568,90.0,0.5212435,-0.45750597,0.0,0.14435413123234764,"{""geodesic"":false,""type"":""Point"",""coordinates"":[-75.81948062597516,9.16154733377368]}"
3478,0.0,5.240877,2584.8792,19.522839,1,0.0734754,1.6324669,30.0,0.5109955,-0.5727295,0.7472913,0.29543416979823456,"{""geodesic"":false,""type"":""Point"",""coordinates"":[-75.99488286240569,8.597586148514504]}"
3481,0.0,-0.14615536,174.92856,9.552109,1,0.018516922,0.7671732,90.0,0.57773817,-0.5248851,1.106462,0.3745189942959892,"{""geodesic"":false,""type"":""Point"",""coordinates"":[-75.78060824103137,8.72994819027379]}"
3485,0.0,-0.41080594,660.68146,3.9469032,1,0.008441584,1.4408462,30.0,0.7612893,-0.64158237,0.08988563,0.03295786224140873,"{""geodesic"":false,""type"":""Point"",""coordinates"":[-75.73341872559347,9.134870277761243]}"
3487,0.0,-1.0768309,5398.083,5.7125006,1,0.5165529,1.6760722,90.0,0.6883614,-0.55336386,0.8815738,0.4922575615155437,"{""geodesic"":false,""type"":""Point"",""coordinates"":[-75.88995876701244,9.175760878425208]}"
3488,0.0,2.0684433,1390228.5,40.234203,1,0.35185587,1.4552376,90.0,0.53949904,-0.4575859,0.37389427,0.5656466544404124,"{""geodesic"":false,""type"":""Point"",""coordinates"":[-75.58045533399174,9.259961786176587]}"
3490,0.0,-0.5128994,1939.8196,18.901274,1,0.16168115,0.20524175,30.0,0.42552593,-0.50533175,0.34293386,0.48768046489919625,"{""geodesic"":false,""type"":""Point"",""coordinates"":[-75.99468112428275,8.624718568885504]}"
3493,15.630033,7.341403,450.0,0.740497,1,0.008435192,0.6325416,90.0,0.55913633,-0.63335586,2.0770853,0.38521298488261824,"{""geodesic"":false,""type"":""Point"",""coordinates"":[-75.91594979309536,9.406042644661001]}"
3494,0.0,1.1420054,283.01944,4.2223096,1,0.012397675,2.7940395,30.0,0.61586523,-0.5509778,0.33568677,0.04297577086829463,"{""geodesic"":false,""type"":""Point"",""coordinates"":[-75.81460930882784,9.180551003429805]}"
3499,0.0,0.0,1382.9316,3.0,1,0.1131465,0.1639597,90.0,0.71244335,-0.5353125,0.0,0.005106016471456254,"{""geodesic"":false,""type"":""Point"",""coordinates"":[-75.73537888756336,9.158743281179795]}"
3500,0.0,0.0,60.0,3.0,1,0.008440698,1.4248741,90.0,0.53317165,-0.48630705,0.0,0.11204959291730188,"{""geodesic"":false,""type"":""Point"",""coordinates"":[-75.7389575522768,9.172845089907957]}"
3501,0.0,2.6185112,2824.6238,23.682274,1,0.8511183,0.18717994,30.0,0.6216057,-0.6097275,0.4896137,0.5659432885345883,"{""geodesic"":false,""type"":""Point"",""coordinates"":[-76.00183132773905,8.544389613912376]}"
3502,0.0,-0.5382099,305.94116,6.792379,1,0.03487767,0.114633575,30.0,0.6845578,-0.60784787,1.7723738,0.3058764035224816,"{""geodesic"":false,""type"":""Point"",""coordinates"":[-75.59275823323767,8.935693485212218]}"
3503,0.0,0.15090513,67.08204,3.5,1,0.012221321,1.1844084,90.0,0.6647916,-0.579149,0.0,0.2774478662380018,"{""geodesic"":false,""type"":""Point"",""coordinates"":[-75.75120652512683,9.15464088001946]}"
3504,0.0,1.0595614,1842.0098,1.4650489,1,0.58107907,0.24793309,40.0,0.45345134,-0.46852645,0.60203326,0.23518549816694323,"{""geodesic"":false,""type"":""Point"",""coordinates"":[-75.91987514744224,9.340374502510276]}"
3505,0.0,-0.4215088,1101.4536,3.9879537,1,0.49992383,0.17924856,30.0,0.5495845,-0.55001384,0.7449239,0.2253450442737639,"{""geodesic"":false,""type"":""Point"",""coordinates"":[-75.86138385442942,9.214900240436387]}"
3506,0.0,0.7002592,4221.907,2.375771,1,0.010659986,0.19498941,30.0,0.70448816,-0.64237124,0.6649668,0.027738368884860476,"{""geodesic"":false,""type"":""Point"",""coordinates"":[-75.95413556409133,9.281952059978725]}"
3507,0.0,0.6701727,2340.1924,13.168255,1,0.1386212,1.2306544,30.0,0.3838456,-0.4926754,0.3871211,0.26564780705969915,"{""geodesic"":false,""type"":""Point"",""coordinates"":[-75.91177746035555,8.839270079591639]}"
3508,0.0,0.0,1701.8225,3.5,1,0.010700146,0.08000718,80.0,0.040133778,-0.01523395,0.0,0.26509228050522904,"{""geodesic"":false,""type"":""Point"",""coordinates"":[-75.68444769405718,9.082327360386817]}"
3509,0.0,0.35421944,330.0,14.337018,1,0.016467445,0.39635113,30.0,0.52763546,-0.5451323,1.0162998,0.108072437839696,"{""geodesic"":false,""type"":""Point"",""coordinates"":[-75.94562859085785,8.741782227110331]}"
3510,0.0,0.47709703,3336.615,3.0,1,3.7688215,2.533096,90.0,0.76770204,-0.6617769,0.0,0.600773214642109,"{""geodesic"":false,""type"":""Point"",""coordinates"":[-75.6535801161589,9.220764046950103]}"
3511,0.0,-5.624113,1291.3947,10.553666,1,0.041862592,0.45658553,30.0,0.6171642,-0.54675233,3.52849,0.4763458849497204,"{""geodesic"":false,""type"":""Point"",""coordinates"":[-75.85571735753494,9.014135410427222]}"
3513,0.0,0.0,1230.3658,3.0,1,0.022822477,0.059764877,30.0,0.48370066,-0.49454933,0.0,0.030748855457834345,"{""geodesic"":false,""type"":""Point"",""coordinates"":[-75.70013453373758,9.14741721531351]}"
3515,0.0,-0.101465225,90.0,20.933014,1,14.046776,0.19713204,30.0,0.67197454,-0.604033,0.09800581,0.2641853253136801,"{""geodesic"":false,""type"":""Point"",""coordinates"":[-76.04585952978995,8.597451060264573]}"
3516,0.0,2.1588287,30.0,17.604567,1,97.78508,0.2380397,30.0,0.6625698,-0.58762336,0.21464102,0.14670353203773323,"{""geodesic"":false,""type"":""Point"",""coordinates"":[-76.00349189781952,8.657525101168488]}"
3517,0.0,0.0,1770.2543,3.0,1,0.051270712,0.10932835,90.0,0.67650235,-0.57932204,0.0,0.521045401025175,"{""geodesic"":false,""type"":""Point"",""coordinates"":[-75.73383384754737,9.204058317437012]}"
3519,0.0,1.490185,865.8522,3.8576293,1,0.01687039,2.7901864,30.0,0.7039331,-0.59063315,0.9389651,0.08451417661526628,"{""geodesic"":false,""type"":""Point"",""coordinates"":[-75.85073010722945,9.21329764326033]}"
3522,0.0,2.5490332,531.6014,11.095231,1,0.008447205,1.4557036,30.0,0.40047252,-0.46448424,1.1430473,0.2612967316480167,"{""geodesic"":false,""type"":""Point"",""coordinates"":[-75.87616116904024,8.889550010375368]}"
3523,0.0,0.367918,3769.0317,14.59285,1,10.487865,1.2565299,30.0,0.5032812,-0.5546855,0.3987537,0.6046879679397317,"{""geodesic"":false,""type"":""Point"",""coordinates"":[-75.94277587887102,8.800123303621465]}"
3524,0.0,0.0,0.0,3.0,1,1875.622,0.053275947,90.0,0.02320252,-0.027617952,0.0,0.41887155569612455,"{""geodesic"":false,""type"":""Point"",""coordinates"":[-75.7284129676273,9.22387629881137]}"
3525,0.0,0.0,192.09373,3.0,1,0.031668246,0.09440572,90.0,-0.1315942,0.102187596,0.0,0.6920930221388986,"{""geodesic"":false,""type"":""Point"",""coordinates"":[-75.69087449411884,9.159373564557097]}"
3527,0.0,-1.4345651,1850.5404,1.8074065,1,0.02645308,0.14517045,30.0,0.56366587,-0.55609363,2.873186,0.20984445245497774,"{""geodesic"":false,""type"":""Point"",""coordinates"":[-75.96767202251435,9.33780578234703]}"
3530,0.0,-0.17004585,1811.2151,23.78703,1,0.04370313,0.76519096,30.0,0.6677136,-0.5494602,0.49180064,0.19179728124602846,"{""geodesic"":false,""type"":""Point"",""coordinates"":[-75.99791194480514,8.504515703279164]}"
3531,0.0,-1.2929201,2940.9182,4.4293995,1,0.16057861,0.050281152,30.0,0.45534357,-0.42455792,0.7514242,0.577986096600483,"{""geodesic"":false,""type"":""Point"",""coordinates"":[-75.66148772998635,9.066360949536417]}"
3532,0.0,0.2793331,5358.9272,24.068743,1,0.009633863,0.3381727,30.0,0.6766727,-0.59148645,0.624454,0.42148270628494533,"{""geodesic"":false,""type"":""Point"",""coordinates"":[-76.04733179688056,8.53775769027601]}"
3533,0.0,2.3979006,375.89893,11.580184,1,0.04314204,2.6306407,30.0,0.6403213,-0.5809191,0.1289933,0.06608737031226508,"{""geodesic"":false,""type"":""Point"",""coordinates"":[-75.85781243684062,8.859746889854955]}"
3535,0.0,3.8056717,1467.549,15.313769,1,0.018459473,0.45924002,30.0,0.41419712,-0.49890432,2.1736777,0.4370468213158245,"{""geodesic"":false,""type"":""Point"",""coordinates"":[-75.95550714573365,8.765633609102366]}"
3537,0.0,0.15176392,1537.3353,19.054495,1,0.026386146,0.73927784,30.0,0.43479675,-0.5135506,0.08384216,0.5690159164222258,"{""geodesic"":false,""type"":""Point"",""coordinates"":[-76.01874404143614,8.651515816316453]}"
3538,0.0,5.4731054,1170.0,1.0,1,0.037920058,1.4712873,95.0,0.27727273,-0.037378866,3.06624,0.08050279713600894,"{""geodesic"":false,""type"":""Point"",""coordinates"":[-75.94211253361803,9.381555725913616]}"
3539,0.0,-3.9344635,7110.0635,104.88096,1,0.019014055,74.51578,60.0,0.18169014,-0.09458578,5.337068,0.2792991666070088,"{""geodesic"":false,""type"":""Point"",""coordinates"":[-75.83560613942372,8.689131667478463]}"
3540,0.0,-0.43971062,318.9044,24.177864,1,2.2304215,0.9453624,30.0,0.713117,-0.66941273,0.99426705,0.45854993134020194,"{""geodesic"":false,""type"":""Point"",""coordinates"":[-75.96230150134893,8.541505284278173]}"
3541,1.1989381,-0.6173229,283.01944,19.000494,1,0.02161084,0.40219572,30.0,0.4633731,-0.55475116,0.2996587,0.38272911681581057,"{""geodesic"":false,""type"":""Point"",""coordinates"":[-76.00236041622472,8.64206295059796]}"
3542,0.0,0.09819603,3083.5857,15.5084505,1,0.21628521,0.32102382,30.0,0.65953755,-0.5679956,0.46813655,0.5869724911221402,"{""geodesic"":false,""type"":""Point"",""coordinates"":[-75.98276997672441,8.761765241847948]}"
3543,0.0,-0.27849817,3601.9995,4.851192,1,0.04191325,1.5583289,30.0,0.53502625,-0.5691481,0.5940985,0.3787592462431071,"{""geodesic"":false,""type"":""Point"",""coordinates"":[-75.67060896189524,9.12712304721276]}"
3544,0.0,0.61355686,6670.06,7.3750124,1,0.0127753215,0.77882814,30.0,0.5660508,-0.5840944,0.16102242,0.2492463547242294,"{""geodesic"":false,""type"":""Point"",""coordinates"":[-75.64744914417257,8.846060619465073]}"
3545,0.0,0.70084953,1008.0179,20.096373,1,0.07936612,1.0944082,30.0,0.4861197,-0.53831416,0.11158074,0.4361268623793899,"{""geodesic"":false,""type"":""Point"",""coordinates"":[-76.00557028973616,8.618721202949104]}"
3546,0.0,3.1527557,240.0,23.146925,1,0.053390916,1.1164936,30.0,0.5974294,-0.6254087,0.043708492,0.576429371585136,"{""geodesic"":false,""type"":""Point"",""coordinates"":[-75.97369571193346,8.520313726136155]}"
3547,0.0,0.0,630.0,3.0,1,0.42679146,0.068054505,90.0,-0.16440831,0.20940171,0.0,0.2314896784268875,"{""geodesic"":false,""type"":""Point"",""coordinates"":[-75.69717772528475,9.171300053394217]}"
3549,0.0,-0.15235424,724.9828,15.911122,1,1.1430416,0.03096062,30.0,0.6464481,-0.6095086,0.38677952,0.11509974737413142,"{""geodesic"":false,""type"":""Point"",""coordinates"":[-75.93906039442278,8.73257363097558]}"
3551,0.0,0.0,2206.581,3.0,1,0.12078711,0.004582682,90.0,0.59726703,-0.4723583,0.0,0.07474813227956356,"{""geodesic"":false,""type"":""Point"",""coordinates"":[-75.74173938808153,9.197530265602296]}"
3552,0.0,0.7676883,1166.9191,4.461248,1,0.008442187,1.8617901,30.0,0.47300163,-0.49613678,0.0594144,0.24264193513990795,"{""geodesic"":false,""type"":""Point"",""coordinates"":[-75.71889649949438,9.108851591158393]}"
3553,0.0,0.32071877,1804.993,17.046282,1,2.0753794,0.636031,30.0,0.5127751,-0.565445,0.54284656,0.3079949676490611,"{""geodesic"":false,""type"":""Point"",""coordinates"":[-75.98225845994354,8.670332228222694]}"
3554,0.0,0.89195204,1061.5083,4.291408,1,0.009903092,0.83391815,40.0,0.75061226,-0.6361465,0.05871325,0.6138769028069225,"{""geodesic"":false,""type"":""Point"",""coordinates"":[-75.70350469273001,9.055700594339319]}"
3555,0.0,0.0,2629.2395,3.0,1,2.6139078,0.0,90.0,0.65790325,-0.595253,0.0,0.46201449276950324,"{""geodesic"":false,""type"":""Point"",""coordinates"":[-75.65402122021821,9.163511988015367]}"
3556,0.0,0.0,1449.9656,3.0,1,0.08264798,0.79212886,90.0,0.58292836,-0.527421,0.0,0.04228629016325269,"{""geodesic"":false,""type"":""Point"",""coordinates"":[-75.81403475546526,9.16807139589962]}"
3557,0.0,0.54708576,764.8529,10.884922,1,0.09591008,0.16002227,30.0,0.61292386,-0.55665326,1.3476173,0.5928757311489006,"{""geodesic"":false,""type"":""Point"",""coordinates"":[-75.87650053454207,8.917495553065384]}"
3558,0.0,0.2769053,6303.2134,2.2350943,1,0.3198108,0.018689014,90.0,0.51437217,-0.4835124,0.20754357,0.05611909471723486,"{""geodesic"":false,""type"":""Point"",""coordinates"":[-76.00808536433024,9.332809941526868]}"
3559,0.0,0.0,2289.6506,3.0,1,0.017770812,1.5170518,90.0,0.6815287,-0.60188776,0.0,0.4393091514699158,"{""geodesic"":false,""type"":""Point"",""coordinates"":[-75.79170620701125,9.195524789829829]}"
3562,0.0,-0.10216713,630.71387,16.211464,1,0.03207772,0.17546791,30.0,0.6040346,-0.59438556,0.79313564,0.5960644192377459,"{""geodesic"":false,""type"":""Point"",""coordinates"":[-75.98376121768219,8.723778138387946]}"
3564,0.0,0.110328674,2706.326,18.70351,1,0.033595655,0.2724722,30.0,0.4680851,-0.5767511,0.6764713,0.5140654102003734,"{""geodesic"":false,""type"":""Point"",""coordinates"":[-75.9770331366206,8.652981172022486]}"
3565,0.0,0.47706914,2791.7737,3.0,1,0.34848967,0.025454395,90.0,0.53866935,-0.43677074,0.0,0.4684029364763004,"{""geodesic"":false,""type"":""Point"",""coordinates"":[-75.75156865884219,9.196967266113315]}"
3566,0.0,-0.32814837,150.0,6.030737,1,0.008441265,1.2744563,40.0,0.42715663,-0.4820027,0.30818573,0.20265082692558745,"{""geodesic"":false,""type"":""Point"",""coordinates"":[-75.84293086886639,9.148470030784972]}"
3568,0.0,0.34231114,180.0,3.0,1,0.010987162,0.8607195,40.0,0.40595204,-0.49493086,0.64895517,0.24067357432261238,"{""geodesic"":false,""type"":""Point"",""coordinates"":[-75.74485458499736,9.11992391039841]}"
3569,0.0,0.0,108.16654,3.0,1,0.008439984,0.79344213,30.0,0.48332152,-0.35100195,0.0,0.25722626081912847,"{""geodesic"":false,""type"":""Point"",""coordinates"":[-75.68276787736843,9.203615990154248]}"
3570,0.0,1.1920776,240.0,3.7995498,1,0.1855408,0.44469726,30.0,0.5538346,-0.53846157,0.44938278,0.4156213835675189,"{""geodesic"":false,""type"":""Point"",""coordinates"":[-75.88356886423439,9.241435699453758]}"
3571,0.0,0.0,426.38013,3.0,1,0.008440619,0.58167255,90.0,0.710745,-0.59716016,0.0,0.2995176976088023,"{""geodesic"":false,""type"":""Point"",""coordinates"":[-75.7236739472755,9.176403276417174]}"
3572,0.0,-0.6028328,870.0,25.227036,1,0.0084559005,1.0380108,30.0,0.42292872,-0.4881612,0.52493984,0.5406417796229877,"{""geodesic"":false,""type"":""Point"",""coordinates"":[-75.99107757215371,8.496393546431841]}"
3574,0.0,0.0,1080.0,3.5,1,0.13608202,0.097958446,90.0,0.5657962,-0.46760517,0.0,0.3281878359641426,"{""geodesic"":false,""type"":""Point"",""coordinates"":[-75.74126297757356,9.099310215338582]}"
3577,0.0,-0.124346256,982.7004,7.36964,1,0.15695436,0.7796604,30.0,0.59977764,-0.58654904,0.06873343,0.5610677526378696,"{""geodesic"":false,""type"":""Point"",""coordinates"":[-75.85121026020576,9.070581142850093]}"
3578,0.0,0.0,1758.0103,3.0,1,0.6643493,0.0,90.0,0.012777668,-0.088757396,0.0,0.2411335130860125,"{""geodesic"":false,""type"":""Point"",""coordinates"":[-75.67147019450478,9.149642083915488]}"
3581,0.0,0.0,2083.8667,3.5,1,0.050548404,1.0684228,90.0,0.085339166,-0.08718948,0.0,0.5391159231310964,"{""geodesic"":false,""type"":""Point"",""coordinates"":[-75.67870994155841,9.079624736956363]}"
3582,0.0,3.8670528,2280.7893,1.8009362,1,1.3119338,1.225486,30.0,0.3911313,-0.46658677,0.15727858,0.6221279526657327,"{""geodesic"":false,""type"":""Point"",""coordinates"":[-75.95830907159348,9.310157355142271]}"
3585,0.0,0.0,615.5485,3.5,1,0.028629528,0.5767868,90.0,0.57402754,-0.52093756,0.0,0.23014106072719553,"{""geodesic"":false,""type"":""Point"",""coordinates"":[-75.71069466604405,9.102898405390013]}"
3586,0.0,11.971182,0.0,17.5,1,2103.191,1.0852875,80.0,-0.37750384,0.44846416,0.0,0.16766858290988618,"{""geodesic"":false,""type"":""Point"",""coordinates"":[-75.94450846213147,8.621046779472161]}"
3587,0.0,0.0,300.0,3.0,1,0.03885358,1.3519881,90.0,0.40714285,-0.2964791,0.0,0.3741089221966334,"{""geodesic"":false,""type"":""Point"",""coordinates"":[-75.75341480389132,9.166032068043691]}"
3588,0.0,-0.13246012,2448.4485,3.9664557,1,0.020816475,0.4294995,30.0,0.64547676,-0.53285503,0.10030428,0.5555126594115881,"{""geodesic"":false,""type"":""Point"",""coordinates"":[-75.7746012383713,9.114706555253314]}"
3590,0.0,1.7474785,5384.3105,4.4982457,1,0.022804108,0.9940742,30.0,0.6880882,-0.61971104,0.34581947,0.008578230699682443,"{""geodesic"":false,""type"":""Point"",""coordinates"":[-75.89081040753348,9.188782077580091]}"
3591,0.0,0.63422203,3270.0,18.675629,1,0.0776687,0.9087693,30.0,0.47368422,-0.55255544,0.19073576,0.40019776501778137,"{""geodesic"":false,""type"":""Point"",""coordinates"":[-75.972391191925,8.650279794308675]}"
3594,0.0,0.005444765,1710.0,3.6320782,1,0.028312704,0.6396482,30.0,0.47868854,-0.5129997,0.12450742,0.2073632268909279,"{""geodesic"":false,""type"":""Point"",""coordinates"":[-75.91555058378287,9.253022165160202]}"
3595,0.0,-0.100857735,3329.4595,4.0338902,1,0.008704249,1.1966265,30.0,0.5893246,-0.5620985,0.12043649,0.6131401524355622,"{""geodesic"":false,""type"":""Point"",""coordinates"":[-75.87253856513205,9.198051568229213]}"
3598,0.0,0.34894466,218.40329,10.109838,1,0.012938567,1.0028142,30.0,0.55714667,-0.5335597,2.3159595,0.5591668400758929,"{""geodesic"":false,""type"":""Point"",""coordinates"":[-75.86099531038982,8.937609802282093]}"
3601,0.0,0.037487984,30.0,10.557376,1,29.85043,1.6158698,30.0,0.60889363,-0.57927954,0.9720891,0.5634113401822386,"{""geodesic"":false,""type"":""Point"",""coordinates"":[-75.86753888397543,8.935423962195983]}"
3602,0.0,-0.19610643,1630.2454,3.0,1,0.008440394,0.3321383,90.0,0.38481376,-0.42126158,1.3852026,0.4213976744393455,"{""geodesic"":false,""type"":""Point"",""coordinates"":[-75.74772238841328,9.185850818757128]}"
3603,0.0,0.78771377,3474.0466,3.7384934,1,0.1430406,0.30561823,90.0,0.6034143,-0.46052632,0.49842742,0.5082879548791908,"{""geodesic"":false,""type"":""Point"",""coordinates"":[-75.79789992150553,9.15671167667998]}"
3604,0.0,0.0,330.0,3.0,1,0.012298148,0.14472732,90.0,0.51260006,-0.46862406,0.0,0.11805938346168932,"{""geodesic"":false,""type"":""Point"",""coordinates"":[-75.71713268100744,9.182385564868529]}"
3606,0.0,0.3739071,94.86833,12.618394,1,0.008449136,0.41063377,30.0,0.5980213,-0.591805,0.4744932,0.29467931655404056,"{""geodesic"":false,""type"":""Point"",""coordinates"":[-75.89941600843659,8.803756599288018]}"
3607,0.0,0.0,1980.0,3.0,1,0.5072787,1.6455733,90.0,0.5878629,-0.4844898,0.0,0.4897054753627551,"{""geodesic"":false,""type"":""Point"",""coordinates"":[-75.72400045186734,9.202721555597575]}"
3608,0.0,0.09538078,1328.4954,3.8918133,1,0.009067618,0.3679854,30.0,0.38916948,-0.4510551,0.14519814,0.19399237878746867,"{""geodesic"":false,""type"":""Point"",""coordinates"":[-75.75688808273726,9.129938211508607]}"
3609,0.0,1.5509529,6091.9946,32.681694,1,0.047883872,5.7964616,30.0,0.58981943,-0.5561298,0.4052515,0.5469057742114735,"{""geodesic"":false,""type"":""Point"",""coordinates"":[-75.81951016901446,8.685639320341053]}"
3612,0.0,0.6106899,3799.7104,1.3487769,1,0.026266783,0.8185499,40.0,0.49086884,-0.57774526,0.29696605,0.2558630463194451,"{""geodesic"":false,""type"":""Point"",""coordinates"":[-75.95387491854143,9.286565069413145]}"
3613,0.0,-0.4717474,2220.0,10.12941,1,2.5689883,0.12774153,30.0,0.5638554,-0.546875,0.65984327,0.5832023697598395,"{""geodesic"":false,""type"":""Point"",""coordinates"":[-75.87282030763903,8.97611005355971]}"
3614,0.0,0.0,3207.8965,3.5,1,0.6679282,0.054365877,90.0,0.3480023,-0.21884817,0.0,0.19872177395368407,"{""geodesic"":false,""type"":""Point"",""coordinates"":[-75.78946825902653,9.171381734433451]}"
3615,0.0,0.98977184,351.141,11.61059,1,0.19716802,0.1814285,30.0,0.6943637,-0.5287025,0.36172017,0.6662601429278325,"{""geodesic"":false,""type"":""Point"",""coordinates"":[-75.89184832937727,8.832806259498495]}"
3616,0.0,-0.0697155,339.41125,13.319061,1,0.009006963,0.7484619,30.0,0.40469304,-0.48336726,5.1162825,0.3029605339485357,"{""geodesic"":false,""type"":""Point"",""coordinates"":[-75.87660257484265,8.845594452972989]}"
3617,0.0,0.9603579,4230.9575,3.0634053,1,0.17043826,1.3013457,30.0,0.6652174,-0.6071335,0.21101531,0.2826325763169868,"{""geodesic"":false,""type"":""Point"",""coordinates"":[-75.94263925887029,9.272486579013666]}"
3618,0.0,0.0,1783.1714,3.5,1,49.81665,0.0,90.0,-0.07472826,0.12915601,0.0,0.17382460802126098,"{""geodesic"":false,""type"":""Point"",""coordinates"":[-75.8001364329038,9.180040688447898]}"
3619,0.0,-0.123999596,865.8522,15.1816,1,0.061167683,0.82210916,30.0,0.64770746,-0.6149033,0.39251503,0.6419953564100336,"{""geodesic"":false,""type"":""Point"",""coordinates"":[-75.9423349136247,8.733379473471656]}"
3620,0.0,0.5426445,84.85281,17.097105,1,0.0084523205,0.32443222,30.0,0.5697057,-0.56067145,0.16829062,0.5347843548948813,"{""geodesic"":false,""type"":""Point"",""coordinates"":[-76.00349980687854,8.660509574417654]}"
3621,0.0,-0.85211945,2040.4412,4.4725122,1,0.09218397,0.71146613,90.0,0.07325684,-0.009966778,1.0747426,0.548860270661223,"{""geodesic"":false,""type"":""Point"",""coordinates"":[-75.74259271949796,9.082213745300862]}"
3622,0.0,0.79136086,1400.0714,19.964405,1,0.011609526,0.59242105,30.0,0.5654336,-0.54383814,0.24099031,0.6436221048937764,"{""geodesic"":false,""type"":""Point"",""coordinates"":[-76.01671287084744,8.605668645938708]}"
3623,0.0,0.0074424744,1406.165,6.9309053,1,0.03121257,0.19218352,30.0,0.6672611,-0.6234185,0.37736282,0.46982826512857734,"{""geodesic"":false,""type"":""Point"",""coordinates"":[-75.86294054334273,9.067569099251042]}"
3624,0.0,0.0,1507.4813,3.0,1,0.0143617205,0.996041,90.0,0.55289966,-0.58938,0.0,0.18402336816708187,"{""geodesic"":false,""type"":""Point"",""coordinates"":[-75.72391786119495,9.16202232410167]}"
3626,0.0,0.0,256.3201,3.0,1,0.04669736,0.4411144,90.0,-0.026995305,0.07270694,0.0,0.5848846328334997,"{""geodesic"":false,""type"":""Point"",""coordinates"":[-75.68433811924207,9.168068590922445]}"
3627,0.0,0.0,5220.3447,4.0,1,0.012958367,2.5969865,90.0,0.7783125,-0.6794425,0.0,0.2010873835050372,"{""geodesic"":false,""type"":""Point"",""coordinates"":[-75.65803322039251,9.117920685789185]}"
3629,0.0,1.8249226,2238.973,18.18664,1,2.7952425,0.10904062,30.0,0.47329456,-0.52825016,0.7605216,0.26379699035472537,"{""geodesic"":false,""type"":""Point"",""coordinates"":[-75.98265550636818,8.613082788484494]}"
3630,0.0,1.8542919,942.0191,19.478476,1,0.014831153,0.38185558,30.0,0.6339387,-0.6215151,0.06810983,0.2503648861014469,"{""geodesic"":false,""type"":""Point"",""coordinates"":[-76.02469890598019,8.635492266532454]}"
3634,0.0,0.0,1705.7843,3.0,1,0.008441209,1.644252,30.0,0.5550137,-0.49334115,0.0,0.5307854584204026,"{""geodesic"":false,""type"":""Point"",""coordinates"":[-75.71433919243702,9.15091680796212]}"
3635,0.0,0.0,2852.3674,3.0,1,6.0436635,0.5638998,90.0,0.6672471,-0.5998785,0.0,0.5203597880484417,"{""geodesic"":false,""type"":""Point"",""coordinates"":[-75.65183734233236,9.163787260129874]}"
3636,0.0,0.19067264,2366.1995,3.0,1,0.020771753,1.2954495,30.0,0.2251761,-0.20896861,0.0,0.12017190071141781,"{""geodesic"":false,""type"":""Point"",""coordinates"":[-75.71537934991045,9.124867033096685]}"
3637,0.0,0.0,60.0,3.0,1,0.008440049,0.3216159,90.0,0.17285618,-0.1522388,0.0,0.13057620198982178,"{""geodesic"":false,""type"":""Point"",""coordinates"":[-75.67893964226596,9.200909904931823]}"
3638,0.0,-0.19082451,0.0,18.743746,1,222.8121,0.119950704,30.0,0.61314046,-0.54351395,0.32376346,0.1861711748090289,"{""geodesic"":false,""type"":""Point"",""coordinates"":[-76.01295484225717,8.627655273911056]}"
3640,0.0,2.775465,2440.3484,24.127613,1,0.024195213,0.74635017,30.0,0.5469423,-0.55542725,0.79021776,0.015546265209706145,"{""geodesic"":false,""type"":""Point"",""coordinates"":[-75.9987844357077,8.525676422560343]}"
3641,0.0,0.0,1952.0758,3.0,1,4.5348964,0.0,90.0,0.31267247,-0.32903504,0.0,0.35255153519246574,"{""geodesic"":false,""type"":""Point"",""coordinates"":[-75.70449343305239,9.142524816448613]}"
3642,0.0,1.1704922,2916.0247,14.032443,1,0.13497053,0.69348836,30.0,0.41896203,-0.5026098,0.67942727,0.17139508352522004,"{""geodesic"":false,""type"":""Point"",""coordinates"":[-75.92427833281822,8.82024697135657]}"
3645,0.0,0.0,150.0,16.5,1,0.028636564,0.0,90.0,0.7107926,-0.5820663,0.0,0.6415049064581807,"{""geodesic"":false,""type"":""Point"",""coordinates"":[-75.98479803326504,8.703155254721937]}"
3648,0.0,0.0,1075.4069,3.0,1,0.011058336,0.12621045,90.0,0.6606745,-0.5001547,0.0,0.6471101346292953,"{""geodesic"":false,""type"":""Point"",""coordinates"":[-75.73108083629023,9.19321076450415]}"
3650,0.0,0.024462223,2460.0,4.2247562,1,35.17095,0.9781925,30.0,0.4845509,-0.5124451,0.5840296,0.1117716625897669,"{""geodesic"":false,""type"":""Point"",""coordinates"":[-75.84222632702472,9.197038330984626]}"
3651,0.0,0.23049957,2608.6204,1.0307425,1,0.17934063,0.14787507,30.0,0.46528655,-0.53504366,0.07041887,0.24099968801884852,"{""geodesic"":false,""type"":""Point"",""coordinates"":[-75.94925816257343,9.296344623622575]}"
3652,0.0,0.8285947,3305.0415,4.2695856,1,0.062228937,0.63349396,30.0,0.45860967,-0.5105571,0.38707793,0.678661710818307,"{""geodesic"":false,""type"":""Point"",""coordinates"":[-75.8908599553115,9.208588200884433]}"
3653,0.0,0.48561668,400.2499,10.339422,1,0.008446591,0.8209457,40.0,0.31560892,-0.37332138,0.11043402,0.3717982783822793,"{""geodesic"":false,""type"":""Point"",""coordinates"":[-75.85739929502343,8.916726133892158]}"
3656,0.0,-0.7573204,1920.0,7.773934,1,0.03448364,0.25728506,30.0,0.62685746,-0.5673383,0.44123545,0.05615065357348881,"{""geodesic"":false,""type"":""Point"",""coordinates"":[-75.86481752460911,9.05345590864522]}"
3657,0.0,0.0,982.7004,3.0,1,0.8362558,0.24007341,90.0,0.48611796,-0.46280724,0.0,0.2582446555647657,"{""geodesic"":false,""type"":""Point"",""coordinates"":[-75.7362052631792,9.1622688785797]}"
3660,0.0,0.6403656,42.426407,13.993877,1,18.129814,0.009457685,30.0,0.38959932,-0.4557904,0.4322248,0.20982860203753873,"{""geodesic"":false,""type"":""Point"",""coordinates"":[-75.91788495761291,8.77169596279678]}"
3661,0.0,0.54598117,2822.552,3.8212318,1,0.02304197,0.08029455,40.0,0.47887516,-0.43975663,0.32570496,0.3787416582696259,"{""geodesic"":false,""type"":""Point"",""coordinates"":[-75.7781584897262,9.118497544766017]}"
3664,0.0,0.0,1926.0841,3.5,1,0.017145896,1.3569796,90.0,0.2554437,-0.19235046,0.0,0.36535580316345295,"{""geodesic"":false,""type"":""Point"",""coordinates"":[-75.68226485510887,9.082874111526737]}"
3666,0.0,0.0,1444.9913,3.0,1,59.907734,0.5987081,90.0,0.5705846,-0.49195096,0.0,0.12129371441261894,"{""geodesic"":false,""type"":""Point"",""coordinates"":[-75.76230346880656,9.108763306370545]}"
3668,0.0,0.41856384,722.49567,20.861475,1,0.05150149,1.1385553,30.0,0.58052176,-0.5121464,0.36276248,0.24734279025120043,"{""geodesic"":false,""type"":""Point"",""coordinates"":[-76.0265128838872,8.600487606067295]}"
3669,0.0,-0.19339299,1288.6039,3.7819664,1,0.3601545,0.4485101,30.0,0.50252926,-0.55792,0.34183013,0.013334079172951596,"{""geodesic"":false,""type"":""Point"",""coordinates"":[-75.78107281739479,9.20287375841833]}"
3671,0.0,0.68382454,3259.9387,20.1621,1,0.008471412,1.2741164,30.0,0.59562165,-0.6392956,2.3243659,0.24881318393226615,"{""geodesic"":false,""type"":""Point"",""coordinates"":[-76.00250152707687,8.592140016086573]}"
3673,0.0,-0.19974709,420.0,14.427299,1,0.16573244,0.20869565,30.0,0.8064313,-0.65177286,0.33794752,0.40759757083364423,"{""geodesic"":false,""type"":""Point"",""coordinates"":[-75.95435538418812,8.741760346547444]}"
3674,0.0,0.107675076,60.0,5.86259,1,35.16955,1.1524694,40.0,0.5526555,-0.5592807,0.20854998,0.19530455393837487,"{""geodesic"":false,""type"":""Point"",""coordinates"":[-75.85321863635973,9.11181749546985]}"
3676,0.0,0.0,4576.254,3.0,1,0.016540362,0.2539463,90.0,0.27770796,-0.40325698,0.0,0.19827203858255804,"{""geodesic"":false,""type"":""Point"",""coordinates"":[-75.67413273289016,9.113549879077691]}"
3677,0.0,0.0,258.06976,3.0,1,0.7303511,0.004378884,90.0,0.4552937,-0.35824022,0.0,0.3143120768477724,"{""geodesic"":false,""type"":""Point"",""coordinates"":[-75.7348718722208,9.1777373326782]}"
3678,0.0,0.79132366,1539.3829,11.162626,1,0.18875779,0.029015534,30.0,0.41399223,-0.4745834,1.0250536,0.559850184200523,"{""geodesic"":false,""type"":""Point"",""coordinates"":[-75.87988344757413,8.96279849028845]}"
3680,0.0,-0.05770302,351.141,20.262989,1,0.0093407435,0.96643114,30.0,0.5800781,-0.5823961,0.04747919,0.6350054216119079,"{""geodesic"":false,""type"":""Point"",""coordinates"":[-76.02901029464053,8.616759913673036]}"
3681,0.0,0.0,1682.6764,3.0,1,1.2116227,0.52260447,90.0,0.5841788,-0.53301084,0.0,0.4591702289150419,"{""geodesic"":false,""type"":""Point"",""coordinates"":[-75.66113397768626,9.170825059196057]}"
3682,0.0,0.5592556,3086.503,18.483248,1,0.03294908,0.67254424,30.0,0.65677226,-0.61960495,0.25083458,0.6410600651867877,"{""geodesic"":false,""type"":""Point"",""coordinates"":[-75.97725825240518,8.63453084324991]}"
3684,0.0,3.62397,2736.5854,16.766844,1,6.9450808,0.2462412,30.0,0.7616377,-0.659271,2.934036,0.5132964607334434,"{""geodesic"":false,""type"":""Point"",""coordinates"":[-75.99501297879873,8.750609221506144]}"
3686,0.0,-1.1697807,831.9255,7.454553,1,0.24325171,0.21273917,30.0,0.51236194,-0.5256036,1.719185,0.06243692236293852,"{""geodesic"":false,""type"":""Point"",""coordinates"":[-75.85416287202558,9.049411064095079]}"
3687,0.0,1.104332,2070.0,19.400534,1,0.66977495,0.9671024,30.0,0.45901227,-0.5120811,0.17593713,0.546936294703201,"{""geodesic"":false,""type"":""Point"",""coordinates"":[-75.8954969232994,8.647211501560268]}"
3691,0.0,0.0,0.0,3.5,1,835.32135,0.5394269,90.0,0.19864802,-0.20419818,0.0,0.507787896162674,"{""geodesic"":false,""type"":""Point"",""coordinates"":[-75.75310064022716,9.14649710605947]}"
3693,0.0,0.0,150.0,3.0,1,0.06726834,0.008501454,90.0,0.34210527,-0.30947828,0.0,0.696667176358254,"{""geodesic"":false,""type"":""Point"",""coordinates"":[-75.68297339617129,9.16834250106268]}"
3694,0.0,3.5729122,0.0,2.0,1,4526.3896,2.5208697,80.0,-0.29023385,0.34683543,3.6839068,0.14680568796063542,"{""geodesic"":false,""type"":""Point"",""coordinates"":[-75.88138615567546,9.24225501912713]}"
3695,0.0,-1.0277195,800.4998,17.428436,1,0.0084513845,1.1444702,30.0,0.56313586,-0.5782477,0.85291404,0.6744650537237089,"{""geodesic"":false,""type"":""Point"",""coordinates"":[-75.96820979285171,8.720833602783095]}"
3696,0.0,0.6546807,1689.0826,4.6662836,1,0.61113304,0.5349457,30.0,0.45410037,-0.49190003,0.11940063,0.23186200194433693,"{""geodesic"":false,""type"":""Point"",""coordinates"":[-75.81908241874194,9.106740741643334]}"
3697,0.0,4.5471563,0.0,8.5,1,1189.2649,0.19420868,30.0,0.521692,-0.5225176,1.7743504,0.6553697485551225,"{""geodesic"":false,""type"":""Point"",""coordinates"":[-75.86675431053945,8.949805958170833]}"
3698,0.0,0.8655262,510.0,22.771189,1,1.2458783,0.28514904,30.0,0.51359296,-0.5590313,0.3572191,0.3137859481418588,"{""geodesic"":false,""type"":""Point"",""coordinates"":[-75.95800890184898,8.568919503280947]}"
3699,0.0,-0.07016492,2135.9072,3.6772017,1,0.008441503,0.9071873,30.0,0.3029343,-0.4345518,1.0030051,0.3735591160372135,"{""geodesic"":false,""type"":""Point"",""coordinates"":[-75.7203202833703,9.138152459141123]}"
3701,0.0,0.0,2172.6711,3.0,1,59.21737,0.0,90.0,-0.03411131,0.09274874,0.0,0.12826021703338675,"{""geodesic"":false,""type"":""Point"",""coordinates"":[-75.86791971447582,9.207558910132416]}"
3702,44.91334,1.0740027,1608.0112,4.386729,1,0.081100054,0.5149759,30.0,0.51388234,-0.5571152,0.9235953,0.3521436714544959,"{""geodesic"":false,""type"":""Point"",""coordinates"":[-75.9114240899067,9.241366076605491]}"
3704,0.0,2.8165731,180.0,10.058212,1,0.015716808,1.1150247,30.0,0.5314193,-0.5418598,0.27042872,0.466130878387942,"{""geodesic"":false,""type"":""Point"",""coordinates"":[-75.86071735292944,8.935439853008859]}"
3705,0.0,3.7131605,30.0,4.32511,1,43.537453,3.656234,30.0,0.64059407,-0.5963391,1.9690815,0.46030753475271124,"{""geodesic"":false,""type"":""Point"",""coordinates"":[-75.88166262314613,9.243610932478333]}"
3707,0.0,0.22296524,2619.6375,4.0715227,1,0.027643118,0.77636135,30.0,0.63932294,-0.5426558,0.3194002,0.05770266941457303,"{""geodesic"":false,""type"":""Point"",""coordinates"":[-75.80768013767599,9.134984021977356]}"
3708,0.0,2.217169,1166.9191,3.0,1,0.011634519,0.63138795,30.0,0.6748697,-0.61479414,0.0,0.04480062492733761,"{""geodesic"":false,""type"":""Point"",""coordinates"":[-75.70379304151221,9.202761567433143]}"
3709,0.0,0.1667707,774.2093,4.266433,1,0.378456,1.1424508,90.0,0.69236916,-0.616177,1.2820128,0.42292976389284476,"{""geodesic"":false,""type"":""Point"",""coordinates"":[-75.82440213154571,9.164520720379514]}"
3711,0.0,1.2189293,3000.0,18.134064,1,0.008955507,0.9018213,30.0,0.54038745,-0.54545456,0.15766855,0.5200150959652455,"{""geodesic"":false,""type"":""Point"",""coordinates"":[-76.03078159671809,8.66667724864152]}"
3714,0.0,-0.42924023,90.0,10.229197,1,0.011695197,0.9919136,30.0,0.59226716,-0.57428324,0.61602116,0.18451859055855557,"{""geodesic"":false,""type"":""Point"",""coordinates"":[-75.85638834232161,8.951186693823983]}"
3715,0.0,0.49080467,780.0,18.425777,1,0.08295287,0.36884436,30.0,0.45983803,-0.5354512,0.19113614,0.6562261856066606,"{""geodesic"":false,""type"":""Point"",""coordinates"":[-76.00179867383878,8.6358241047833]}"
3716,0.0,0.0,960.0,3.0,1,0.52885383,0.15531161,90.0,0.0304916,0.0030102348,0.0,0.23008393274748018,"{""geodesic"":false,""type"":""Point"",""coordinates"":[-75.80724371392363,9.183552098784531]}"
3717,0.0,0.0,216.33308,3.5,1,0.018828409,0.11828309,90.0,0.1986037,-0.24575138,0.0,0.5933607915404276,"{""geodesic"":false,""type"":""Point"",""coordinates"":[-75.7492850631404,9.149760949086225]}"
3718,0.0,0.0,1850.5404,3.0,1,2.8665438,0.15945983,40.0,0.46742338,-0.37094378,0.0,0.5352160737437296,"{""geodesic"":false,""type"":""Point"",""coordinates"":[-75.76861143883198,9.122316429171537]}"
3719,0.0,0.0,0.0,3.0,1,1297.4833,0.06834723,90.0,0.43613088,-0.41658482,0.0,0.6863174294100515,"{""geodesic"":false,""type"":""Point"",""coordinates"":[-75.71575487798265,9.176147710901041]}"
3720,0.0,-0.4212742,1281.6006,13.31949,1,0.3529925,0.3725706,30.0,0.6469907,-0.5886129,0.3873955,0.3068017499063601,"{""geodesic"":false,""type"":""Point"",""coordinates"":[-75.89824330328854,8.769843924044894]}"
3721,0.0,0.24813223,2522.8555,3.694411,1,0.24068852,0.44592804,90.0,0.7275126,-0.62720287,0.1410806,0.3889838551728718,"{""geodesic"":false,""type"":""Point"",""coordinates"":[-75.90701788625186,9.226997445028953]}"
3722,0.0,-0.043964624,2537.9717,4.229097,1,0.02718097,0.17805485,40.0,0.6300253,-0.49510056,0.8172805,0.6352721758755827,"{""geodesic"":false,""type"":""Point"",""coordinates"":[-75.7507883101733,9.085181607885692]}"
3723,0.0,0.40542793,361.24783,16.673985,1,0.008451734,1.6586573,30.0,0.6984494,-0.58448756,0.39729822,0.5883987338281484,"{""geodesic"":false,""type"":""Point"",""coordinates"":[-75.99348165154139,8.687124923937171]}"
3725,0.0,0.0,2256.3909,3.0,1,0.009371055,1.6395698,30.0,0.4333568,-0.44885474,0.0,0.6747260913164463,"{""geodesic"":false,""type"":""Point"",""coordinates"":[-75.6643783300814,9.153453811168216]}"
3726,0.0,-0.6159332,6403.788,3.9212906,1,0.06361386,0.0,90.0,0.74400854,-0.6561983,1.4030739,0.13562012560530234,"{""geodesic"":false,""type"":""Point"",""coordinates"":[-75.63266889770006,9.132617774544945]}"
3729,0.0,1.0437565,391.15213,25.602505,1,0.04740712,0.5796544,30.0,0.59166664,-0.58178055,0.075082846,0.29771979046095876,"{""geodesic"":false,""type"":""Point"",""coordinates"":[-75.96268466514957,8.476658166861604]}"
3730,0.0,-0.31446552,2671.5164,4.1591506,1,0.051495265,0.5525996,90.0,0.57420325,-0.5275389,0.22431538,0.562572484626588,"{""geodesic"":false,""type"":""Point"",""coordinates"":[-75.80713349628417,9.134713912470659]}"
3731,0.0,0.29614925,976.72925,3.0,1,0.011533667,2.5205765,90.0,0.1790393,-0.19831815,0.0,0.28516053143259246,"{""geodesic"":false,""type"":""Point"",""coordinates"":[-75.69701407399701,9.22719446735137]}"
3734,0.0,0.25274563,0.0,13.770564,1,316.3766,0.14140639,30.0,0.5928553,-0.605507,0.5076554,0.11891289293343899,"{""geodesic"":false,""type"":""Point"",""coordinates"":[-75.91924930768953,8.771963966701119]}"
3735,0.0,5.0870824,30.0,0.0,1,0.04981085,1.7214727,80.0,-0.41438848,0.4443686,0.0,0.2686164977085068,"{""geodesic"":false,""type"":""Point"",""coordinates"":[-75.93319891944728,9.317278122782957]}"
3736,0.0,-0.6698818,2059.7573,21.657143,1,0.050020315,0.7184892,30.0,0.64974874,-0.6386324,5.3627944,0.4545572026799999,"{""geodesic"":false,""type"":""Point"",""coordinates"":[-76.04741405878686,8.56787348890529]}"
3737,0.0,1.160357,2147.0444,3.0,1,0.026259325,1.6959721,90.0,0.47471994,-0.46254316,0.0,0.3833872715349831,"{""geodesic"":false,""type"":""Point"",""coordinates"":[-75.68454993632373,9.136051019926837]}"
3738,0.0,-0.20114374,0.0,5.1191626,1,522.46674,0.5651761,30.0,0.7570519,-0.63298094,0.30934167,0.5098410003954602,"{""geodesic"":false,""type"":""Point"",""coordinates"":[-75.81933667445814,9.217711602123027]}"
3739,54.88151,1.1041145,660.68146,10.996631,1,0.022911511,0.9505581,30.0,0.5582499,-0.5521134,0.057937507,0.22340063090071138,"{""geodesic"":false,""type"":""Point"",""coordinates"":[-75.84446848415051,8.870087660742602]}"
3740,0.0,-0.14682984,5431.3257,3.0,1,0.019962253,0.992116,90.0,0.42828196,-0.46127647,1.7830154,0.6974233246675243,"{""geodesic"":false,""type"":""Point"",""coordinates"":[-75.63895956760894,9.138847458012656]}"
3741,0.0,-1.2560787,2902.4128,4.989651,1,0.052324362,1.7787538,30.0,0.7694722,-0.67666936,0.33984104,0.07807365985096526,"{""geodesic"":false,""type"":""Point"",""coordinates"":[-75.86598712304527,9.198881316750048]}"
3742,0.0,1.0349555,161.55495,3.5,1,0.18199562,0.144169,30.0,0.56971085,-0.49298844,0.08536312,0.27528650394875054,"{""geodesic"":false,""type"":""Point"",""coordinates"":[-75.72734033416961,9.099338263318494]}"
3744,0.0,0.0,2997.8992,3.0,1,0.13891695,0.7850968,90.0,0.4297376,-0.3816679,0.0,0.6503583390325041,"{""geodesic"":false,""type"":""Point"",""coordinates"":[-75.70064559741397,9.12950836437487]}"
3746,0.0,0.0,957.18335,3.0,1,0.012958669,0.14869058,90.0,0.5825179,-0.5056633,0.0,0.6783640531481548,"{""geodesic"":false,""type"":""Point"",""coordinates"":[-75.73707310925283,9.18587270804574]}"
3747,0.0,0.9477577,3510.0,3.886507,1,0.008441999,0.36445394,40.0,0.5270753,-0.4563292,0.13583387,0.2441346618976986,"{""geodesic"":false,""type"":""Point"",""coordinates"":[-75.7844352255739,9.117398756557526]}"
3748,99.44875,-0.08434582,662.7217,10.836374,1,0.030317366,0.6157897,30.0,0.5704875,-0.55451226,0.40689093,0.615691436098457,"{""geodesic"":false,""type"":""Point"",""coordinates"":[-75.84419566991764,8.870088277311455]}"
3751,0.0,0.0,4159.0864,3.0,1,0.052293204,0.0,90.0,-0.06612411,0.08016032,0.0,0.18229315558596337,"{""geodesic"":false,""type"":""Point"",""coordinates"":[-75.6779532992327,9.112728783701273]}"
3752,0.0,-0.36753845,3674.847,15.632526,1,0.016947413,0.3961435,30.0,0.577656,-0.57395834,0.4111445,0.34733105990870505,"{""geodesic"":false,""type"":""Point"",""coordinates"":[-75.97026971290784,8.779161927122809]}"
3753,0.0,0.0,1299.7307,3.0,1,0.008491273,0.28009975,90.0,0.5474763,-0.4371408,0.0,0.47454484956697573,"{""geodesic"":false,""type"":""Point"",""coordinates"":[-75.74416753658322,9.183416207588754]}"
3754,0.0,1.0308509,870.0,2.7890167,1,0.043146808,0.9487411,30.0,0.6984479,-0.6209734,1.4053478,0.6947802596607126,"{""geodesic"":false,""type"":""Point"",""coordinates"":[-75.87698178956312,9.228157223000162]}"
3755,0.0,0.0,174.92856,3.0,1,0.016506951,1.8192608,30.0,0.56648165,-0.5224149,0.0,0.6722128825237728,"{""geodesic"":false,""type"":""Point"",""coordinates"":[-75.68377437795166,9.158844374519077]}"
3756,0.0,0.0,1350.0,3.0,1,0.044541914,1.0310853,30.0,0.31412375,-0.39635268,0.0,0.34950408949787404,"{""geodesic"":false,""type"":""Point"",""coordinates"":[-75.65652554090028,9.189012764757187]}"
3757,0.0,1.4587078,1842.0098,17.316536,1,0.08044999,0.46332765,30.0,0.42120343,-0.51836735,0.2731452,0.14568913408375694,"{""geodesic"":false,""type"":""Point"",""coordinates"":[-76.01557946025723,8.691407751995442]}"
3759,0.0,0.59254265,241.86774,20.130846,1,0.026504423,1.0463115,30.0,0.76360446,-0.6610637,0.1645653,0.07044899522227921,"{""geodesic"":false,""type"":""Point"",""coordinates"":[-75.93904724009451,8.617532971213933]}"
3760,0.0,0.11235547,1159.1808,1.0,1,3.2992067,0.13582116,90.0,-0.0020256583,0.14763552,0.0,0.39537882601728314,"{""geodesic"":false,""type"":""Point"",""coordinates"":[-75.94182835854902,9.37748680111682]}"
3761,0.19069919,-2.0134344,0.0,12.0,1,5788.587,0.25196078,80.0,0.35177866,-0.2609586,15.2220745,0.6319227325784045,"{""geodesic"":false,""type"":""Point"",""coordinates"":[-75.9060883064849,8.74323546689708]}"
3762,0.0,0.69053745,301.49628,10.940774,1,0.020488271,0.5099701,30.0,0.7032624,-0.61267793,0.19611238,0.32880876456038644,"{""geodesic"":false,""type"":""Point"",""coordinates"":[-75.88007810183667,8.930239287248108]}"
3763,0.0,0.0,0.0,3.0,1,708.74133,1.0165063,90.0,0.3956113,-0.30941176,0.0,0.18588701466215451,"{""geodesic"":false,""type"":""Point"",""coordinates"":[-75.67483530739713,9.196576300377075]}"
3764,0.0,0.0,829.759,3.0,1,0.012415666,1.1123598,30.0,0.5838588,-0.46957877,0.0,0.6351474324953817,"{""geodesic"":false,""type"":""Point"",""coordinates"":[-75.68544437103515,9.175392450704198]}"
3765,0.0,0.33042908,570.78894,9.816528,1,0.66551995,0.054479074,30.0,0.54571354,-0.5409244,0.49047542,0.6825889093550961,"{""geodesic"":false,""type"":""Point"",""coordinates"":[-75.86509593716534,8.940856147225427]}"
3766,0.0,-0.30863833,150.0,3.9039245,1,0.021148816,1.0720229,90.0,0.6365092,-0.57473034,0.5938011,0.6900454351187841,"{""geodesic"":false,""type"":""Point"",""coordinates"":[-75.75530260624419,9.154903693422474]}"
3767,0.18670888,1.3338823,3618.5771,15.744021,1,0.04966625,4.0064845,30.0,0.15915915,0.07949126,1.8418323,0.2886689790197654,"{""geodesic"":false,""type"":""Point"",""coordinates"":[-75.88490858687634,9.120966717948855]}"
3768,0.0,0.18866086,4212.8374,3.7226372,1,0.029311731,0.27066636,30.0,0.59815747,-0.6232594,0.5011269,0.6714976606399877,"{""geodesic"":false,""type"":""Point"",""coordinates"":[-75.76168406576147,9.07403456316022]}"
3770,0.0,2.1939335,764.8529,21.618435,1,0.02419124,2.9908059,30.0,0.6526419,-0.5888993,1.6825739,0.16191938148011364,"{""geodesic"":false,""type"":""Point"",""coordinates"":[-75.9596886934556,8.58655127456578]}"
3771,0.0,-0.41127968,551.5433,20.197142,1,3.099385,0.100263014,30.0,0.43672627,-0.48208585,0.26195198,0.654833461365329,"{""geodesic"":false,""type"":""Point"",""coordinates"":[-76.01564776054525,8.615167565904283]}"
3773,0.0,0.06506348,1385.2075,5.8349304,1,0.015150845,0.8493937,30.0,0.58438927,-0.5847909,0.15802258,0.5649595706068584,"{""geodesic"":false,""type"":""Point"",""coordinates"":[-75.85819803993184,9.139209287375456]}"
3774,0.0,1.0116653,474.34164,11.3173275,1,0.008446481,1.6225492,30.0,0.628119,-0.5730181,0.9698685,0.3743432020019223,"{""geodesic"":false,""type"":""Point"",""coordinates"":[-75.87460093807705,8.921841205522679]}"
3775,0.0,3.7514153,603.73834,24.334944,1,0.11148832,2.2755196,30.0,0.4654011,-0.52858514,0.91294265,0.15635939632062446,"{""geodesic"":false,""type"":""Point"",""coordinates"":[-75.97639027806504,8.508097483814922]}"
3776,0.0,1.846508,212.13203,1.0613213,1,0.031022782,0.46263787,90.0,0.5412437,-0.51433915,0.115445755,0.451875973925874,"{""geodesic"":false,""type"":""Point"",""coordinates"":[-75.9213553156974,9.383780882955099]}"
3777,0.0,-0.25974274,30.0,17.086645,1,115.3916,0.07212646,30.0,0.76776916,-0.6602776,0.3085578,0.5620860664881908,"{""geodesic"":false,""type"":""Point"",""coordinates"":[-75.99943443183287,8.669745030900721]}"
3779,0.0,-0.55961037,488.36462,13.848683,1,0.033064157,0.37527773,30.0,0.7879811,-0.6819818,0.22597909,0.6377923411796764,"{""geodesic"":false,""type"":""Point"",""coordinates"":[-75.93533937662795,8.771381814099946]}"
3781,0.0,0.36660767,4693.8257,4.765134,1,0.100764714,2.6862438,30.0,0.55402446,-0.5174312,0.36871377,0.3837996380791254,"{""geodesic"":false,""type"":""Point"",""coordinates"":[-75.8793395900707,9.187724918610686]}"
3782,0.0,0.3069353,84.85281,10.877751,1,0.013563473,1.7151343,30.0,0.52348536,-0.5323519,0.37410253,0.6506894571893385,"{""geodesic"":false,""type"":""Point"",""coordinates"":[-75.87024754552796,8.927006581856249]}"
3783,0.0,0.78692055,474.34164,19.92813,1,0.08492586,0.8589734,30.0,0.5665446,-0.5737504,0.20542589,0.23865768600989257,"{""geodesic"":false,""type"":""Point"",""coordinates"":[-76.02521049210763,8.623010349375681]}"
3784,0.0,0.2074337,4221.481,1.9822011,1,0.008438133,0.3864803,30.0,0.6468411,-0.6181818,0.54252505,0.6543292665548723,"{""geodesic"":false,""type"":""Point"",""coordinates"":[-75.95468326699293,9.282493223149503]}"
3785,0.0,1.8046341,742.159,16.940977,1,0.015081542,1.0976418,30.0,0.5749919,-0.5015442,0.1668846,0.23403029110655726,"{""geodesic"":false,""type"":""Point"",""coordinates"":[-75.9564218239596,8.69644461719319]}"
3786,0.0,-0.095588684,4579.3013,24.070583,1,0.7668825,0.0392069,30.0,0.54469365,-0.5369753,0.6455558,0.05625545305459323,"{""geodesic"":false,""type"":""Point"",""coordinates"":[-76.04707847585006,8.544812582459414]}"
3787,0.0,1.4979572,4793.3394,21.70754,1,18.20977,0.36553273,30.0,0.5391858,-0.5477583,0.13353594,0.41704875292693,"{""geodesic"":false,""type"":""Point"",""coordinates"":[-76.0222838477544,8.548134625967942]}"
3788,0.0,0.54352665,1920.0,11.892282,1,0.19895248,0.7611929,30.0,0.53933936,-0.54583836,0.3382848,0.19849776255876395,"{""geodesic"":false,""type"":""Point"",""coordinates"":[-75.88898005889935,8.887891724595796]}"
3789,0.0,-0.57784843,3216.0225,18.996809,1,1.1044366,0.56523085,30.0,0.5561056,-0.5591072,1.0067471,0.12658468917514143,"{""geodesic"":false,""type"":""Point"",""coordinates"":[-76.02839420282797,8.691102064085298]}"
3790,0.0,0.3099227,247.38634,7.0811696,1,0.022678832,1.1658757,30.0,0.5347849,-0.5587918,0.37560272,0.6971395089145777,"{""geodesic"":false,""type"":""Point"",""coordinates"":[-75.8329285446194,9.073607816032279]}"
3791,0.0,0.0,1913.4263,3.0,1,0.008441026,1.5345013,90.0,0.49030206,-0.43092656,0.0,0.5662191906465847,"{""geodesic"":false,""type"":""Point"",""coordinates"":[-75.66384232183097,9.15888145326049]}"
3792,0.0,-0.97487664,1302.4976,3.0,1,0.016598767,2.8068619,90.0,0.4940226,-0.37619048,1.1035669,0.694082273745343,"{""geodesic"":false,""type"":""Point"",""coordinates"":[-75.8045266556973,9.189527296374441]}"
3793,0.0,5.1320972,1080.0,19.81462,1,0.0121446,1.0596515,30.0,0.4958184,-0.5485467,0.23503055,0.2539814354661347,"{""geodesic"":false,""type"":""Point"",""coordinates"":[-76.0031338932579,8.625239209360547]}"
3794,0.0,-1.60009,2083.8667,27.395071,1,0.008455249,2.779933,30.0,0.6818043,-0.6008123,8.8318615,0.5807321393270406,"{""geodesic"":false,""type"":""Point"",""coordinates"":[-75.99551519983092,8.526227460394072]}"
3795,0.0,0.68464637,4446.684,3.788762,1,0.008440138,1.2087816,30.0,0.6699801,-0.60152525,0.5399586,0.60878558957217,"{""geodesic"":false,""type"":""Point"",""coordinates"":[-75.88946614964611,9.197196268650874]}"
3800,0.0,0.0,872.0665,3.0,1,47.69989,0.0,80.0,0.43501368,-0.3634277,0.0,0.08878470264384397,"{""geodesic"":false,""type"":""Point"",""coordinates"":[-75.77234048787474,9.205605831970006]}"
3801,0.0,0.1101799,2919.8801,19.331375,1,5.0781446,1.5626843,30.0,0.54498786,-0.55296034,0.55646044,0.11172348094759044,"{""geodesic"":false,""type"":""Point"",""coordinates"":[-76.03184853386206,8.65799227907394]}"
3802,0.0,-0.18616676,330.0,14.2613735,1,0.016306054,0.8089221,30.0,0.4803457,-0.5672963,0.21375607,0.46038748056011525,"{""geodesic"":false,""type"":""Point"",""coordinates"":[-75.93149000040253,8.758910530063725]}"
3803,0.0,-0.91967773,6098.9346,12.01906,1,0.008938646,1.4219857,30.0,0.5827708,-0.4925735,0.8336954,0.468815683314746,"{""geodesic"":false,""type"":""Point"",""coordinates"":[-75.94577460480674,9.219300810841066]}"
3804,0.0,0.11866188,870.0,18.584381,1,1.8063089,0.034215022,30.0,0.46911898,-0.51345026,0.5353777,0.5458228416492032,"{""geodesic"":false,""type"":""Point"",""coordinates"":[-75.99962119265861,8.637186379610643]}"
3805,0.0,0.40323067,442.9447,17.070778,1,1.174061,0.01932504,30.0,0.6533208,-0.6141642,0.98381823,0.26279294392073693,"{""geodesic"":false,""type"":""Point"",""coordinates"":[-76.00491929206633,8.681668599968837]}"
3806,0.0,2.034357,2651.7354,18.79237,1,0.008652899,1.0889877,30.0,0.5465368,-0.5507325,0.34920412,0.4017758544216171,"{""geodesic"":false,""type"":""Point"",""coordinates"":[-75.9965418953682,8.606535384275798]}"
3807,0.0,1.1895847,755.3807,17.100367,1,0.010786715,3.548278,30.0,0.46310055,-0.52111226,0.2973374,0.1495019961651085,"{""geodesic"":false,""type"":""Point"",""coordinates"":[-75.99124194128198,8.664882647837707]}"
3809,0.0,0.42089152,1012.02765,3.9641683,1,59.31562,0.18847206,40.0,0.41679654,-0.42518726,1.2899257,0.12621284627873797,"{""geodesic"":false,""type"":""Point"",""coordinates"":[-75.74810188480303,9.10607947016552]}"
3810,0.0,-0.37062693,1972.942,3.6564026,1,0.0455889,1.4828576,40.0,0.5653935,-0.5334467,1.004843,0.5220829922706147,"{""geodesic"":false,""type"":""Point"",""coordinates"":[-75.7633833731493,9.103063153512295]}"
3812,0.0,0.0,0.0,3.0,1,1403.7318,1.1203188,90.0,0.15337062,-0.11401763,0.0,0.00886280309601939,"{""geodesic"":false,""type"":""Point"",""coordinates"":[-75.70956494424378,9.221472002791833]}"
3813,0.0,3.1650105,276.58633,24.926813,1,0.008508927,3.7726142,30.0,0.5799615,-0.58695054,0.31310758,0.3701017456661061,"{""geodesic"":false,""type"":""Point"",""coordinates"":[-75.95644552145,8.48834042239632]}"
3814,0.0,-0.54971695,1913.4263,4.49673,1,0.035053696,0.8455157,90.0,0.70027035,-0.6106842,0.8002549,0.575739279577939,"{""geodesic"":false,""type"":""Point"",""coordinates"":[-75.85555223352478,9.174487325974095]}"
3818,0.0,0.119240046,1440.0,3.0,1,0.16967055,0.9383082,90.0,0.64607805,-0.57963634,0.0,0.23618374506509943,"{""geodesic"":false,""type"":""Point"",""coordinates"":[-75.84525576085068,9.207884105723867]}"
3819,0.0,-0.06649685,5392.411,6.0891304,1,5.417091,0.06591639,30.0,0.4588957,-0.4830059,0.2519544,0.6627329135182816,"{""geodesic"":false,""type"":""Point"",""coordinates"":[-75.72987713100676,9.003553388343862]}"
3820,0.0,0.030731201,1798.2491,13.215675,1,0.38110688,0.2489279,30.0,0.38991705,-0.48264125,0.24464265,0.5629079877243055,"{""geodesic"":false,""type"":""Point"",""coordinates"":[-75.9098200776785,8.819739624177059]}"
3822,0.0,5.0137005,9571.316,22.597124,1,4.1926365,0.37187284,30.0,0.59497344,-0.59112823,1.4555284,0.08602423064744236,"{""geodesic"":false,""type"":""Point"",""coordinates"":[-75.98568235465054,8.831757481137172]}"
3824,0.0,0.6082001,366.19666,10.989014,1,0.021230403,0.44202885,30.0,0.44664842,-0.49469966,0.09095025,0.14194413198798705,"{""geodesic"":false,""type"":""Point"",""coordinates"":[-75.87398113054005,8.890640423807822]}"
3825,0.0,-1.1208229,1018.6756,17.036888,1,0.008451141,0.6609647,30.0,0.608421,-0.5869436,1.2879386,0.12618258934252002,"{""geodesic"":false,""type"":""Point"",""coordinates"":[-75.99682329227666,8.713434007395998]}"
3826,0.0,1.3456323,2418.1191,3.0,1,0.020412773,2.3715916,30.0,0.29379892,-0.41195795,0.0,0.08957417081494634,"{""geodesic"":false,""type"":""Point"",""coordinates"":[-75.65185714392774,9.174640561472645]}"
3827,0.0,0.0,2227.4873,0.0,1,0.4674473,0.0,90.0,0.30141845,-0.13975155,0.0,0.007189228168504647,"{""geodesic"":false,""type"":""Point"",""coordinates"":[-75.90435301996811,9.359135090626136]}"
3828,0.0,0.27466154,30.0,3.0,1,0.00844091,0.84297144,90.0,0.23546745,-0.18560411,0.0,0.09475132522797336,"{""geodesic"":false,""type"":""Point"",""coordinates"":[-75.75095285964764,9.16386656055068]}"
3829,0.0,1.7636781,6470.8965,7.351199,1,0.045336645,0.878254,30.0,0.8099526,-0.6862788,0.18249111,0.40755443341422604,"{""geodesic"":false,""type"":""Point"",""coordinates"":[-75.64719198197008,8.855015227532924]}"
3830,0.0,-0.94438195,360.0,4.478214,1,0.012347207,0.5236487,30.0,0.6075703,-0.59381896,0.55615723,0.05672730585079866,"{""geodesic"":false,""type"":""Point"",""coordinates"":[-75.88657829977772,9.24359882633171]}"
3831,0.0,0.19278896,3870.1162,1.9270787,1,0.022227058,0.995395,30.0,0.6169783,-0.57713157,1.0093219,0.5702417666126193,"{""geodesic"":false,""type"":""Point"",""coordinates"":[-75.9812912880771,9.32393164915632]}"
3832,0.0,0.33490324,300.0,3.0,1,0.04112483,2.1510792,30.0,0.28944653,-0.34831056,1.1123703,0.5129887379542049,"{""geodesic"":false,""type"":""Point"",""coordinates"":[-75.74222286071382,9.167411834938441]}"
3834,0.0,0.34356308,551.5433,26.078596,1,0.06632929,0.5073405,30.0,0.60918885,-0.5805014,0.22613789,0.0076869344575103415,"{""geodesic"":false,""type"":""Point"",""coordinates"":[-75.96922925386036,8.478269909430107]}"
3835,0.0,1.1794243,778.8453,13.334042,1,0.01555912,0.65380114,30.0,0.6886715,-0.61454546,0.7683075,0.2982439360132303,"{""geodesic"":false,""type"":""Point"",""coordinates"":[-75.90025923487909,8.814064870513537]}"
3836,0.0,0.8065281,2448.4485,23.912924,1,6.031946,0.09473112,30.0,0.6479592,-0.6087438,0.94837606,0.09139905137524751,"{""geodesic"":false,""type"":""Point"",""coordinates"":[-76.00525845116316,8.499884360374502]}"
3837,0.0,-0.67468023,960.4686,4.1162505,1,0.017522607,0.32948306,30.0,0.45913008,-0.40339532,0.18333411,0.06964014559535947,"{""geodesic"":false,""type"":""Point"",""coordinates"":[-75.68518173446719,9.180819579164282]}"
3838,0.0,0.9004755,1745.4226,14.181899,1,0.009051737,0.8646705,30.0,0.5426357,-0.5406452,0.68676174,0.19236953314179728,"{""geodesic"":false,""type"":""Point"",""coordinates"":[-75.92339539605533,8.794202259021665]}"
3839,0.0,0.0,1689.6154,3.0,1,0.008440065,1.0035603,90.0,0.5312553,-0.44603506,0.0,0.6890131502093264,"{""geodesic"":false,""type"":""Point"",""coordinates"":[-75.72781791801818,9.200000581492292]}"
3842,0.0,3.376995,1999.45,21.243778,1,0.3571223,0.4113226,30.0,0.7186499,-0.6445073,0.1509143,0.2259095609289533,"{""geodesic"":false,""type"":""Point"",""coordinates"":[-76.03488126730676,8.570077794558749]}"
3843,0.0,0.7233858,2125.1353,14.682463,1,0.009304495,0.5554701,30.0,0.40659925,-0.4923772,0.32785437,0.20470796871222363,"{""geodesic"":false,""type"":""Point"",""coordinates"":[-75.92721325570224,8.7939215596161]}"
3845,0.0,0.71050096,192.09373,4.127771,1,0.008439614,1.20003,30.0,0.40235752,-0.4501131,0.099940106,0.2660534378233985,"{""geodesic"":false,""type"":""Point"",""coordinates"":[-75.78520479425323,9.219144297620911]}"
3846,0.0,0.0,1020.0,3.0,1,0.030572636,0.7668916,90.0,0.27351248,-0.21408966,0.0,0.47615470740415033,"{""geodesic"":false,""type"":""Point"",""coordinates"":[-75.6903027701053,9.146079404790896]}"
3848,0.0,0.0,577.0615,3.0,1,0.043916266,0.5836553,90.0,0.24160756,-0.20018281,0.0,0.16840771448328273,"{""geodesic"":false,""type"":""Point"",""coordinates"":[-75.75496043087529,9.12207370065049]}"
3850,0.0,0.0,1462.6346,3.0,1,26.773344,0.9732841,30.0,0.3717346,-0.46757966,0.0,0.17315355600740634,"{""geodesic"":false,""type"":""Point"",""coordinates"":[-75.66059992110675,9.177338024420488]}"
3852,5.07813,0.35429144,480.0,4.4531646,1,0.03906032,0.13342455,30.0,0.62821764,-0.5480884,0.18974917,0.03659177392860735,"{""geodesic"":false,""type"":""Point"",""coordinates"":[-75.71994510792317,9.087143056919933]}"
3853,0.0,0.0,218.40329,3.0,1,0.010939661,1.0325729,90.0,0.2859395,-0.27879134,0.0,0.3887252438867166,"{""geodesic"":false,""type"":""Point"",""coordinates"":[-75.77918213267023,9.212374247723039]}"
3854,0.0,2.2285016,3251.2305,4.213113,1,0.023143847,2.043427,30.0,0.54302996,-0.587553,1.2344859,0.3724227116415876,"{""geodesic"":false,""type"":""Point"",""coordinates"":[-75.91684520013251,9.225615943678358]}"
3855,0.0,0.0,697.7822,3.0,1,0.0456102,0.0,90.0,-0.2699115,0.26573426,0.0,0.15334626866122492,"{""geodesic"":false,""type"":""Point"",""coordinates"":[-75.74642764648677,9.219498132780318]}"
3856,0.0,0.0,1187.9395,8.5,1,4.7194996,0.22964956,90.0,0.26937127,-0.2787139,0.0,0.21607201012562838,"{""geodesic"":false,""type"":""Point"",""coordinates"":[-75.7656149216512,8.732963409165317]}"
3857,0.0,0.0,1384.2327,3.0,1,0.02138522,0.8269086,30.0,0.5443488,-0.5592659,0.0,0.15089269172748832,"{""geodesic"":false,""type"":""Point"",""coordinates"":[-75.67502067077056,9.150178156044328]}"
3858,0.0,0.0,384.18747,3.0,1,0.010219412,0.15026908,90.0,0.17123288,-0.12759644,0.0,0.23456038090795672,"{""geodesic"":false,""type"":""Point"",""coordinates"":[-75.70917414207216,9.162322831207735]}"
3859,0.0,-1.3414917,713.09186,9.5346365,1,0.64945227,0.12009113,90.0,0.22224323,-0.24340966,0.47882396,0.08542603257471837,"{""geodesic"":false,""type"":""Point"",""coordinates"":[-75.77215180636372,8.728880163054546]}"
3861,0.0,0.14041328,952.9428,11.684743,1,0.052682135,1.0019487,30.0,0.35324764,-0.45373136,0.49445853,0.590670580978436,"{""geodesic"":false,""type"":""Point"",""coordinates"":[-75.87916872805697,8.892256166688682]}"
3863,0.0,4.142315,7684.9204,34.272346,1,0.119236626,9.128412,30.0,0.0010131713,0.20386785,3.2746193,0.61215911691803,"{""geodesic"":false,""type"":""Point"",""coordinates"":[-75.57192081109213,8.872232364702821]}"
3865,0.0,4.1696854,1206.7311,17.70242,1,0.008451814,1.300055,30.0,0.6732984,-0.59768045,2.0481768,0.06942434858822277,"{""geodesic"":false,""type"":""Point"",""coordinates"":[-75.95720613246515,8.683147926473275]}"
3866,0.0,0.49993515,1857.3368,18.747477,1,0.011633739,0.38970774,30.0,0.54105574,-0.5624381,0.43922764,0.03284822279253019,"{""geodesic"":false,""type"":""Point"",""coordinates"":[-75.99522779299275,8.625259789492548]}"
3867,0.0,0.43715453,611.8823,3.7314084,1,0.0084409285,0.9595339,30.0,0.4190834,-0.43897608,0.25294903,0.25410374299878735,"{""geodesic"":false,""type"":""Point"",""coordinates"":[-75.74303240510271,9.162797589790637]}"
3868,0.0,0.39452195,2721.2498,3.8901577,1,0.078652024,0.47118622,40.0,0.66389716,-0.57969934,1.1198465,0.026878377936838893,"{""geodesic"":false,""type"":""Point"",""coordinates"":[-75.70854972281974,9.122709761000685]}"
3869,0.0,0.0,2830.9893,3.0,1,0.008441691,1.122071,90.0,0.2232376,-0.21846554,0.0,0.6055697148571367,"{""geodesic"":false,""type"":""Point"",""coordinates"":[-75.681262827148,9.130359221921575]}"
3871,0.0,-0.8625941,4323.02,4.822972,1,0.035764325,0.2649646,40.0,0.39196256,-0.45211774,0.806301,0.12249158696221063,"{""geodesic"":false,""type"":""Point"",""coordinates"":[-75.659614106565,9.086714411904818]}"
3874,0.0,1.4010057,2871.55,3.0,1,0.008441083,2.7891212,30.0,0.38979247,-0.45829043,0.9263824,0.6169612627242637,"{""geodesic"":false,""type"":""Point"",""coordinates"":[-75.65482744292692,9.156455862064712]}"
3875,0.0,0.8897724,134.16408,20.170946,1,0.008860775,1.0560906,30.0,0.6506091,-0.6170328,0.2392825,0.06225303785467895,"{""geodesic"":false,""type"":""Point"",""coordinates"":[-76.02518490558357,8.613514342078712]}"
3876,0.0,0.0,742.7651,3.0,1,0.107457235,0.28372127,90.0,0.35532516,-0.21916066,0.0,0.6278898785926494,"{""geodesic"":false,""type"":""Point"",""coordinates"":[-75.72939197304642,9.168523240527119]}"
3880,0.0,0.7710011,3103.3691,3.0,1,0.010948643,0.3693647,30.0,0.42258602,-0.48329234,0.9924745,0.10103272712155664,"{""geodesic"":false,""type"":""Point"",""coordinates"":[-75.70637149517962,9.1256986420289]}"
3881,0.0,0.015712023,1620.0,4.210917,1,0.024181947,0.8315175,30.0,0.53422505,-0.5163297,1.0355219,0.08032107807113986,"{""geodesic"":false,""type"":""Point"",""coordinates"":[-75.72467659300428,9.132174529340782]}"
3882,0.0,-0.06232834,2482.942,4.225041,1,0.008442696,0.35989878,40.0,0.7067102,-0.6094324,0.18086171,0.11259618546183936,"{""geodesic"":false,""type"":""Point"",""coordinates"":[-75.75106468215746,9.086809014246091]}"
3884,0.0,1.2786133,2622.556,3.7633553,1,0.046547648,0.561109,40.0,0.39621064,-0.48915306,1.5754766,0.021655339570774923,"{""geodesic"":false,""type"":""Point"",""coordinates"":[-75.66654243502028,9.142596518617124]}"
3885,0.0,0.0,674.16614,3.0,1,0.22131523,0.0,90.0,-0.14641555,0.13988368,0.0,0.13300349438203318,"{""geodesic"":false,""type"":""Point"",""coordinates"":[-75.74013597378833,9.214355896804033]}"
3888,0.0,0.0,1070.7941,3.0,1,0.15038592,0.6342476,90.0,0.15068494,-0.06989748,0.0,0.20050434752587576,"{""geodesic"":false,""type"":""Point"",""coordinates"":[-75.69445461099338,9.175103926831266]}"
3889,0.0,1.105217,655.2099,11.801181,1,0.28988877,0.23049964,30.0,0.62057716,-0.60926986,0.45580775,0.0912416061357395,"{""geodesic"":false,""type"":""Point"",""coordinates"":[-75.86888623370753,8.812239422038179]}"
3890,0.0,1.2350235,4816.845,26.415678,1,1.8548054,0.64405257,30.0,0.6351315,-0.59534514,0.17123589,0.3495686253145607,"{""geodesic"":false,""type"":""Point"",""coordinates"":[-76.02969901632436,8.466991021938624]}"
3895,0.0,-0.016525269,284.60498,16.65778,1,0.008451001,0.7916929,30.0,0.68546635,-0.6332107,0.14001182,0.6041858495983272,"{""geodesic"":false,""type"":""Point"",""coordinates"":[-75.97284350903115,8.72000780350835]}"
3897,0.0,0.80278456,2804.1577,0.5,1,83.64537,0.1954793,90.0,0.14324693,-0.1143617,0.35857534,0.22063486876414362,"{""geodesic"":false,""type"":""Point"",""coordinates"":[-75.97448367293866,9.331547039186582]}"
3899,0.0,0.0022029877,1110.0,14.675141,1,0.018332561,0.6745341,30.0,0.3806044,-0.5349144,0.5130299,0.676499809754692,"{""geodesic"":false,""type"":""Point"",""coordinates"":[-75.92738163286505,8.751866251516853]}"
3900,0.0,0.30995274,228.47319,10.595057,1,0.015725108,0.8781481,40.0,0.213858,-0.3710145,0.4671957,0.6329014351476757,"{""geodesic"":false,""type"":""Point"",""coordinates"":[-75.85740309284749,8.9183540739665]}"
3902,0.0,1.1927153,626.4184,1.5,1,4.752059,0.5123941,30.0,0.7235943,-0.5864571,1.1281644,0.469122779925361,"{""geodesic"":false,""type"":""Point"",""coordinates"":[-75.90543553382918,9.248978095116975]}"
3903,0.0,0.0,3172.775,3.0,1,0.014917952,0.2324527,90.0,0.09618875,0.009836066,0.0,0.4117007063978704,"{""geodesic"":false,""type"":""Point"",""coordinates"":[-75.88020567752986,9.20671515242185]}"
3905,0.0,0.4293828,1950.0,4.1299925,1,0.017619545,1.0558587,30.0,0.57438797,-0.61434484,0.37006518,0.4032961173831574,"{""geodesic"":false,""type"":""Point"",""coordinates"":[-75.91773396058996,9.252473953273558]}"
3906,0.0,0.0,1404.564,3.0,1,0.023948105,0.98667437,90.0,-0.10785619,0.18292683,0.0,0.5700551675442866,"{""geodesic"":false,""type"":""Point"",""coordinates"":[-75.6884662838539,9.18488330589934]}"
3908,0.0,1.2034781,2629.924,3.5,1,0.1645404,0.3009495,40.0,0.29007164,-0.29404518,0.47168627,0.15325584084981714,"{""geodesic"":false,""type"":""Point"",""coordinates"":[-75.77309378856924,9.175215672472882]}"
3909,0.0,0.5968933,2163.7468,15.59657,1,0.09897782,0.52413446,30.0,0.47047922,-0.55053043,0.23701005,0.053605897711621275,"{""geodesic"":false,""type"":""Point"",""coordinates"":[-75.96368691524435,8.764798880116759]}"
3910,0.0,0.28279686,1110.0,24.477842,1,0.03265631,0.237258,30.0,0.53846157,-0.56416094,0.055518128,0.13307164839677654,"{""geodesic"":false,""type"":""Point"",""coordinates"":[-75.98159761977433,8.519479874024293]}"
3911,0.0,0.0,283.01944,3.0,1,65.70992,0.46047008,90.0,0.2915054,-0.2222865,0.0,0.0059315920539940725,"{""geodesic"":false,""type"":""Point"",""coordinates"":[-75.75385416224707,9.115292783264726]}"
3912,0.0,0.0,296.98486,3.0,1,0.18938336,0.06179843,90.0,0.55057186,-0.46669495,0.0,0.6520441835431471,"{""geodesic"":false,""type"":""Point"",""coordinates"":[-75.71738447187658,9.171803204181675]}"
3914,0.0,0.88874054,566.0389,10.632331,1,0.40027374,0.5707241,30.0,0.60643744,-0.6005831,0.17399615,0.35189164425586505,"{""geodesic"":false,""type"":""Point"",""coordinates"":[-75.86519405083037,8.86651301322547]}"
3916,0.0,0.0,1171.5375,3.0,1,0.28301734,0.20189053,90.0,0.597603,-0.58643264,0.0,0.0835836647477356,"{""geodesic"":false,""type"":""Point"",""coordinates"":[-75.70375071130852,9.181326555590282]}"
3917,0.0,1.4341888,810.55536,16.047972,1,0.012520546,1.1996579,90.0,0.6051081,-0.62425447,0.16014759,0.006490153791594233,"{""geodesic"":false,""type"":""Point"",""coordinates"":[-75.97635333665744,8.70643284595787]}"
3920,0.0,1.1806269,390.0,9.7931185,1,1.0820254,0.019498307,30.0,0.732669,-0.6406154,0.42409718,0.26268620904593365,"{""geodesic"":false,""type"":""Point"",""coordinates"":[-75.86346577727237,8.943844512025903]}"
3922,0.0,0.13581467,1783.9282,5.864334,1,0.059609894,2.339531,30.0,0.46878982,-0.50571334,0.12020546,0.1645337385043878,"{""geodesic"":false,""type"":""Point"",""coordinates"":[-75.86308814980147,9.129158803820717]}"
3923,4.410172,8.503136,1390228.5,70.84224,1,0.22171514,0.5421427,30.0,0.13761468,-0.0035971224,1.7810913,0.4935700277890597,"{""geodesic"":false,""type"":""Point"",""coordinates"":[-76.18329229789595,8.523530034769292]}"
3924,0.0,-0.28401184,216.33308,10.463174,1,0.27489954,0.15914479,30.0,0.31522387,-0.4541254,0.20699738,0.3564665513544223,"{""geodesic"":false,""type"":""Point"",""coordinates"":[-75.87207326456324,8.891458864735217]}"
3925,0.0,0.0,1050.0,3.0,1,0.023355441,0.01653858,90.0,0.35395494,-0.26246396,0.0,0.38482229730287254,"{""geodesic"":false,""type"":""Point"",""coordinates"":[-75.7036967428726,9.15392226271558]}"
3927,0.0,0.0,1875.4199,3.0,1,0.010241442,0.96076983,30.0,0.514202,-0.5363143,0.0,0.58305341937059,"{""geodesic"":false,""type"":""Point"",""coordinates"":[-75.69438351427091,9.138474331541824]}"
3928,0.0,0.57667255,254.55844,11.025241,1,0.011035983,0.78707665,30.0,0.52540195,-0.534282,1.0539291,0.6315586433086819,"{""geodesic"":false,""type"":""Point"",""coordinates"":[-75.86281743186493,8.90016279791435]}"
3929,0.0,0.0,1094.8972,3.0,1,124.270836,0.0032154846,90.0,0.07114399,0.012073491,0.0,0.37036258139881195,"{""geodesic"":false,""type"":""Point"",""coordinates"":[-75.65898012414293,9.187380296599592]}"
3930,0.0,0.8145218,617.7378,25.791485,1,0.036364097,0.28455523,30.0,0.6048738,-0.5787671,0.18081461,0.1302568047302417,"{""geodesic"":false,""type"":""Point"",""coordinates"":[-75.96378286225013,8.479911335510051]}"
3931,0.0,-0.24109745,90.0,10.514947,1,0.008446174,1.300572,30.0,0.53657824,-0.5158137,1.8049495,0.18577347361910224,"{""geodesic"":false,""type"":""Point"",""coordinates"":[-75.86699252061108,8.935153915676947]}"
3932,0.0,1.4317665,7380.244,34.11041,1,27.211071,2.7963786,30.0,0.64462197,-0.6089159,2.5114393,0.4588425587091879,"{""geodesic"":false,""type"":""Point"",""coordinates"":[-75.69605137641838,8.72251529319278]}"
3933,0.0,-0.35595512,2745.7786,18.924341,1,0.016772687,0.17340407,30.0,0.4900962,-0.56075877,0.17929077,0.42549320099138177,"{""geodesic"":false,""type"":""Point"",""coordinates"":[-75.99219001060247,8.61034510338704]}"
3934,0.0,0.0,3311.5706,3.0,1,2.6892943,0.0,30.0,0.6095569,-0.56968,0.0,0.023007634087274242,"{""geodesic"":false,""type"":""Point"",""coordinates"":[-75.64855438115605,9.16026581819868]}"
3936,0.0,1.9395523,5191.9937,15.062964,1,22.245989,0.5986975,30.0,0.67060214,-0.6125356,0.21482976,0.667777777674729,"{""geodesic"":false,""type"":""Point"",""coordinates"":[-75.96079309038358,8.806046769057687]}"
3937,0.0,0.029479027,618.4658,10.323065,1,0.010181782,1.2800598,40.0,0.6705584,-0.6081114,0.62497926,0.5341355375611281,"{""geodesic"":false,""type"":""Point"",""coordinates"":[-75.86333576807169,8.888494633067083]}"
3938,0.0,0.0,1618.0544,4.0,1,4.548079,0.002254248,90.0,0.13188648,-3.6886756E-4,0.0,0.3046095860247493,"{""geodesic"":false,""type"":""Point"",""coordinates"":[-75.66390365749814,9.044107145875097]}"
3939,0.0,0.0,0.0,3.0,1,616.7894,0.50854224,90.0,0.22267014,-0.22238028,0.0,0.6745233531807775,"{""geodesic"":false,""type"":""Point"",""coordinates"":[-75.67702554599002,9.199556845350102]}"
3940,0.0,0.060426712,270.0,24.472311,1,0.046432313,0.5474633,30.0,0.75478023,-0.6723652,0.15264603,0.6957633442306603,"{""geodesic"":false,""type"":""Point"",""coordinates"":[-75.97768977545319,8.483132605550399]}"
3941,0.0,0.37295198,924.1753,6.247077,1,5.582281,0.14234982,30.0,0.57464963,-0.5317131,0.38487384,0.3284753954871573,"{""geodesic"":false,""type"":""Point"",""coordinates"":[-75.57725979151984,8.970992153816635]}"
3943,0.0,-0.44855785,295.46573,2.3916817,1,0.016377069,0.2310319,90.0,0.68719405,-0.6506176,0.38447407,0.47515737468728403,"{""geodesic"":false,""type"":""Point"",""coordinates"":[-75.931544944768,9.311584861617815]}"
3944,0.0,0.0,4354.963,3.0,1,0.011822628,0.23485433,90.0,0.017451432,0.011832427,0.0,0.5656955579843983,"{""geodesic"":false,""type"":""Point"",""coordinates"":[-75.67439708936074,9.108936726673132]}"
3945,0.0,0.21532583,2263.559,3.0,1,0.010801771,0.40388379,30.0,0.36104044,-0.4572423,0.0,0.2606704580739805,"{""geodesic"":false,""type"":""Point"",""coordinates"":[-75.66900375622964,9.14476265197925]}"
3947,0.0,-2.6402721,123.69317,10.533711,1,0.012047981,0.9500911,30.0,0.7675167,-0.64436847,2.4402275,0.2244281800064234,"{""geodesic"":false,""type"":""Point"",""coordinates"":[-75.85910498353289,8.94602524072576]}"
3949,0.0,0.86346054,2979.8323,18.622845,1,21.620487,0.25734168,30.0,0.55158824,-0.5599068,0.1637192,0.24119280963890055,"{""geodesic"":false,""type"":""Point"",""coordinates"":[-76.0254044305213,8.694637222074858]}"
3951,0.0,0.30119896,1200.0,24.33968,1,0.26908797,0.20000076,30.0,0.44431418,-0.528062,0.06521536,0.2558701416711292,"{""geodesic"":false,""type"":""Point"",""coordinates"":[-75.98241527040607,8.519477807092398]}"
3953,0.0,1.5002155,295.46573,10.566587,1,0.04811514,0.6850037,30.0,0.56259805,-0.54514426,0.77935684,0.04290531786665863,"{""geodesic"":false,""type"":""Point"",""coordinates"":[-75.86612146621499,8.912907372757353]}"
3954,0.0,0.14301658,1182.2437,3.0,1,0.0105117485,0.3615894,90.0,0.59641665,-0.48418972,0.0,0.14266591328545486,"{""geodesic"":false,""type"":""Point"",""coordinates"":[-75.74334667096227,9.182603912968379]}"
3956,0.0,0.74773407,1973.8541,17.928345,1,0.44128412,0.09335815,30.0,0.7230368,-0.57427806,0.48073626,0.5523164854285133,"{""geodesic"":false,""type"":""Point"",""coordinates"":[-75.9965688780812,8.616845430100483]}"
3957,0.0,0.0,108.16654,5.5,1,0.015357535,0.0,90.0,-0.019431988,0.14471969,0.0,0.44069825273198593,"{""geodesic"":false,""type"":""Point"",""coordinates"":[-75.84068816010664,9.123513541713564]}"
3958,0.0,0.0,1030.9705,3.0,1,0.058085945,0.0,90.0,-0.07204301,0.15475024,0.0,0.6134343539467153,"{""geodesic"":false,""type"":""Point"",""coordinates"":[-75.68985574597868,9.197361885041419]}"
3959,0.0,0.14600563,582.4946,16.083181,1,0.48742726,0.07690303,30.0,0.65506124,-0.60037404,0.54089683,0.5782033682540049,"{""geodesic"":false,""type"":""Point"",""coordinates"":[-75.93251138971162,8.730961856609571]}"
3960,0.0,0.0,2534.423,3.0,1,0.021255726,0.58284014,90.0,0.53917336,-0.45863783,0.0,0.050537321084796805,"{""geodesic"":false,""type"":""Point"",""coordinates"":[-75.77039670308476,9.190687043164704]}"
3961,0.0,0.0,3835.8962,3.0,1,2.0572548,0.0,90.0,-0.05623342,0.07560405,0.0,0.6974885702402501,"{""geodesic"":false,""type"":""Point"",""coordinates"":[-75.68287256809187,9.115432913852672]}"
3963,0.0,0.0,2444.0334,3.0,1,0.011050465,2.697677,30.0,0.41178423,-0.39809337,0.0,0.1482998579198005,"{""geodesic"":false,""type"":""Point"",""coordinates"":[-75.70694318858824,9.138721419204225]}"
3965,0.0,0.44384766,800.4998,9.674404,1,0.18728097,0.3096555,30.0,0.23847857,-0.26938945,0.6319699,0.5473765675891327,"{""geodesic"":false,""type"":""Point"",""coordinates"":[-75.77732273610738,8.723714284040662]}"
3966,0.0,0.622174,3866.6265,3.0,1,0.013911093,1.038905,30.0,0.6820809,-0.5103806,0.0,0.35547358910322324,"{""geodesic"":false,""type"":""Point"",""coordinates"":[-75.87990980949441,9.19749102391295]}"
3968,0.0,0.99388146,391.15213,3.0,1,0.09276258,0.22882162,40.0,0.37548465,-0.46762133,0.0,0.32521975599674735,"{""geodesic"":false,""type"":""Point"",""coordinates"":[-75.7453842815827,9.112054282908806]}"
3971,0.0,0.0,0.0,5.5,1,240.93439,0.0,90.0,0.021001615,0.0997151,0.0,0.3221204787111326,"{""geodesic"":false,""type"":""Point"",""coordinates"":[-75.8431401026677,9.121337281080377]}"
3972,0.0,1.703817,2670.0,1.2624837,1,7.4135046,0.030109225,30.0,0.6084123,-0.60746,0.96049076,0.13012808358940153,"{""geodesic"":false,""type"":""Point"",""coordinates"":[-75.97588568287645,9.344566081494248]}"
3973,0.0,-0.41672516,335.4102,13.595023,1,0.00844993,0.40215302,30.0,0.4996062,-0.52972686,0.12368247,0.03613394546483506,"{""geodesic"":false,""type"":""Point"",""coordinates"":[-75.91514895541202,8.768175406117894]}"
3974,0.0,0.0,759.5393,3.0,1,0.014848016,1.1437535,90.0,0.51111627,-0.42966697,0.0,0.14832760225341246,"{""geodesic"":false,""type"":""Point"",""coordinates"":[-75.7691123608043,9.228132804643355]}"
3975,0.0,-0.030632496,1544.3445,5.945121,1,0.009063395,1.0393616,30.0,0.528429,-0.5565313,0.17194375,0.6339366666338772,"{""geodesic"":false,""type"":""Point"",""coordinates"":[-75.85846001164775,9.134596201105722]}"
3976,0.0,0.0,1103.0865,3.0,1,1.0064591,0.12806177,90.0,0.17652063,-0.101553164,0.0,0.03543641800750874,"{""geodesic"":false,""type"":""Point"",""coordinates"":[-75.7343525803173,9.190762164952746]}"
3977,0.0,1.1719513,1783.9282,18.414642,1,0.047973838,0.18246561,30.0,0.459068,-0.4772075,0.10846235,0.4474327271897439,"{""geodesic"":false,""type"":""Point"",""coordinates"":[-75.98682012936875,8.642103293328981]}"
3978,0.0,0.19040585,780.0,8.683154,1,0.7973833,0.018390853,30.0,0.5880428,-0.57600695,0.41973555,0.22235797761660148,"{""geodesic"":false,""type"":""Point"",""coordinates"":[-75.84776914058217,8.999773634512712]}"
3979,0.0,-1.0654736,975.8074,12.348926,1,0.016039241,0.7764721,30.0,0.52044266,-0.535548,3.9070399,0.5613244652114538,"{""geodesic"":false,""type"":""Point"",""coordinates"":[-75.87995808338069,8.880044737302828]}"
3981,0.0,0.66019773,108.16654,5.6447825,1,1.1885482,0.8005094,30.0,0.40031072,-0.44676298,0.21995507,0.48316155341626055,"{""geodesic"":false,""type"":""Point"",""coordinates"":[-75.83770220748656,9.130846158009296]}"
3982,0.0,0.6787586,1897.3666,3.0,1,37.76472,1.1991789,40.0,0.12979351,-0.026809651,0.0,0.5943684526007303,"{""geodesic"":false,""type"":""Point"",""coordinates"":[-75.86628593968204,9.209462081375598]}"
3983,0.0,0.6069586,1623.8843,3.5,1,0.011957339,1.6343795,90.0,0.13627744,-0.08037094,1.1616802,0.6919018054739684,"{""geodesic"":false,""type"":""Point"",""coordinates"":[-75.69073409545518,9.08638551229741]}"
3985,0.0,0.8284855,1082.0813,3.0,1,0.008441265,1.3190453,30.0,0.4797036,-0.4951172,0.0,0.5417188891175074,"{""geodesic"":false,""type"":""Point"",""coordinates"":[-75.69931755814586,9.14850411647831]}"
3986,378.23495,2.4141731,360.0,4.4941096,1,0.010238654,2.3723135,30.0,0.6566059,-0.58183795,0.742004,0.23284341890064608,"{""geodesic"":false,""type"":""Point"",""coordinates"":[-75.85210782701971,9.218449482199006]}"
3988,0.0,0.14904547,335.4102,6.0636888,1,0.057265796,0.6197045,30.0,0.45378652,-0.5242263,0.211278,0.03716669998677746,"{""geodesic"":false,""type"":""Point"",""coordinates"":[-75.84858348931999,9.114270233829023]}"
3989,0.0,-0.72647285,384.18747,6.146207,1,0.04427034,1.7281898,30.0,0.656682,-0.57632226,0.97359127,0.6281080969087267,"{""geodesic"":false,""type"":""Point"",""coordinates"":[-75.84012057965533,9.11428986947761]}"
3991,0.0,0.0,1982.0444,3.5,1,0.011848746,1.1645112,90.0,0.33172715,-0.35581788,0.0,0.6399106950717297,"{""geodesic"":false,""type"":""Point"",""coordinates"":[-75.76953305042333,9.17006805946238]}"
3992,0.0,-0.23493958,1126.0995,13.532577,1,31.5773,0.06699223,30.0,0.67197126,-0.64039284,0.30467942,0.6445919598375703,"{""geodesic"":false,""type"":""Point"",""coordinates"":[-75.92554779456626,8.782258816988612]}"
3993,0.0,0.0,1611.3658,3.0,1,115.179634,0.0,90.0,0.45582524,-0.37600368,0.0,0.24728154747535902,"{""geodesic"":false,""type"":""Point"",""coordinates"":[-75.65977824348614,9.175982860446902]}"
3994,0.0,4.036909,973.49884,23.74267,1,0.029763158,0.81453365,30.0,0.5126545,-0.5519324,0.24424414,0.14944148455790396,"{""geodesic"":false,""type"":""Point"",""coordinates"":[-75.98483631585485,8.506990906407061]}"
3995,0.0,0.16744065,1812.2086,3.5,1,1.5072768,0.0,90.0,-0.045601107,0.030869972,0.0,0.20460941426743995,"{""geodesic"":false,""type"":""Point"",""coordinates"":[-75.72384659134538,9.126749582357842]}"
3996,0.0,0.3833952,0.0,11.497409,1,377.1307,0.15265492,30.0,0.5245509,-0.5065089,0.13957408,0.5062006359684896,"{""geodesic"":false,""type"":""Point"",""coordinates"":[-75.88477601859313,8.841234053219267]}"
3998,0.0,-0.9422331,787.4643,4.3039103,1,0.008439791,1.052109,30.0,0.4731293,-0.530038,0.54247874,0.18932828158214776,"{""geodesic"":false,""type"":""Point"",""coordinates"":[-75.70927182175703,9.211433383973858]}"
3999,0.0,0.0,1347.6647,3.0,1,0.6653059,0.19359288,90.0,0.30658036,-0.34100974,0.0,0.20296838093863545,"{""geodesic"":false,""type"":""Point"",""coordinates"":[-75.69948207019691,9.23234494522111]}"
4000,0.0,-0.11564827,408.04413,20.732222,1,0.0157557,1.335787,30.0,0.62036556,-0.5791349,0.7886379,0.6936968254977189,"{""geodesic"":false,""type"":""Point"",""coordinates"":[-76.05156319495025,8.58983871686237]}"
4001,0.0,1.9436102,2095.0657,3.0,1,0.008439762,0.44513118,80.0,-0.109048724,0.22056833,1.4300023,0.43524543992719644,"{""geodesic"":false,""type"":""Point"",""coordinates"":[-75.66257742151113,9.21287896105509]}"
4002,0.0,0.0,2001.9241,3.0,1,1.4306324,0.23278067,90.0,0.36432928,-0.32416037,0.0,0.45462427403624794,"{""geodesic"":false,""type"":""Point"",""coordinates"":[-75.6962305184192,9.105368319161716]}"
4003,0.0,1.2273126,3540.0,8.072858,1,0.4347861,0.034295183,30.0,0.60386086,-0.5241735,1.4382681,0.16527803585626533,"{""geodesic"":false,""type"":""Point"",""coordinates"":[-75.87949422438604,9.027645416191646]}"
4004,0.0,4.182394,308.8689,23.264143,1,0.014890021,0.8351637,30.0,0.6369413,-0.6218258,0.33312905,0.03597864626266867,"{""geodesic"":false,""type"":""Point"",""coordinates"":[-75.973134153129,8.513803406449272]}"
4005,0.0,0.13701868,1998.3243,7.1768236,1,0.07138073,1.2296207,30.0,0.66153044,-0.55322266,0.05311793,0.5537582157857042,"{""geodesic"":false,""type"":""Point"",""coordinates"":[-75.87058342604593,9.067550985641462]}"
4006,0.0,12.017342,0.0,1.5,1,6854.5186,1.0776305,80.0,-0.27272728,0.35030302,0.0,0.3130314126538001,"{""geodesic"":false,""type"":""Point"",""coordinates"":[-75.89618118572099,9.26121060496522]}"
4007,0.0,-0.20144844,771.2976,11.240726,1,0.07138387,0.28408092,30.0,0.5827932,-0.57030106,0.31494558,0.5315314104330389,"{""geodesic"":false,""type"":""Point"",""coordinates"":[-75.86248241381448,8.87357373425885]}"
4008,0.0,-3.0454502,1260.0,18.151346,1,0.35564256,0.11992119,30.0,0.6101198,-0.5790023,2.5808148,0.38124941226650855,"{""geodesic"":false,""type"":""Point"",""coordinates"":[-75.99065831082181,8.65023295288539]}"
4010,0.0,0.13572407,4409.898,4.9330993,1,0.008443255,0.9868364,40.0,0.4655426,-0.4904736,0.42519802,0.32996181061005947,"{""geodesic"":false,""type"":""Point"",""coordinates"":[-75.64428415638007,9.062864296795585]}"
4011,0.0,0.2003479,90.0,10.579866,1,0.008447386,0.30776885,30.0,0.70777154,-0.63138175,0.22748587,0.19503249654602106,"{""geodesic"":false,""type"":""Point"",""coordinates"":[-75.87041324453571,8.881695068262815]}"
4012,0.0,0.7538276,1606.051,4.264683,1,0.009532553,0.5174411,30.0,0.3377408,-0.4883957,0.34354645,0.6082435677960972,"{""geodesic"":false,""type"":""Point"",""coordinates"":[-75.65705517760986,9.180057814649082]}"
4014,0.0,0.27445388,845.34015,3.0,1,0.0085906815,0.48658204,30.0,0.6005583,-0.5609092,0.0,0.6381672716600229,"{""geodesic"":false,""type"":""Point"",""coordinates"":[-75.71063939083794,9.212516007126862]}"
4015,0.0,-0.5376525,764.8529,6.1420465,1,0.008441097,0.48562795,30.0,0.3375,-0.38332257,0.24787928,0.38202117559466364,"{""geodesic"":false,""type"":""Point"",""coordinates"":[-75.84950016131793,9.155509070655276]}"
4016,0.0,0.6153488,210.0,10.893299,1,0.017199282,0.6054386,30.0,0.6834932,-0.6138398,0.43982342,0.08871198460888075,"{""geodesic"":false,""type"":""Point"",""coordinates"":[-75.86501350053159,8.905855517300331]}"
4017,0.0,1.2851877,108.16654,11.001653,1,0.0084471665,1.0965513,30.0,0.5554443,-0.5763572,0.76543456,0.5106628887209688,"{""geodesic"":false,""type"":""Point"",""coordinates"":[-75.85488505801258,8.891498684361451]}"
4018,0.0,0.0,2670.674,3.5,1,2.5892255,0.15096979,90.0,0.08390706,-0.10264828,0.0,0.18476521466743634,"{""geodesic"":false,""type"":""Point"",""coordinates"":[-75.67270232432688,9.078550515876403]}"
4019,0.0,0.7829895,2631.2925,16.911816,1,0.00845189,3.1895142,30.0,0.46389943,-0.50119907,0.21552253,0.6435125744752928,"{""geodesic"":false,""type"":""Point"",""coordinates"":[-75.97274055565195,8.680124102873133]}"
4020,0.0,1.4537458,2696.6646,14.452177,1,0.021335276,0.36522424,30.0,0.45685425,-0.5232348,0.5002971,0.4859643776150556,"{""geodesic"":false,""type"":""Point"",""coordinates"":[-75.92942167011024,8.804497651275916]}"
4021,247.93648,0.9588747,4181.6387,5.099958,1,0.041347187,0.59250546,30.0,0.6350482,-0.57552284,0.34833032,0.2471551565533322,"{""geodesic"":false,""type"":""Point"",""coordinates"":[-75.9047855892808,9.208282183802785]}"
4022,0.0,0.75100994,1350.0,3.7507164,1,0.05078877,0.2445658,30.0,0.53212726,-0.49482653,0.1848957,0.46408937625740243,"{""geodesic"":false,""type"":""Point"",""coordinates"":[-75.83461498842217,9.211707418167517]}"
4023,0.0,0.0,2107.0596,3.0,1,0.011595113,0.4416869,90.0,0.48504984,-0.33692238,0.0,0.6395927702717398,"{""geodesic"":false,""type"":""Point"",""coordinates"":[-75.76385604591579,9.196670131878362]}"
4024,0.0,0.13847351,3287.7043,5.480846,1,0.009460875,0.69044787,30.0,0.51840204,-0.5268069,0.47908807,0.506886911056463,"{""geodesic"":false,""type"":""Point"",""coordinates"":[-75.64541243875554,8.929364854755391]}"
4025,0.0,0.0,180.0,3.0,1,0.2558199,0.5472873,90.0,0.28943682,-0.24009702,0.0,0.09755047804687356,"{""geodesic"":false,""type"":""Point"",""coordinates"":[-75.67400685619333,9.191693874897764]}"
4026,0.0,-1.5406513,792.0227,25.618603,1,0.017818475,0.74017406,30.0,0.5420915,-0.5741897,1.1003408,0.21142171489444384,"{""geodesic"":false,""type"":""Point"",""coordinates"":[-75.98292645221896,8.506181772669038]}"
4027,0.0,3.4926004,108.16654,4.0,1,0.017025242,0.5118465,90.0,0.78437704,-0.6838258,0.0,0.29762990896872665,"{""geodesic"":false,""type"":""Point"",""coordinates"":[-75.61414432886536,8.996167132862428]}"
4029,59.522007,0.5621729,94.86833,13.842085,1,0.025859477,0.42349803,30.0,0.7149843,-0.56220174,0.4961248,0.5478764701894201,"{""geodesic"":false,""type"":""Point"",""coordinates"":[-75.91461875784695,8.774417115620347]}"
4031,0.0,0.0,2656.4827,3.0,1,0.065567374,0.44781896,30.0,0.5614207,-0.56831944,0.0,0.3593140355713519,"{""geodesic"":false,""type"":""Point"",""coordinates"":[-75.65184971546525,9.170570574235413]}"
4032,0.0,-0.14652157,2468.9473,8.424328,1,0.0084448075,0.2798829,30.0,0.67333484,-0.5915676,0.16106018,0.5080477441298875,"{""geodesic"":false,""type"":""Point"",""coordinates"":[-75.86631603397849,8.995117993571634]}"
4033,0.0,-0.42373753,1200.0,6.899649,1,5.818105,0.84660006,30.0,0.6394744,-0.56903327,1.5495005,0.40163323979003196,"{""geodesic"":false,""type"":""Point"",""coordinates"":[-75.85578388885193,9.042352881920785]}"
4034,0.0,0.9642973,1549.871,11.056344,1,8.194661,0.039069675,30.0,0.47957098,-0.42603987,0.39574453,0.6849613135773767,"{""geodesic"":false,""type"":""Point"",""coordinates"":[-75.89097916380567,8.92478683201679]}"
4035,0.0,0.0,1435.6183,3.5,1,0.2521084,2.2159696,40.0,0.09189189,-0.10828761,0.0,0.5037886416387279,"{""geodesic"":false,""type"":""Point"",""coordinates"":[-75.72739028079404,9.124029207744295]}"
4036,0.0,-0.44452667,192.09373,25.04067,1,0.008455967,0.93686485,30.0,0.474563,-0.5367047,1.1759975,0.1946515529900401,"{""geodesic"":false,""type"":""Point"",""coordinates"":[-75.98343834221075,8.493157052385229]}"
4037,0.0,-0.23909378,180.0,15.001272,1,0.008885802,0.531624,30.0,0.45834434,-0.5312413,0.20638697,0.31796742434787373,"{""geodesic"":false,""type"":""Point"",""coordinates"":[-75.96005733969902,8.731978423393365]}"
4038,0.0,0.18162727,240.0,21.41124,1,0.0084538795,0.4518824,30.0,0.6313118,-0.58927643,0.4801958,0.476020522775526,"{""geodesic"":false,""type"":""Point"",""coordinates"":[-75.96651123304815,8.58951876746157]}"
4039,0.0,0.070495605,1826.3077,25.120129,1,0.009083392,0.33765462,30.0,0.5953757,-0.583174,0.19811305,0.40884658426035514,"{""geodesic"":false,""type"":""Point"",""coordinates"":[-75.99950783108119,8.489317678523017]}"
4041,3.5860684,2.6743765,7142.3315,15.661518,1,0.37052074,1.8508679,90.0,-0.04196933,0.038477115,0.93341744,0.4916910405845081,"{""geodesic"":false,""type"":""Point"",""coordinates"":[-75.60869667840018,9.164405037045643]}"
4042,0.0,3.594862,268.32816,17.81704,1,0.015871208,1.0935079,30.0,0.5679137,-0.5450017,0.39336357,0.6704497234216951,"{""geodesic"":false,""type"":""Point"",""coordinates"":[-75.95122449757524,8.689945925859734]}"
4043,0.0,0.80796623,400.2499,13.456932,1,0.008449583,0.573457,30.0,0.63100636,-0.60374415,0.20525126,0.3236472160745295,"{""geodesic"":false,""type"":""Point"",""coordinates"":[-75.9116418131953,8.783920619372045]}"
4044,0.0,2.6426668,30.0,14.405091,1,48.40723,0.9217822,30.0,0.6644467,-0.59695256,0.6312165,0.2556566297117845,"{""geodesic"":false,""type"":""Point"",""coordinates"":[-75.94076745357903,8.760786812454768]}"
4045,0.0,0.0,1209.3386,3.0,1,0.20633371,0.12407769,90.0,0.17725752,-0.10379429,0.0,0.6701983643722541,"{""geodesic"":false,""type"":""Point"",""coordinates"":[-75.6900857594419,9.17511229101304]}"
4046,0.0,5.073166,1390228.5,68.53172,1,0.19827119,7.8306026,90.0,0.14285715,0.09180098,0.27277794,0.5347361356209455,"{""geodesic"":false,""type"":""Point"",""coordinates"":[-75.50187434788732,9.122511095224176]}"
4047,0.0,0.0,0.0,3.5,1,1357.8528,0.42579675,90.0,0.34088838,-0.32842946,0.0,0.3633892553964032,"{""geodesic"":false,""type"":""Point"",""coordinates"":[-75.74216715362839,9.140550410187164]}"
4048,0.0,0.0,0.0,3.0,1,1343.782,0.0,90.0,-0.011327331,0.02240092,0.0,0.5819412291047664,"{""geodesic"":false,""type"":""Point"",""coordinates"":[-75.74371157807096,9.226558272251268]}"
4049,0.0,-0.47212362,2664.4324,4.2324247,1,0.06417586,0.9698611,30.0,0.50277704,-0.5221002,0.6934767,0.12341322396278775,"{""geodesic"":false,""type"":""Point"",""coordinates"":[-75.92402794735386,9.257341467309626]}"
4050,0.0,0.21559906,234.3075,9.58719,1,0.018572027,0.1371792,30.0,0.50149596,-0.5555556,0.5096707,0.28626314775432404,"{""geodesic"":false,""type"":""Point"",""coordinates"":[-75.85883465853505,8.947111164586113]}"
4051,0.0,3.3302183,3270.0,15.653314,1,0.56821936,0.42867607,30.0,0.7910971,-0.67761,0.45391914,0.6030975362562683,"{""geodesic"":false,""type"":""Point"",""coordinates"":[-75.97025420844905,8.773192957321669]}"
4052,0.0,0.0,1998.3243,3.5,1,0.02077784,1.4110575,40.0,0.6893204,-0.58058655,0.0,0.5585754089138641,"{""geodesic"":false,""type"":""Point"",""coordinates"":[-75.67815480299743,9.07474176694934]}"
4053,0.0,0.0,1888.0942,3.5,1,0.035379637,0.21664645,80.0,0.34999093,-0.3028132,0.0,0.18416234573261092,"{""geodesic"":false,""type"":""Point"",""coordinates"":[-75.76762348661579,9.170886096955545]}"
4054,0.0,0.71191216,615.5485,14.665791,1,0.23445036,0.25475234,30.0,0.55691457,-0.6262106,0.14657882,0.40454860733217246,"{""geodesic"":false,""type"":""Point"",""coordinates"":[-75.946967504176,8.732011329314028]}"
4055,0.0,0.0,276.58633,3.0,1,0.45362762,0.023311008,90.0,0.2753623,-0.18530612,0.0,0.686840107945188,"{""geodesic"":false,""type"":""Point"",""coordinates"":[-75.73759959499652,9.176375134190323]}"
4057,0.0,0.48856878,853.81494,3.0,1,0.017953414,0.35912406,30.0,0.39559472,-0.48965517,0.0,0.27343420834473464,"{""geodesic"":false,""type"":""Point"",""coordinates"":[-75.75224910306828,9.131033159882415]}"
4058,0.0,-0.4608915,2437.5808,4.162874,1,0.008442104,0.5138412,40.0,0.5926187,-0.5574713,0.29561502,0.04917285366732338,"{""geodesic"":false,""type"":""Point"",""coordinates"":[-75.77404997617916,9.112265782014415]}"
4059,0.0,1.8208656,570.0,20.964754,1,0.6333317,0.055549547,30.0,0.4317884,-0.50054884,0.49475858,0.12156136011299146,"{""geodesic"":false,""type"":""Point"",""coordinates"":[-76.05428239451824,8.587389457487347]}"
4060,0.0,2.6469727,1782.4141,19.92571,1,0.013032402,0.4744098,30.0,0.54342276,-0.54787064,0.4603346,0.2838273096919631,"{""geodesic"":false,""type"":""Point"",""coordinates"":[-76.0079929709061,8.60704818314845]}"
4061,0.0,0.0,488.36462,3.0,1,4.016366,0.0,90.0,0.49044585,-0.3610982,0.0,0.49761044241157815,"{""geodesic"":false,""type"":""Point"",""coordinates"":[-75.71796277699754,9.187810508641633]}"
4062,0.0,-0.15550613,1663.851,16.863644,1,45.294144,0.03684819,30.0,0.6650497,-0.6646651,0.22526127,0.03305440826501016,"{""geodesic"":false,""type"":""Point"",""coordinates"":[-76.01231688079385,8.694943548312446]}"
4063,82.617355,0.6258259,67.08204,9.428388,1,20.719267,0.98555464,30.0,0.31391338,-0.33437136,0.25268823,0.16969470054817837,"{""geodesic"":false,""type"":""Point"",""coordinates"":[-75.77870992139675,8.73510740922186]}"
4064,0.0,0.38771057,3578.4353,24.025307,1,0.14907497,0.20693895,30.0,0.5589048,-0.5592965,0.62211955,0.21171408572107764,"{""geodesic"":false,""type"":""Point"",""coordinates"":[-76.00993275784019,8.515608775725362]}"
4065,0.0,0.0,1209.3386,3.0,1,0.01674561,0.10777011,90.0,-0.06212706,0.1670823,0.0,0.29678243849684294,"{""geodesic"":false,""type"":""Point"",""coordinates"":[-75.74755194442287,9.104181295741933]}"
4066,0.0,4.5633907,0.0,17.0,1,4710.2974,0.7260323,80.0,-0.07882736,0.18501441,4.8542404,0.6407913205515982,"{""geodesic"":false,""type"":""Point"",""coordinates"":[-75.93416533984646,8.627855164768562]}"
4067,0.0,0.0,3827.3228,3.5,1,2.1664362,0.7778696,90.0,0.051502146,0.06369427,0.0,0.2799021197407251,"{""geodesic"":false,""type"":""Point"",""coordinates"":[-75.79407204438297,9.154278157400748]}"
4068,0.0,-0.054786205,488.36462,5.7446327,1,0.023587111,0.31133834,90.0,0.78887105,-0.67603517,2.493226,0.30490328649258336,"{""geodesic"":false,""type"":""Point"",""coordinates"":[-75.85269904428462,9.122942925136618]}"
4069,0.0,0.0,982.7004,3.0,1,0.008440464,0.43086985,90.0,0.5231577,-0.44235116,0.0,0.521012671686212,"{""geodesic"":false,""type"":""Point"",""coordinates"":[-75.73979694295554,9.182611198722315]}"
4072,0.0,-0.23291087,2388.7234,3.170892,1,0.25143123,1.2712438,30.0,0.43283582,-0.50610113,0.7545512,0.20382196657689222,"{""geodesic"":false,""type"":""Point"",""coordinates"":[-75.95940162703134,9.310154416689024]}"
4075,0.0,0.0,2076.0781,3.0,1,1.7957715,0.39103305,90.0,0.49811605,-0.46521226,0.0,0.1600022564291731,"{""geodesic"":false,""type"":""Point"",""coordinates"":[-75.71706517890657,9.148740784639461]}"
4076,0.0,0.9578557,3869.186,3.5,1,0.052020524,0.5822394,30.0,0.31395194,-0.42540324,1.025695,0.6476728198210872,"{""geodesic"":false,""type"":""Point"",""coordinates"":[-75.66973077954775,9.095378665254024]}"
4077,0.0,0.0,997.2462,3.5,1,0.0803611,0.12777531,90.0,0.046770602,0.015854023,0.0,0.0923052892700581,"{""geodesic"":false,""type"":""Point"",""coordinates"":[-75.70219684322318,9.085006980233029]}"
4079,0.0,-1.1535048,271.66156,4.2971234,1,0.008439089,2.9535909,30.0,0.63885236,-0.5894818,0.29346022,0.3992426423098956,"{""geodesic"":false,""type"":""Point"",""coordinates"":[-75.86281451018424,9.241757489039008]}"
4080,0.0,1.4504089,3973.16,14.688403,1,0.019295713,1.7661657,30.0,0.5781711,-0.57029647,0.24744968,0.5682391973974328,"{""geodesic"":false,""type"":""Point"",""coordinates"":[-75.94223654541577,8.80256653745451]}"
4081,0.0,0.0,2037.3512,3.0,1,1.6326531,0.33905888,40.0,0.3728166,-0.2825089,0.0,0.4395474014524019,"{""geodesic"":false,""type"":""Point"",""coordinates"":[-75.7705213323233,9.121769732037894]}"
4083,0.0,-0.21002197,150.0,17.081577,1,0.013358943,0.630442,30.0,0.57731295,-0.6127894,0.16444704,0.1567811450707417,"{""geodesic"":false,""type"":""Point"",""coordinates"":[-76.00269264025737,8.664581456905792]}"
4086,0.0,-0.19024563,276.58633,11.552773,1,0.050940633,0.19387078,30.0,0.61702126,-0.5710006,0.114698105,0.6803588314583807,"{""geodesic"":false,""type"":""Point"",""coordinates"":[-75.87897693145544,8.926172049132925]}"
4089,0.0,4.459772,998.599,11.450446,1,0.009888155,1.148878,30.0,0.5992596,-0.5820554,0.20985469,0.46635572265180525,"{""geodesic"":false,""type"":""Point"",""coordinates"":[-75.8981229968721,8.833062611986966]}"
4091,0.0,0.26541138,685.41956,4.383607,1,0.012714707,1.7071942,30.0,0.4980143,-0.49761778,0.059743475,0.34907714622372443,"{""geodesic"":false,""type"":""Point"",""coordinates"":[-75.828047986736,9.20602480127418]}"
4092,0.0,0.0,872.0665,3.0,1,0.008441269,0.7928334,90.0,0.49763188,-0.46345356,0.0,0.6295202920101227,"{""geodesic"":false,""type"":""Point"",""coordinates"":[-75.68348112807062,9.148262980458428]}"
4096,0.0,0.0,1441.5616,3.0,1,1.423702,0.20399602,90.0,0.36312848,-0.32509363,0.0,0.2485531141555336,"{""geodesic"":false,""type"":""Point"",""coordinates"":[-75.68428934320472,9.142563482842121]}"
4097,0.0,-1.7832355,134.16408,10.895881,1,0.008493712,0.5649386,90.0,0.32263076,-0.3110883,1.315872,0.535617314852299,"{""geodesic"":false,""type"":""Point"",""coordinates"":[-75.78305759295567,8.727501152119224]}"
4098,0.0,2.747983,295.46573,11.649671,1,0.18246964,0.76491773,30.0,0.5950029,-0.57668006,0.2233614,0.6154351887676123,"{""geodesic"":false,""type"":""Point"",""coordinates"":[-75.88041266391019,8.841786977646736]}"
4099,0.0,0.38651562,1235.4756,13.950165,1,1.191905,0.026536783,30.0,0.42301628,-0.47695664,0.77193254,0.06611335984289668,"{""geodesic"":false,""type"":""Point"",""coordinates"":[-75.90776602801645,8.760324838335979]}"
4100,0.0,2.3185406,4170.4316,22.507214,1,0.010612935,1.1386868,30.0,0.56360835,-0.57984936,0.8717955,0.2568612222815261,"{""geodesic"":false,""type"":""Point"",""coordinates"":[-76.01464263184569,8.544627587158255]}"
4101,0.0,0.014932632,192.09373,23.388773,1,0.16175675,0.56681895,30.0,0.616622,-0.5631886,0.57087344,0.6459755980002831,"{""geodesic"":false,""type"":""Point"",""coordinates"":[-75.97692367742003,8.503483673670022]}"
4103,0.0,1.1237469,4677.4033,21.691223,1,18.993769,0.47354633,30.0,0.567707,-0.57420355,0.04391901,0.5550545870471528,"{""geodesic"":false,""type"":""Point"",""coordinates"":[-76.01981632287769,8.542714775373787]}"
4104,0.0,-0.009815216,1566.046,18.737188,1,0.012021588,0.4682311,30.0,0.6948912,-0.6587963,0.186032,9.459369515880667E-4,"{""geodesic"":false,""type"":""Point"",""coordinates"":[-75.95408235351147,8.633775243582575]}"
4105,0.41486564,-1.780495,0.0,2.0825624,1,724.94385,1.7649747,80.0,0.45657483,-0.37958375,2.4065042,0.30218150133302357,"{""geodesic"":false,""type"":""Point"",""coordinates"":[-75.93511022207642,9.317001797543362]}"
4106,0.0,9.28899,1677.051,18.29009,1,37.021896,0.4538531,30.0,0.45751783,-0.55033064,5.681664,0.22630814430891955,"{""geodesic"":false,""type"":""Point"",""coordinates"":[-75.95773702416732,8.677448854536994]}"
4107,0.0,0.0,2937.2437,3.0,1,1.7813536,0.2153435,90.0,0.5180064,-0.49864987,0.0,0.6948724134522395,"{""geodesic"":false,""type"":""Point"",""coordinates"":[-75.70720551107132,9.133294289357984]}"
4109,0.0,0.42719793,432.66617,3.5,1,0.026963027,0.8587714,90.0,0.2611607,-0.29475796,0.3771094,0.5303083458987422,"{""geodesic"":false,""type"":""Point"",""coordinates"":[-75.75991826965459,9.142684296639988]}"
4110,0.0,0.7105799,2406.9275,14.007505,1,0.11698695,0.20229007,30.0,0.5544413,-0.5686747,0.45209435,0.43330714490427835,"{""geodesic"":false,""type"":""Point"",""coordinates"":[-75.92669339685206,8.804233058784948]}"
4111,0.0,2.5049233,4629.05,7.5211163,1,0.018703798,1.6015577,30.0,0.6226093,-0.5152288,0.22920425,0.2482514987387897,"{""geodesic"":false,""type"":""Point"",""coordinates"":[-75.88907732182209,9.040103107351927]}"
4112,0.0,-0.12029934,2344.8027,13.382619,1,0.01822153,1.6360567,30.0,0.6710199,-0.59750295,0.6820609,0.39244164057862563,"{""geodesic"":false,""type"":""Point"",""coordinates"":[-75.91094111254353,8.831946413200937]}"
4113,0.0,1.2835326,524.78564,6.5908327,1,0.020200543,0.17813724,30.0,0.5733029,-0.5586324,0.057121906,0.1599153276347417,"{""geodesic"":false,""type"":""Point"",""coordinates"":[-75.8473747712176,9.064620939375995]}"
4114,0.0,0.0,2895.272,3.0,1,0.009579786,0.8681718,90.0,0.586609,-0.5391352,0.0,0.12094641985370902,"{""geodesic"":false,""type"":""Point"",""coordinates"":[-75.65102166089197,9.165688062605916]}"
4116,0.0,-0.16246223,390.0,13.49464,1,0.043559466,0.58709055,30.0,0.72848713,-0.63167155,0.23203164,0.6904335326154817,"{""geodesic"":false,""type"":""Point"",""coordinates"":[-75.92634112681931,8.772217958859788]}"
4118,0.0,0.0,2850.0,3.5,1,0.51779383,0.01593705,90.0,0.2502092,-0.23471074,0.0,0.2498136017249818,"{""geodesic"":false,""type"":""Point"",""coordinates"":[-75.77557835331946,9.187691360186601]}"
4119,0.0,0.4570408,872.0665,16.705633,1,0.011592583,0.60889775,30.0,0.6469064,-0.61141044,0.17092194,0.5859145011462222,"{""geodesic"":false,""type"":""Point"",""coordinates"":[-76.00657842880231,8.690346369805885]}"
4120,0.0,-1.1260223,9190.239,17.0,1,0.025737952,0.022771899,90.0,-0.15072264,0.298066,1.3520979,0.026256461322490487,"{""geodesic"":false,""type"":""Point"",""coordinates"":[-75.6125483464109,8.85751559770124]}"
4122,0.0,0.11211014,1626.9296,21.476645,1,0.008579111,0.37978542,30.0,0.72,-0.6206298,0.24418023,0.11010623635207861,"{""geodesic"":false,""type"":""Point"",""coordinates"":[-76.03761370515016,8.572512308259546]}"
4124,0.0,0.0,42.426407,3.0,1,0.009000752,0.6160344,90.0,0.22460733,-0.22749935,0.0,0.6676580922918129,"{""geodesic"":false,""type"":""Point"",""coordinates"":[-75.70973531363093,9.169918981679643]}"
4125,0.0,0.56237125,2548.7644,14.870999,1,0.3010435,0.50471723,30.0,0.7324573,-0.6554495,0.42568392,0.21441660499429593,"{""geodesic"":false,""type"":""Point"",""coordinates"":[-75.95255000819083,8.782462914769663]}"
4126,0.0,0.75580573,108.16654,3.0,1,0.01678445,1.5014087,90.0,0.42577693,-0.4465429,0.0,0.5143645578706543,"{""geodesic"":false,""type"":""Point"",""coordinates"":[-75.74086945559408,9.173112507028636]}"
4129,0.0,0.629302,420.0,11.470662,1,0.008447232,1.5936236,30.0,0.47614816,-0.51336575,0.9397753,0.5863797277258191,"{""geodesic"":false,""type"":""Point"",""coordinates"":[-75.87533946945445,8.888195320734994]}"
4131,0.0,-0.018496513,180.0,5.778858,1,0.0132683385,0.87924075,30.0,0.6770991,-0.5921466,0.23198962,0.4187561449109156,"{""geodesic"":false,""type"":""Point"",""coordinates"":[-75.59993583807868,8.98615100800332]}"
4134,0.0,0.29314792,2227.4873,1.2953169,1,0.34611335,0.22348075,90.0,0.35627908,-0.36325386,0.35900906,0.5917477738557726,"{""geodesic"":false,""type"":""Point"",""coordinates"":[-75.90808828992402,9.324668530578515]}"
4135,0.0,-0.69590473,134.16408,11.609691,1,0.014622456,0.29500973,30.0,0.42767075,-0.53003,0.32612595,0.5702230666715049,"{""geodesic"":false,""type"":""Point"",""coordinates"":[-75.8801592068289,8.849927300676459]}"
4136,0.0,1.2519436,60.0,3.899304,1,0.03268115,0.81556135,40.0,0.5951979,-0.47178954,0.31315383,0.5487299725233342,"{""geodesic"":false,""type"":""Point"",""coordinates"":[-75.68298392011964,9.029962746868824]}"
4138,0.0,1.9378011,3500.757,3.0,1,2.5611556,1.8064046,30.0,0.5332074,-0.55003977,0.0,0.3656591337071574,"{""geodesic"":false,""type"":""Point"",""coordinates"":[-75.65399344715357,9.148317361570054]}"
4139,0.0,0.0,579.39624,3.0,1,0.014159462,0.20853959,90.0,0.0668164,-0.0320478,0.0,0.15669736937555756,"{""geodesic"":false,""type"":""Point"",""coordinates"":[-75.67015384068061,9.175692445763437]}"
4142,0.0,0.0,870.0,3.0,1,0.04947737,0.15267196,90.0,0.29948434,-0.30336183,0.0,0.37113666896298514,"{""geodesic"":false,""type"":""Point"",""coordinates"":[-75.67149820420781,9.164565323775271]}"
4144,0.0,0.56834984,2041.9844,19.428146,1,1.6978902,1.2676206,30.0,0.58855003,-0.5577125,0.24989294,0.4871505629607471,"{""geodesic"":false,""type"":""Point"",""coordinates"":[-75.89578175299656,8.652366027246522]}"
4145,0.0,0.0,2214.5203,3.0,1,0.008441029,2.1559362,90.0,0.5414162,-0.501571,0.0,0.6616915574935602,"{""geodesic"":false,""type"":""Point"",""coordinates"":[-75.66056531037711,9.158616111230458]}"
4146,0.0,0.048125267,1002.6465,11.703765,1,0.74212104,0.4602762,30.0,0.56722575,-0.54555315,0.20787606,0.5392379763115931,"{""geodesic"":false,""type"":""Point"",""coordinates"":[-75.87813927310772,8.803264200826996]}"
4147,0.0,0.0,752.3962,3.0,1,0.035565276,0.91750836,90.0,0.4213541,-0.38020536,0.0,0.33709338741394346,"{""geodesic"":false,""type"":""Point"",""coordinates"":[-75.78545569462717,9.209104718495109]}"
4148,0.0,1.8511333,240.0,11.068502,1,14.73699,0.45166054,30.0,0.5123631,-0.5368957,0.8017136,0.07748351362071693,"{""geodesic"":false,""type"":""Point"",""coordinates"":[-75.87354828382371,8.938123093575966]}"
4149,0.0,1.8456497,300.0,13.310963,1,0.11406546,0.12838219,30.0,0.76038337,-0.6780509,0.57429606,0.6519334714127378,"{""geodesic"":false,""type"":""Point"",""coordinates"":[-75.93424436749252,8.769756596004218]}"
4150,0.0,0.0,270.0,3.0,1,0.015964273,0.0,90.0,-0.06983483,0.071986124,0.0,0.6771716608080706,"{""geodesic"":false,""type"":""Point"",""coordinates"":[-75.69031584760981,9.152862671830222]}"
4153,0.0,-1.2112865,1666.2833,3.6551807,1,0.008440387,0.3471745,90.0,0.33526546,-0.42982084,1.3845142,0.21968428719918887,"{""geodesic"":false,""type"":""Point"",""coordinates"":[-75.74799601561654,9.186121580049857]}"
4156,0.0,-0.4789152,445.98206,10.590943,1,1.5106832,0.12915431,30.0,0.5621156,-0.5492528,0.23800598,0.049132282973059604,"{""geodesic"":false,""type"":""Point"",""coordinates"":[-75.86392978819062,8.90911392878225]}"
4157,0.0,-0.29831815,1932.149,3.0,1,0.41485637,0.32970425,30.0,0.36492622,-0.29196885,1.2683984,0.3605870748997617,"{""geodesic"":false,""type"":""Point"",""coordinates"":[-75.76535211322042,9.130191807640593]}"
4159,0.0,0.12600112,551.5433,3.0,1,0.014709489,0.12734465,90.0,0.40018862,-0.35751295,0.0,0.5113565149519307,"{""geodesic"":false,""type"":""Point"",""coordinates"":[-75.73021443825812,9.17014955656124]}"
4161,0.0,-0.75629807,510.0,9.683182,1,0.008450242,1.0746776,90.0,0.68002945,-0.54376477,0.12621446,0.6595634905723012,"{""geodesic"":false,""type"":""Point"",""coordinates"":[-75.75147591762857,8.754155740776692]}"
4163,0.0,-0.87836456,1955.7607,16.416052,1,0.040960588,0.42039332,30.0,0.43917525,-0.5369613,0.57383466,0.11131500504624714,"{""geodesic"":false,""type"":""Point"",""coordinates"":[-75.99063447399273,8.744923039930766]}"
4165,0.0,-0.6370609,330.0,4.062635,1,4.2623696,2.3702903,30.0,0.3130834,-0.42912433,0.0627759,0.5108345987124797,"{""geodesic"":false,""type"":""Point"",""coordinates"":[-75.74891000978172,9.231160046774487]}"
4166,7.120289,2.0625534,2839.243,17.399178,1,0.012219363,0.8713419,30.0,0.593299,-0.57102925,0.26542506,0.027835112597320077,"{""geodesic"":false,""type"":""Point"",""coordinates"":[-76.02863138857481,8.678078291504612]}"
4167,0.0,-0.5796757,67.08204,14.410966,1,0.06407189,0.61357576,30.0,0.47210032,-0.51337415,0.3590051,0.20481257459397872,"{""geodesic"":false,""type"":""Point"",""coordinates"":[-75.93967177725546,8.758890288927393]}"
4168,0.0,-0.76763153,524.78564,16.767275,1,0.7472695,0.13355058,30.0,0.65764445,-0.6139601,0.40372127,0.6117740378438067,"{""geodesic"":false,""type"":""Point"",""coordinates"":[-76.00600850351749,8.681123094501213]}"
4169,0.0,0.6668191,1853.2134,3.5,1,42.63749,0.015037017,90.0,0.5706897,-0.4609114,0.0,0.12473007431598171,"{""geodesic"":false,""type"":""Point"",""coordinates"":[-75.74533485061983,9.0881774075285]}"
4171,0.0,2.1603856,3511.0254,4.9963675,1,0.012713394,2.742688,30.0,0.51124686,-0.52693605,0.7543052,0.08041524102653774,"{""geodesic"":false,""type"":""Point"",""coordinates"":[-75.86676935021111,9.183685505894625]}"
4173,0.0,0.0,3836.4827,3.0,1,6.198247,1.281064,90.0,0.5579447,-0.5422253,0.0,0.656874452053551,"{""geodesic"":false,""type"":""Point"",""coordinates"":[-75.6828828814377,9.12085954531232]}"
4174,0.0,0.80052376,240.0,11.003881,1,18.674183,0.29952124,30.0,0.5248227,-0.53971356,1.3079863,0.21558596947954078,"{""geodesic"":false,""type"":""Point"",""coordinates"":[-75.87354893023684,8.938394415457052]}"
4175,0.0,0.38381958,960.4686,20.274055,1,0.11397547,0.59869653,30.0,0.5129032,-0.5457292,0.3134535,0.6742600867046232,"{""geodesic"":false,""type"":""Point"",""coordinates"":[-75.92999304128378,8.593949806146373]}"
4176,0.0,1.6245728,270.0,20.359852,1,0.05589903,0.79923666,30.0,0.54764587,-0.56885135,1.067187,0.14924176456456772,"{""geodesic"":false,""type"":""Point"",""coordinates"":[-76.04582830548141,8.586055910543925]}"
4178,0.0,0.32777596,1370.8391,17.070559,1,0.02423273,1.3203017,30.0,0.653092,-0.59495515,1.7635952,0.5903570118336053,"{""geodesic"":false,""type"":""Point"",""coordinates"":[-75.96052860107443,8.70294597081953]}"
4179,0.0,0.25163484,1339.2909,3.5,1,0.25067645,0.48839614,90.0,0.6151455,-0.54132396,0.0,0.36136439343060844,"{""geodesic"":false,""type"":""Point"",""coordinates"":[-75.76733121658884,9.161932926227774]}"
4182,0.0,3.5340867,2654.449,1.2386363,1,0.10532536,0.4734058,30.0,0.66686356,-0.6218391,1.61016,0.5574202335318609,"{""geodesic"":false,""type"":""Point"",""coordinates"":[-75.97147221654058,9.329113480935208]}"
4183,0.0,0.33227158,283.01944,5.5626044,1,0.011098941,0.14290129,30.0,0.54198045,-0.512035,0.09636766,0.17111898722526853,"{""geodesic"":false,""type"":""Point"",""coordinates"":[-75.83523816882058,9.127867276029514]}"
4184,0.0,-0.008621216,990.0,18.329279,1,0.47500163,0.17976597,30.0,0.47569954,-0.5328914,0.7006999,0.6020518210951278,"{""geodesic"":false,""type"":""Point"",""coordinates"":[-75.99311209505898,8.650226594363415]}"
4185,0.0,2.8723164,512.6402,23.456978,1,1.143695,0.27415228,30.0,0.4373273,-0.5173694,0.7257544,0.19977128730740445,"{""geodesic"":false,""type"":""Point"",""coordinates"":[-75.97157702094526,8.54473799942683]}"
4186,0.0,0.1900177,1443.1216,16.261309,1,0.038586177,0.74002934,30.0,0.7304092,-0.6191191,0.3698598,0.1677791208750613,"{""geodesic"":false,""type"":""Point"",""coordinates"":[-76.00335405315926,8.708261801628701]}"
4187,0.0,0.50447845,349.85712,9.771183,1,0.008449907,0.34854126,90.0,0.4668999,-0.4804454,0.08103602,0.09770336421258408,"{""geodesic"":false,""type"":""Point"",""coordinates"":[-75.74005106614854,8.769372986859699]}"
4189,0.0,-0.57796884,2334.802,4.070428,1,0.011536325,0.5467336,30.0,0.5042043,-0.44071588,0.075156935,0.5830038931320954,"{""geodesic"":false,""type"":""Point"",""coordinates"":[-75.77135201316109,9.12719451817898]}"
4190,0.0,0.33633423,4477.946,3.984123,1,0.044752996,2.0332522,30.0,0.67398304,-0.5862451,0.26410723,0.4273223746802457,"{""geodesic"":false,""type"":""Point"",""coordinates"":[-75.87989238802477,9.190436765436061]}"
4192,0.0,0.13877916,1044.8445,6.8625355,1,0.008443307,0.97004515,30.0,0.5411016,-0.5649241,0.4000368,0.07178212069845524,"{""geodesic"":false,""type"":""Point"",""coordinates"":[-75.85473376007911,9.059991330632835]}"
4193,0.0,0.42124224,2057.79,4.343122,1,0.011030067,1.6747963,30.0,0.576061,-0.5350673,2.498634,0.5715207027943473,"{""geodesic"":false,""type"":""Point"",""coordinates"":[-75.91113496387992,9.235126532932423]}"
4194,0.0,1.7423763,488.36462,15.469974,1,0.009153029,0.9458759,30.0,0.44689995,-0.5046282,1.7618477,0.3690456639227989,"{""geodesic"":false,""type"":""Point"",""coordinates"":[-75.95383896158492,8.75315709847219]}"
4195,0.0,0.8091719,3045.9973,3.5,1,0.16234575,0.62715226,90.0,0.60116446,-0.5256588,0.0,0.2701719903280756,"{""geodesic"":false,""type"":""Point"",""coordinates"":[-75.77691882543265,9.17629277911385]}"
4196,0.0,0.31306505,2139.2756,7.830379,1,0.020499397,0.64517957,30.0,0.7556073,-0.6251418,0.46392876,0.6354274616227812,"{""geodesic"":false,""type"":""Point"",""coordinates"":[-75.86610708292967,9.021979452727692]}"
4197,0.0,1.1517644,814.9847,4.5,1,0.26631635,0.30081314,40.0,0.71445245,-0.6172477,0.44022742,0.1897178649245601,"{""geodesic"":false,""type"":""Point"",""coordinates"":[-75.62909842175787,8.963310090397757]}"
4198,0.0,0.0,1500.2999,3.0,1,0.0084399115,0.69887096,90.0,0.6488661,-0.5531973,0.0,0.24291663073129643,"{""geodesic"":false,""type"":""Point"",""coordinates"":[-75.73138176728067,9.206776586121599]}"
4199,0.0,0.26266193,1672.7522,3.0,1,0.20862304,0.14708409,90.0,0.545053,-0.43331283,0.0,0.4785284326446232,"{""geodesic"":false,""type"":""Point"",""coordinates"":[-75.76262485079994,9.13155418174539]}"
4203,0.0,0.37316322,1517.0037,16.51045,1,0.038755786,0.32883978,30.0,0.6676114,-0.6079503,0.55802596,0.30331930127601725,"{""geodesic"":false,""type"":""Point"",""coordinates"":[-76.00960831520233,8.701733653091932]}"
4204,0.0,0.52967715,2362.3928,3.7484007,1,0.0460005,0.5901646,30.0,0.6397782,-0.584074,0.20315914,0.2653705390989939,"{""geodesic"":false,""type"":""Point"",""coordinates"":[-75.77163027513332,9.129635873073898]}"
4205,0.0,0.31025314,258.06976,10.10289,1,0.0084460685,1.5182502,30.0,0.70392424,-0.60407645,0.7398348,0.1839498043341351,"{""geodesic"":false,""type"":""Point"",""coordinates"":[-75.86181900167358,8.93977848270756]}"
4208,0.0,-0.29615688,256.3201,14.949073,1,0.033300243,0.4125021,30.0,0.55976206,-0.5872317,0.6419101,0.5724778797529033,"{""geodesic"":false,""type"":""Point"",""coordinates"":[-75.96087406403606,8.73143371538124]}"
4212,0.0,0.9937954,5201.0,23.045097,1,0.014755269,2.458639,30.0,0.54859966,-0.54562896,2.041126,0.34895131500865195,"{""geodesic"":false,""type"":""Point"",""coordinates"":[-76.03398228739108,8.539964061245367]}"
4215,0.0,0.3068676,296.98486,16.81506,1,0.34608063,0.043520715,30.0,0.45890948,-0.5404959,0.2833639,0.13457382589626632,"{""geodesic"":false,""type"":""Point"",""coordinates"":[-76.00570335195852,8.668914623321172]}"
4216,0.0,-0.34404755,3224.686,19.648933,1,3.539703,0.14714332,30.0,0.56574357,-0.6091844,0.4417136,0.6547989070793131,"{""geodesic"":false,""type"":""Point"",""coordinates"":[-76.0448868535437,8.640321442082978]}"
4218,0.0,3.505043,630.0,4.381482,1,0.06121219,1.4078484,30.0,0.5373832,-0.55801105,1.0446091,0.13609930294884454,"{""geodesic"":false,""type"":""Point"",""coordinates"":[-75.84800391419792,9.215203320887268]}"
4219,0.0,0.0,1471.224,3.0,1,0.017401591,0.019815154,90.0,0.35379463,-0.29317698,0.0,0.2525524507364101,"{""geodesic"":false,""type"":""Point"",""coordinates"":[-75.70341144492217,9.147682205044545]}"
4220,0.0,0.0,67.08204,3.5,1,0.008542916,0.5169248,90.0,0.59927756,-0.5918025,0.0,0.2729322537561769,"{""geodesic"":false,""type"":""Point"",""coordinates"":[-75.68848557077307,9.0524731417985]}"
4221,0.0,-0.8277569,2839.243,18.522896,1,0.010926884,1.7359681,30.0,0.48703805,-0.5357448,2.2125297,0.5654285448166102,"{""geodesic"":false,""type"":""Point"",""coordinates"":[-76.02942129334318,8.667766177924646]}"
4222,0.0,0.3691175,3785.3533,3.5520775,1,2.4919465,0.0,90.0,0.7213483,-0.6344239,0.8894013,0.48242488677582673,"{""geodesic"":false,""type"":""Point"",""coordinates"":[-75.89522217679311,9.205864209028267]}"
4223,0.0,1.0054047,5695.024,2.5916367,1,0.015474367,0.60029346,30.0,0.6407929,-0.6407929,0.17149709,0.5691618466716288,"{""geodesic"":false,""type"":""Point"",""coordinates"":[-75.96749895355364,9.274862047853114]}"
4224,0.0,0.672287,150.0,20.252548,1,0.55189407,0.09587534,30.0,0.5903071,-0.5831697,0.05813159,0.6043770867356001,"{""geodesic"":false,""type"":""Point"",""coordinates"":[-76.04038311060174,8.588512483418018]}"
4225,0.0,0.133852,5038.303,27.770058,1,0.26492816,0.36924687,30.0,0.5216735,-0.5834829,0.7403581,0.4341060349658197,"{""geodesic"":false,""type"":""Point"",""coordinates"":[-76.0291331049842,8.459124284182419]}"
4227,0.0,3.9991913,1140.3947,16.267733,1,0.009410976,0.5672982,30.0,0.63015383,-0.6206791,0.9859079,0.31983788020882975,"{""geodesic"":false,""type"":""Point"",""coordinates"":[-75.98922585787385,8.727833706481533]}"
4229,0.0,0.9529109,2528.7349,3.0,1,0.012854099,2.582732,90.0,0.59374565,-0.56388324,1.2723463,0.42881788315310954,"{""geodesic"":false,""type"":""Point"",""coordinates"":[-75.71022378340803,9.140885660833243]}"
4230,0.0,-1.9388027,3661.9668,21.24996,1,1.3254443,0.5669175,30.0,0.4962338,-0.5538173,4.1426187,0.6434621113004365,"{""geodesic"":false,""type"":""Point"",""coordinates"":[-76.03706744806338,8.672086533731067]}"
4231,0.0,-0.16718674,445.98206,15.428797,1,0.025129072,0.45739016,30.0,0.39233407,-0.48883706,2.3032608,0.3062846872958167,"{""geodesic"":false,""type"":""Point"",""coordinates"":[-75.94074223054335,8.750747992919484]}"
4232,0.0,0.0,579.39624,3.0,1,0.012199624,0.20929758,90.0,0.1406625,-0.090408444,0.0,0.22417026652479333,"{""geodesic"":false,""type"":""Point"",""coordinates"":[-75.67205144002246,9.168362950839033]}"
4233,0.0,0.18137074,1451.2064,3.0,1,0.33194262,0.037994478,40.0,0.5457694,-0.4350023,0.0,0.1374774048191345,"{""geodesic"":false,""type"":""Point"",""coordinates"":[-75.74362538342162,9.185316620941807]}"
4234,0.0,0.12346077,3838.3591,23.977749,1,0.059613947,0.43586162,30.0,0.5500433,-0.55948925,0.09138589,0.13816381691713908,"{""geodesic"":false,""type"":""Point"",""coordinates"":[-76.01049137726078,8.52076238454441]}"
4235,0.0,-0.19046497,0.0,11.441619,1,831.07544,0.13506584,30.0,0.48798,-0.4935757,0.46734887,0.28328043850204676,"{""geodesic"":false,""type"":""Point"",""coordinates"":[-75.88314574201702,8.843951139438213]}"
4236,0.0,0.2178657,560.4462,3.0,1,0.14932355,0.08130501,90.0,0.4507158,-0.43981707,0.0,0.1805796855431261,"{""geodesic"":false,""type"":""Point"",""coordinates"":[-75.75740492691565,9.116099394784127]}"
4239,0.0,0.11085892,1916.716,3.0,1,48.465504,0.16099228,90.0,-0.11640212,0.16915423,1.5350945,0.6553122179943819,"{""geodesic"":false,""type"":""Point"",""coordinates"":[-75.79934343293893,9.191709406554768]}"
4240,0.0,0.24908209,600.0,4.406549,1,0.010050287,1.5334569,40.0,0.65464675,-0.5738985,0.59372663,0.022843140404398277,"{""geodesic"":false,""type"":""Point"",""coordinates"":[-75.82778186289828,9.20900996100034]}"
4242,0.0,-0.44883442,216.33308,12.124696,1,0.018591892,0.37158188,30.0,0.736066,-0.62975127,1.5116972,0.39476548040322046,"{""geodesic"":false,""type"":""Point"",""coordinates"":[-75.89076370942576,8.835522073402473]}"
4243,0.0,-3.653864,964.20953,23.788837,1,0.02471938,0.5215612,30.0,0.61510414,-0.5761118,4.309419,0.6094202942356737,"{""geodesic"":false,""type"":""Point"",""coordinates"":[-76.0431728865978,8.611838051442472]}"
4245,0.0,2.8871002,4817.686,22.198719,1,0.008454826,1.9759296,30.0,0.81938773,-0.7348577,0.16794409,0.5025947008540369,"{""geodesic"":false,""type"":""Point"",""coordinates"":[-76.02037010504559,8.545969131423723]}"
4246,0.0,-0.4476967,420.0,17.289888,1,18.33565,0.15853694,30.0,0.57042664,-0.5249716,0.61163276,0.14382783623526052,"{""geodesic"":false,""type"":""Point"",""coordinates"":[-76.0076177194143,8.671080115403134]}"
4247,0.0,4.7213783,308.8689,22.851196,1,0.008454095,2.595344,30.0,0.5785756,-0.5675044,1.0441368,0.5323612989761054,"{""geodesic"":false,""type"":""Point"",""coordinates"":[-75.97193771198685,8.57946623864121]}"
4249,0.0,0.22874355,60.0,15.245672,1,0.010196588,0.7820714,30.0,0.4367168,-0.51954937,0.5768518,0.38904887834223467,"{""geodesic"":false,""type"":""Point"",""coordinates"":[-75.94593280559236,8.7542622274023]}"
4250,0.0,0.14703298,4860.0,2.5060434,1,0.0141662685,1.0158188,40.0,0.71893996,-0.5999095,0.29554793,0.42632490284986113,"{""geodesic"":false,""type"":""Point"",""coordinates"":[-75.94422792961518,9.253761751481363]}"
4251,0.0,0.86963654,417.85165,15.37077,1,0.039060015,1.200492,30.0,0.5682959,-0.63481134,0.65160537,0.49583255210495725,"{""geodesic"":false,""type"":""Point"",""coordinates"":[-75.948943058102,8.758324497536307]}"
4253,0.0,1.9462295,1223.7646,4.7224402,1,0.008446734,0.28955886,30.0,0.46986264,-0.49757212,0.39415684,0.5684623139555391,"{""geodesic"":false,""type"":""Point"",""coordinates"":[-75.72150594563882,8.91050275676792]}"
4254,0.0,0.9269848,150.0,12.823742,1,1.0167303,0.11438909,30.0,0.55581504,-0.5471435,0.105923936,0.19417368088849507,"{""geodesic"":false,""type"":""Point"",""coordinates"":[-75.9005155860582,8.807281173624073]}"
4256,0.0,-0.17880273,1477.3286,3.956849,1,0.013102888,0.399857,40.0,0.50123715,-0.43116078,0.15614289,0.5417350300699818,"{""geodesic"":false,""type"":""Point"",""coordinates"":[-75.74370758475645,9.093335988174603]}"
4257,0.0,-1.1920834,976.72925,18.441671,1,0.09010955,0.04840196,30.0,0.7643855,-0.5497449,0.44726044,0.20405743485510752,"{""geodesic"":false,""type"":""Point"",""coordinates"":[-75.98503597884911,8.689860028477026]}"
4258,0.0,0.0,1591.1317,3.0,1,0.05233733,0.15827717,90.0,0.3255328,-0.24489796,0.0,0.104633862187277,"{""geodesic"":false,""type"":""Point"",""coordinates"":[-75.7586308505493,9.179316216461846]}"
4260,0.0,0.95071745,1019.11725,4.283462,1,0.03526412,1.8379163,90.0,0.5876556,-0.55696845,2.6882257,0.10647592132151062,"{""geodesic"":false,""type"":""Point"",""coordinates"":[-75.83018700097475,9.18648465403233]}"
4261,37.39033,4.2526226,210.0,20.065022,1,0.008452827,1.0685853,30.0,0.590923,-0.5870297,2.1223056,0.644001206212435,"{""geodesic"":false,""type"":""Point"",""coordinates"":[-76.01216299436561,8.637424786309596]}"
4262,0.0,0.33064604,2976.0544,7.9714193,1,0.47286636,0.08040537,30.0,0.7150717,-0.5947765,0.25308877,0.31806098600426735,"{""geodesic"":false,""type"":""Point"",""coordinates"":[-75.87347150517702,9.020062767623962]}"
4263,0.0,4.901968,5345.8115,29.474745,1,0.2460751,4.217354,30.0,0.5606557,-0.40516606,3.5429914,0.39030606297262815,"{""geodesic"":false,""type"":""Point"",""coordinates"":[-75.92187329953579,8.949401546466207]}"
4264,0.0,0.0,1083.7435,3.0,1,0.017588414,0.7500599,90.0,0.540317,-0.3309513,0.0,0.37779876895880327,"{""geodesic"":false,""type"":""Point"",""coordinates"":[-75.66632600687255,9.17298619423357]}"
4265,0.0,0.23411942,308.8689,16.952839,1,0.38646242,0.06933423,30.0,0.31420764,-0.45904955,0.16148153,0.13429312424638673,"{""geodesic"":false,""type"":""Point"",""coordinates"":[-76.00488322447187,8.668102829583292]}"
4267,0.0,0.0,42.426407,3.0,1,8.57439,1.2634796,40.0,0.4206172,-0.3552994,0.0,0.08742990895844549,"{""geodesic"":false,""type"":""Point"",""coordinates"":[-75.77837240878287,9.216717208300256]}"
4268,0.0,-0.38184452,1041.3933,16.018875,1,0.34462506,0.22698368,30.0,0.5470086,-0.5872552,1.5168054,0.6897142438364703,"{""geodesic"":false,""type"":""Point"",""coordinates"":[-75.929546578001,8.745077888591302]}"
4269,0.0,1.5377235,3730.1475,14.386889,1,32.977806,0.9149493,30.0,0.57262695,-0.6103074,0.6920356,0.32378978805679537,"{""geodesic"":false,""type"":""Point"",""coordinates"":[-75.94113934584504,8.800127398461893]}"
4271,0.0,0.98970604,1565.1837,10.046526,1,0.87963444,0.31189537,40.0,0.3683137,-0.31340095,0.5501996,0.147471732451104,"{""geodesic"":false,""type"":""Point"",""coordinates"":[-75.76424193853265,8.728353509808857]}"
4272,0.0,0.89095783,0.0,12.719079,1,547.3667,0.19579898,30.0,0.5435149,-0.5221484,0.16888823,0.14931673981675098,"{""geodesic"":false,""type"":""Point"",""coordinates"":[-75.88960371481816,8.806764489281287]}"
4274,0.0,0.8082571,2791.7737,4.0,1,0.018437123,0.608411,90.0,0.7201432,-0.60668695,0.4428966,0.5523457566284975,"{""geodesic"":false,""type"":""Point"",""coordinates"":[-75.86483697000583,9.17500788050565]}"
4275,0.0,-0.5517645,1504.7924,3.7852821,1,0.0131317945,0.7587305,40.0,0.40503743,-0.45762712,1.3180898,0.2754958846240054,"{""geodesic"":false,""type"":""Point"",""coordinates"":[-75.76504037852509,9.112013501843037]}"
4276,0.0,-2.0900555,120.0,21.846804,1,0.00845381,0.29183462,30.0,0.7185332,-0.61152416,1.7479852,0.5534373107986911,"{""geodesic"":false,""type"":""Point"",""coordinates"":[-76.053205497875,8.592276062588587]}"
4278,0.0,-1.0828891,1859.5161,5.259234,1,0.011015021,1.2768866,90.0,0.66713923,-0.6004355,0.3108747,0.19232936308052995,"{""geodesic"":false,""type"":""Point"",""coordinates"":[-75.85989478454874,9.163624185271374]}"
4279,0.0,-0.38333893,1489.7651,19.559505,1,0.87095475,0.26267883,30.0,0.6207688,-0.6138246,0.17462182,0.5082640789128929,"{""geodesic"":false,""type"":""Point"",""coordinates"":[-76.02852747578181,8.639823069582286]}"
4280,0.0,-0.0023899078,2235.755,16.858192,1,3.136476,0.08879578,30.0,0.6853204,-0.62810135,0.026623538,0.5319000707753629,"{""geodesic"":false,""type"":""Point"",""coordinates"":[-75.97816788615657,8.67007140753676]}"
4281,0.0,0.0,1328.1566,3.0,1,0.009941058,2.4930835,40.0,0.54142356,-0.44886208,0.0,0.09129868566931831,"{""geodesic"":false,""type"":""Point"",""coordinates"":[-75.80452849286522,9.190341265298647]}"
4286,0.0,0.0,2482.0354,3.0,1,0.036004167,0.074464634,90.0,0.45715177,-0.41268882,0.0,0.3173920519244272,"{""geodesic"":false,""type"":""Point"",""coordinates"":[-75.70229485930834,9.135203136907421]}"
4287,0.0,0.32584286,2979.8323,7.9458632,1,0.095751695,0.32588083,30.0,0.676716,-0.5941139,0.1496544,0.5448153516971399,"{""geodesic"":false,""type"":""Point"",""coordinates"":[-75.87319597283991,9.018978133198848]}"
4289,0.0,0.46141052,150.0,3.0,1,0.008631516,0.8169817,90.0,0.6749206,-0.56427896,0.0,0.13188812131959093,"{""geodesic"":false,""type"":""Point"",""coordinates"":[-75.72586829860298,9.181282804079379]}"
4290,0.0,0.0,900.0,3.5,1,0.04038127,0.58803594,40.0,0.6466728,-0.54431313,0.0,0.04816217099780207,"{""geodesic"":false,""type"":""Point"",""coordinates"":[-75.69667332842674,9.051914996281495]}"
4292,0.0,0.0,192.09373,3.0,1,4.770389,0.86402273,90.0,0.36909357,-0.5005106,0.0,0.016918272626803676,"{""geodesic"":false,""type"":""Point"",""coordinates"":[-75.70410533722847,9.222568046597164]}"
4293,0.0,0.0,2371.7083,3.5,1,1.5262425,0.020651892,40.0,0.6875769,-0.5585006,0.0,0.24697928173346073,"{""geodesic"":false,""type"":""Point"",""coordinates"":[-75.66913798348952,9.07014571071841]}"
4294,54.749687,0.19789267,3206.7742,5.617255,1,0.2846072,0.31324235,30.0,0.60479337,-0.569481,0.15718561,0.4087229811581724,"{""geodesic"":false,""type"":""Point"",""coordinates"":[-75.87324426215841,9.151654139145894]}"
4295,0.0,0.0,1189.8319,3.0,1,0.12896717,0.47368816,90.0,0.6812823,-0.5974827,0.0,0.11613643587050959,"{""geodesic"":false,""type"":""Point"",""coordinates"":[-75.7045714906232,9.182138947415153]}"
4296,0.0,-0.033040524,6123.602,4.466268,1,0.00846309,2.8022249,30.0,0.40399384,-0.47376135,0.50494355,0.24253667714625105,"{""geodesic"":false,""type"":""Point"",""coordinates"":[-75.64247832978934,9.121747174698175]}"
4297,32.727192,0.45477676,1146.2983,14.163148,1,0.0084479125,1.5270579,10.0,0.7545433,-0.68,2.966295,0.2341179511805731,"{""geodesic"":false,""type"":""Point"",""coordinates"":[-75.82834566713667,8.858185346609577]}"
4298,0.0,3.2558289,1781.909,16.951956,1,0.03721227,1.1644149,30.0,0.47183308,-0.52879256,2.2036462,0.24826239415223028,"{""geodesic"":false,""type"":""Point"",""coordinates"":[-76.00771698804738,8.70825026579331]}"
4299,0.0,1.5703754,84.85281,16.366995,1,0.008451001,2.3964,30.0,0.5983994,-0.58685446,0.8923068,0.1625497333849102,"{""geodesic"":false,""type"":""Point"",""coordinates"":[-75.97829739750503,8.719993794670259]}"
4301,35.044937,0.95792294,182.48288,5.7544627,1,0.05039346,0.021025743,30.0,0.6949412,-0.60824245,1.4582859,0.11869572734028477,"{""geodesic"":false,""type"":""Point"",""coordinates"":[-75.83989200491717,9.133283007822614]}"
4302,0.0,0.0,0.0,4.0,1,384.2623,0.08539244,90.0,0.7740955,-0.64923686,0.0,0.16268191137913202,"{""geodesic"":false,""type"":""Point"",""coordinates"":[-75.61605019471048,8.993450574224305]}"
4303,0.0,-0.57704973,1785.1891,6.5580783,1,0.03442393,1.5086417,30.0,0.46969342,-0.51800823,0.21782494,0.608165861815871,"{""geodesic"":false,""type"":""Point"",""coordinates"":[-75.8603684884765,9.133506398412415]}"
4304,0.0,0.6724572,5144.803,4.7775283,1,0.008442094,2.5352967,30.0,0.36248785,-0.49228314,0.13687788,0.36817561714484515,"{""geodesic"":false,""type"":""Point"",""coordinates"":[-75.66812505466636,9.112746957078269]}"
4305,0.0,0.055630445,510.8816,3.8032634,1,0.036227264,0.28702527,40.0,0.3732425,-0.37204924,0.122390516,0.32515997457896706,"{""geodesic"":false,""type"":""Point"",""coordinates"":[-75.76429707696813,9.147558993894721]}"
4306,0.0,0.0,276.58633,3.5,1,0.06501032,0.8204232,90.0,0.65715206,-0.51429415,0.0,0.6702022793482632,"{""geodesic"":false,""type"":""Point"",""coordinates"":[-75.71013903815185,9.098015525345374]}"
4307,0.0,0.0968976,2505.853,4.0594845,1,0.008442747,0.5668829,40.0,0.5931461,-0.5601817,0.39041665,0.034762046149138026,"{""geodesic"":false,""type"":""Point"",""coordinates"":[-75.7499676736223,9.084369307080127]}"
4308,0.0,0.0,30.0,3.0,1,0.025230503,0.0,90.0,0.16743237,-0.13752797,0.0,0.16759740905945597,"{""geodesic"":false,""type"":""Point"",""coordinates"":[-75.70163467669045,9.21606095252317]}"
4309,0.0,2.1726532,3180.0,18.606949,1,0.023623114,1.0142967,30.0,0.6349791,-0.58513933,0.511273,0.3540758718703665,"{""geodesic"":false,""type"":""Point"",""coordinates"":[-75.97320633862303,8.649192442081588]}"
4312,0.0,0.4852047,3152.285,17.954102,1,0.04674703,1.5967132,30.0,0.7233444,-0.6201923,0.535707,0.6747183667812577,"{""geodesic"":false,""type"":""Point"",""coordinates"":[-75.9694351657614,8.667109151589582]}"
4313,0.0,0.50018525,2269.9119,1.1579709,1,0.008436941,0.885455,30.0,0.58355266,-0.55290323,1.1999106,0.35527164128126676,"{""geodesic"":false,""type"":""Point"",""coordinates"":[-75.96956989171474,9.33264570894535]}"
4314,0.0,24.192966,7219.0996,0.0,1,0.010822342,6.285706,95.0,0.23734534,-0.08803165,7.053652,0.5763093959962377,"{""geodesic"":false,""type"":""Point"",""coordinates"":[-75.85679924393077,9.351113586904491]}"
4321,0.0,1.7734728,1116.0646,13.621047,1,0.117963694,1.5721736,30.0,0.65021735,-0.5876999,0.17643273,0.6615229959641317,"{""geodesic"":false,""type"":""Point"",""coordinates"":[-75.88138675104076,8.792403615339744]}"
4322,0.0,0.5633726,1380.326,2.5,1,0.6679335,0.14910921,90.0,0.62012863,-0.5353173,0.0,0.30986818965000773,"{""geodesic"":false,""type"":""Point"",""coordinates"":[-75.87915502160354,9.223539495583173]}"
4323,0.0,5.89843,1390228.5,94.565125,1,0.03439292,9.087637,90.0,0.05229937,0.04226508,2.614245,0.061347259601899795,"{""geodesic"":false,""type"":""Point"",""coordinates"":[-75.43556676385593,9.153258349102723]}"
4325,0.0,0.0996542,1448.1022,11.34153,1,0.2728292,0.081863925,30.0,0.63852555,-0.5829983,2.441212,0.15730902900455623,"{""geodesic"":false,""type"":""Point"",""coordinates"":[-75.88732092832468,8.878670686940783]}"
4327,0.0,0.0,342.0526,3.5,1,0.022856735,0.25253257,30.0,0.69972384,-0.58344054,0.0,0.48031971968614884,"{""geodesic"":false,""type"":""Point"",""coordinates"":[-75.68795925778761,9.062784790322882]}"
4328,0.0,-0.50444126,7862.5757,8.112183,1,0.04839663,0.27994227,30.0,0.648392,-0.5736842,1.2999007,0.3741795197548713,"{""geodesic"":false,""type"":""Point"",""coordinates"":[-75.63356699046865,8.8642640642145]}"
4330,0.0,2.2876759,364.96576,24.800194,1,0.012969992,0.6804504,30.0,0.56666666,-0.5733333,0.9299519,0.6162320844852718,"{""geodesic"":false,""type"":""Point"",""coordinates"":[-75.98644034588541,8.494777391182128]}"
4331,0.0,0.0,2082.7866,3.0,1,0.17638396,0.43441126,90.0,0.45446348,-0.4884651,0.0,0.08077704111546158,"{""geodesic"":false,""type"":""Point"",""coordinates"":[-75.76491105128055,9.179302979907886]}"
4333,0.0,1.3288298,2030.4926,3.5,1,0.018861817,0.65005124,40.0,0.24452151,-0.26384887,0.0,0.04686336263353352,"{""geodesic"":false,""type"":""Point"",""coordinates"":[-75.74944314859432,9.094680893494932]}"
4335,0.0,1.2365208,2333.8381,23.274021,1,0.8668512,0.07663787,30.0,0.5946484,-0.54879737,0.1336061,0.1858467548898981,"{""geodesic"":false,""type"":""Point"",""coordinates"":[-75.99766047291774,8.512655952532237]}"
4337,0.0,11.330587,5350.6074,0.0,1,0.02724163,3.3189573,90.0,0.10479042,0.004048583,7.3212886,0.14710032726203848,"{""geodesic"":false,""type"":""Point"",""coordinates"":[-75.87097819590026,9.340497696154635]}"
4338,0.0,-1.8436468,3451.1738,4.6241994,1,0.028435431,0.41774687,30.0,0.3771682,-0.46944046,0.9300216,0.28452521099043115,"{""geodesic"":false,""type"":""Point"",""coordinates"":[-75.69299061205993,9.124096408106452]}"
4339,0.0,-0.46799564,270.0,16.300564,1,0.011093448,2.3624365,30.0,0.3938585,-0.41847825,0.2661481,0.38128347026298004,"{""geodesic"":false,""type"":""Point"",""coordinates"":[-75.98131828642576,8.72812555617344]}"
4340,0.0,0.36137676,848.52814,13.326544,1,0.6538472,0.23042719,30.0,0.5160466,-0.5681551,0.5367425,0.3421253236592433,"{""geodesic"":false,""type"":""Point"",""coordinates"":[-75.91485034502743,8.757594534291425]}"
4341,0.0,1.4738507,1006.2306,3.0,1,0.08593707,0.0,90.0,0.6323764,-0.5287528,0.50266826,0.5173340263785445,"{""geodesic"":false,""type"":""Point"",""coordinates"":[-75.79637983505114,9.209623387291202]}"
4342,0.0,-7.5902786,2145.3672,16.838419,1,0.009519708,0.32809442,30.0,0.6692991,-0.6334219,5.78476,0.3211356016532214,"{""geodesic"":false,""type"":""Point"",""coordinates"":[-75.98029414242394,8.753632126772118]}"
4343,0.0,-0.43889666,1566.046,8.026185,1,0.1279798,1.2155726,30.0,0.6458663,-0.56392294,0.990852,0.6929079689451143,"{""geodesic"":false,""type"":""Point"",""coordinates"":[-75.60070639196557,8.956845158301366]}"
4344,0.0,0.7094383,1140.3947,11.913658,1,0.69745135,0.4976173,30.0,0.4241399,-0.48967552,0.17542058,0.32362043497216675,"{""geodesic"":false,""type"":""Point"",""coordinates"":[-75.89920295529224,8.828447531538112]}"
4346,0.0,2.4287949,1471.224,21.509129,1,0.008454131,1.5110636,30.0,0.5247191,-0.55663896,1.110472,0.3070906623423292,"{""geodesic"":false,""type"":""Point"",""coordinates"":[-76.03299371178137,8.577679706928263]}"
4349,0.0,-0.032154083,5560.045,23.410501,1,0.011752956,0.8014506,30.0,0.55002767,-0.5586437,0.083765425,0.37381032476213705,"{""geodesic"":false,""type"":""Point"",""coordinates"":[-76.03370096496508,8.536709009680527]}"
4350,0.0,0.0,2305.1248,3.0,1,33.34594,0.8874103,90.0,0.5394548,-0.4660473,0.0,0.05747788274338561,"{""geodesic"":false,""type"":""Point"",""coordinates"":[-75.66056280521691,9.15725945009857]}"
4351,0.0,-0.08025551,384.18747,13.905015,1,101.40944,0.049764946,30.0,0.41909662,-0.38814318,0.52771896,0.39387028135231006,"{""geodesic"":false,""type"":""Point"",""coordinates"":[-75.92008288656535,8.778202351819239]}"
4352,0.0,0.0,510.0,3.0,1,61.057446,0.0,90.0,0.115597956,-0.11288181,0.0,0.6022057371041599,"{""geodesic"":false,""type"":""Point"",""coordinates"":[-75.78682646432144,9.21154365395723]}"
4353,0.0,0.84407616,2687.6384,17.891293,1,0.05771288,2.981055,30.0,0.6657079,-0.5822708,0.80331016,0.3929838836381566,"{""geodesic"":false,""type"":""Point"",""coordinates"":[-75.96864013219817,8.67606473451887]}"
4354,0.0,0.037457943,713.09186,4.165678,1,0.014176918,1.1569124,40.0,0.46563435,-0.43866667,0.23588966,0.68796961432025,"{""geodesic"":false,""type"":""Point"",""coordinates"":[-75.7397329119008,9.151679866490122]}"
4355,0.0,-1.9420509,394.58838,9.303551,1,0.025681004,0.48397273,30.0,0.52465755,-0.4800532,0.3075107,0.20060040282239688,"{""geodesic"":false,""type"":""Point"",""coordinates"":[-75.77842088976911,8.727239358421658]}"
4356,0.0,1.8276224,818.84064,11.362001,1,0.017986862,0.42045513,30.0,0.66834974,-0.5841534,1.6225452,0.6422377267017539,"{""geodesic"":false,""type"":""Point"",""coordinates"":[-75.89787057385783,8.84147423325193]}"
4359,0.0,2.0332832,3379.3638,14.922675,1,0.07845265,1.1716478,30.0,0.5853205,-0.6503521,0.50763714,0.37672492752813747,"{""geodesic"":false,""type"":""Point"",""coordinates"":[-75.95230150667227,8.791959736524914]}"
4360,0.0,2.2016554,797.1198,15.331561,1,0.016315874,0.64743483,30.0,0.5856383,-0.58311206,0.50036216,0.6678272874081534,"{""geodesic"":false,""type"":""Point"",""coordinates"":[-75.94914023227774,8.72847872737589]}"
4363,0.0,0.0,593.9697,3.0,1,0.06478525,0.0,90.0,0.40024087,-0.2748538,0.0,0.32690584315420224,"{""geodesic"":false,""type"":""Point"",""coordinates"":[-75.71248799488434,9.181038103862347]}"
4364,0.0,0.33446836,5201.0,2.6097763,1,0.019489868,0.31415385,30.0,0.63113534,-0.58630663,0.35400382,0.5717357774677683,"{""geodesic"":false,""type"":""Point"",""coordinates"":[-75.94643810497423,9.263251898619119]}"
4365,0.0,0.0,161.55495,3.0,1,0.0432798,0.25408587,90.0,0.72771895,-0.60807884,0.0,0.05143490199065637,"{""geodesic"":false,""type"":""Point"",""coordinates"":[-75.71302380890837,9.175881777187548]}"
4366,0.0,0.16430092,2154.1587,3.0,1,0.0104638375,5.7374864,90.0,0.78047264,-0.6737796,0.0,0.20576536842917137,"{""geodesic"":false,""type"":""Point"",""coordinates"":[-75.79688407898986,9.190900870048836]}"
4367,0.0,-2.8319635,1090.7795,17.280924,1,0.014260814,0.78449214,30.0,0.5561427,-0.58014756,5.7193503,0.06160859253717765,"{""geodesic"":false,""type"":""Point"",""coordinates"":[-75.93609650593042,8.746961008412802]}"
4368,0.0,1.3153296,2942.448,4.3765225,1,0.0831921,1.1668286,30.0,0.73679936,-0.65633714,0.3327154,0.6616395936390669,"{""geodesic"":false,""type"":""Point"",""coordinates"":[-75.79029760001424,9.175992456520879]}"
4369,0.0,2.6996078,2658.0068,18.743824,1,0.008523528,0.8889193,30.0,0.4485224,-0.535624,1.5298812,0.2019991691710883,"{""geodesic"":false,""type"":""Point"",""coordinates"":[-75.991630657855,8.60492016079118]}"
4371,0.0,-0.052728653,977.1898,16.161997,1,0.030883865,1.994126,30.0,0.6266129,-0.5635659,0.17896132,0.24500268700633987,"{""geodesic"":false,""type"":""Point"",""coordinates"":[-75.97308883407291,8.7094257240687]}"
4373,0.0,0.07252312,296.98486,22.759352,1,0.056511622,1.0608665,30.0,0.5628627,-0.5794471,0.23947558,0.18177424907465534,"{""geodesic"":false,""type"":""Point"",""coordinates"":[-75.9708466480738,8.579197664256304]}"
4375,0.0,0.5969782,1018.23376,3.0,1,19.7234,0.91969967,90.0,0.5750766,-0.50556535,0.0,0.20236668103840982,"{""geodesic"":false,""type"":""Point"",""coordinates"":[-75.759032067663,9.110940766891142]}"
4376,0.0,1.2379951,2927.422,18.521873,1,11.165211,0.006259877,30.0,0.519429,-0.5522549,0.95534503,0.6540209842186291,"{""geodesic"":false,""type"":""Point"",""coordinates"":[-75.99028100619567,8.610078705528014]}"
4377,0.0,0.33372545,593.9697,4.299449,1,0.22156973,0.089409016,30.0,0.6040721,-0.56510293,0.20610388,0.5514557992294056,"{""geodesic"":false,""type"":""Point"",""coordinates"":[-75.68754241454656,8.9868121516363]}"
4378,0.0,0.88124704,4327.5977,3.0,1,0.008441213,0.2894603,30.0,0.4034625,-0.4203237,0.0,0.04923003999463915,"{""geodesic"":false,""type"":""Point"",""coordinates"":[-75.64280338648277,9.150779378237111]}"
4379,0.0,0.0,42.426407,4.0,1,40.802578,0.30965537,90.0,0.7866525,-0.6596007,0.0,0.36115220755242794,"{""geodesic"":false,""type"":""Point"",""coordinates"":[-75.61032023692148,8.994274119242288]}"
4380,0.0,1.076406,5712.6177,2.5265884,1,0.014829303,1.2660303,30.0,0.43070865,-0.49732178,0.53774357,0.11570088404325807,"{""geodesic"":false,""type"":""Point"",""coordinates"":[-75.95436029499652,9.264044820850264]}"
4382,0.0,0.4353323,5911.827,3.0,1,0.17510256,0.030943329,90.0,0.33037248,-0.3942943,0.0,0.6031362444257601,"{""geodesic"":false,""type"":""Point"",""coordinates"":[-75.64003328348815,9.128534853364435]}"
4383,0.0,0.0,108.16654,3.0,1,34.833324,0.5950334,90.0,0.6231709,-0.5204182,0.0,0.4849801802939975,"{""geodesic"":false,""type"":""Point"",""coordinates"":[-75.75249084671508,9.11610959099294]}"
4384,0.0,-0.40985107,296.98486,13.951693,1,3.1677954,0.026501816,30.0,0.444616,-0.54318696,0.14923552,0.3756825072911161,"{""geodesic"":false,""type"":""Point"",""coordinates"":[-75.91597247629957,8.77034399258245]}"
4386,0.0,0.04394722,2846.8403,21.76373,1,15.713438,9.4826455E-4,30.0,0.6568952,-0.58613956,0.101081915,0.13817309796167387,"{""geodesic"":false,""type"":""Point"",""coordinates"":[-76.05585202490283,8.5635094861517]}"
4387,0.0,0.0,6033.059,3.0,1,0.018233644,1.9306085,90.0,0.43953592,-0.4406073,0.0,0.576209797048578,"{""geodesic"":false,""type"":""Point"",""coordinates"":[-75.63975736112447,9.126907331332566]}"
4388,0.0,0.7488365,0.0,5.8842616,1,217.41534,0.37863684,40.0,0.5814461,-0.58101475,0.19233304,0.4902719485056005,"{""geodesic"":false,""type"":""Point"",""coordinates"":[-75.85267007361354,9.110733491512168]}"
4389,43.31861,0.18341255,1615.5494,16.838785,1,0.01016967,0.64718705,30.0,0.5767407,-0.5615423,0.289979,0.5666055273239663,"{""geodesic"":false,""type"":""Point"",""coordinates"":[-75.99385527758561,8.725379752935114]}"
4390,0.0,0.18008614,283.01944,10.081338,1,0.0907994,0.06352639,30.0,0.59732187,-0.5814394,0.26547927,0.4515743323839091,"{""geodesic"":false,""type"":""Point"",""coordinates"":[-75.87180492882617,8.893358761709875]}"
4391,0.0,1.8708591,4200.4287,5.0315356,1,0.016807107,1.2373624,30.0,0.7281349,-0.61775583,0.2659137,0.12722338065214178,"{""geodesic"":false,""type"":""Point"",""coordinates"":[-75.92612201621924,9.22260770531047]}"
4393,0.0,0.0,2868.1003,3.0,1,1.9957691,0.42041796,90.0,0.30014226,-0.32698822,0.0,0.42424267467300614,"{""geodesic"":false,""type"":""Point"",""coordinates"":[-75.69928209368537,9.13032498557408]}"
4394,0.0,0.4760704,806.10175,13.282809,1,0.111565985,0.9279531,30.0,0.5086705,-0.5146399,0.3166323,0.20570968585717753,"{""geodesic"":false,""type"":""Point"",""coordinates"":[-75.88685474787927,8.797817274755271]}"
4395,0.0,0.25762367,474.34164,11.457804,1,3.2436786,0.19671313,30.0,0.47689232,-0.53359276,0.17492485,0.4219461033115449,"{""geodesic"":false,""type"":""Point"",""coordinates"":[-75.89458532010694,8.836598269804222]}"
4397,0.0,-0.054555416,4575.1724,4.855484,1,0.011369261,1.0002354,30.0,0.43305218,-0.4865345,0.18867718,0.575719586687144,"{""geodesic"":false,""type"":""Point"",""coordinates"":[-75.64784979902089,9.072354730612224]}"
4398,0.0,-0.10291386,1923.9802,7.1403675,1,6.718401,0.34799668,30.0,0.7062483,-0.59696203,0.28629014,0.31075522267342015,"{""geodesic"":false,""type"":""Point"",""coordinates"":[-75.86455365084586,9.057255044374399]}"
4400,0.0,0.89976144,3055.2905,3.8333578,1,0.047801215,0.2306848,30.0,0.4421442,-0.39996412,0.85853213,0.1179588866960215,"{""geodesic"":false,""type"":""Point"",""coordinates"":[-75.66067030108142,9.067176430298243]}"
4401,0.0,2.3867702,902.4965,11.1209755,1,0.026365526,1.1155399,30.0,0.4088962,-0.4867872,0.6999751,0.07255470210893211,"{""geodesic"":false,""type"":""Point"",""coordinates"":[-75.87726538946083,8.894973889583463]}"
4406,0.0,-0.15002012,523.9275,4.320299,1,0.04199723,1.1850588,30.0,0.42218497,-0.51038575,0.056290008,0.2137247648147107,"{""geodesic"":false,""type"":""Point"",""coordinates"":[-75.73088193492188,9.229297856419851]}"
4407,0.0,0.0,2206.581,3.0,1,0.008677267,2.3910158,90.0,0.522256,-0.4165166,0.0,0.3967600583087205,"{""geodesic"":false,""type"":""Point"",""coordinates"":[-75.81291853454965,9.157492261381105]}"
4408,0.0,3.9331074,323.1099,12.854595,1,0.030118275,0.89099133,30.0,0.4686941,-0.5439586,0.067627534,0.11105199391878806,"{""geodesic"":false,""type"":""Point"",""coordinates"":[-75.8874520246469,8.819521809021921]}"
4410,0.0,0.0,5825.3325,3.0,1,0.009846295,2.3270679,90.0,0.39382464,-0.44191653,0.0,0.3801092284542399,"{""geodesic"":false,""type"":""Point"",""coordinates"":[-75.63921953830328,9.13152096686446]}"
4412,0.0,0.0,930.0,5.0,1,0.014611872,0.0,90.0,0.49539876,-0.27952754,0.0,0.4594724102110953,"{""geodesic"":false,""type"":""Point"",""coordinates"":[-75.85189677592162,9.12999918219625]}"
4413,0.0,0.4619999,1230.0,16.743128,1,0.18926294,0.44717786,30.0,0.79934853,-0.5814486,0.16800745,0.42107020130023765,"{""geodesic"":false,""type"":""Point"",""coordinates"":[-75.96105252141031,8.694533715550898]}"
4414,0.0,0.42548943,120.0,12.459419,1,0.06254055,0.62332976,30.0,0.60382277,-0.5582442,0.2883423,0.4430772411271806,"{""geodesic"":false,""type"":""Point"",""coordinates"":[-75.90835103690915,8.776602833967033]}"
4415,0.0,3.0021458,804.9845,20.382208,1,0.008453196,1.4002439,30.0,0.4535759,-0.50699186,0.6662125,0.22961337369455836,"{""geodesic"":false,""type"":""Point"",""coordinates"":[-76.0063938885463,8.62088958958905]}"
4416,0.0,0.65929985,2190.0,2.2630367,1,0.022133201,0.2879103,30.0,0.7446808,-0.67970204,0.18399593,0.4882657111594081,"{""geodesic"":false,""type"":""Point"",""coordinates"":[-75.91804860781322,9.268480767480945]}"
4418,0.0,0.13185334,3178.443,3.5,1,0.009430712,0.6618151,30.0,0.32051283,-0.397114,0.0,0.08173261880414084,"{""geodesic"":false,""type"":""Point"",""coordinates"":[-75.66888662566325,9.081813528594331]}"
4419,0.0,5.7499523,0.0,20.5,1,2810.6384,1.0497466,80.0,-0.43344155,0.5084507,0.0,0.15782971423838088,"{""geodesic"":false,""type"":""Point"",""coordinates"":[-75.97304674292621,8.586789112128873]}"
4420,0.0,1.7861042,780.0,24.362795,1,0.01253874,1.1653256,30.0,0.49327594,-0.57637703,0.13513955,0.4091294989308383,"{""geodesic"":false,""type"":""Point"",""coordinates"":[-75.97860025541402,8.519758757816192]}"
4421,0.0,-0.1258049,2254.9944,17.522215,1,0.02503953,1.1692042,30.0,0.42529857,-0.49871862,0.12090569,0.25024385541991745,"{""geodesic"":false,""type"":""Point"",""coordinates"":[-75.97761555726208,8.667359626334683]}"
4422,0.0,0.115169525,1106.3453,19.044224,1,0.05866393,0.21869333,30.0,0.5218509,-0.56613755,0.34395397,0.596506861941321,"{""geodesic"":false,""type"":""Point"",""coordinates"":[-75.99445111963378,8.640998287590905]}"
4424,0.0,-0.8729534,1650.2727,20.52782,1,0.015112685,0.95000666,30.0,0.62789416,-0.58848846,1.3724191,0.33101600695543365,"{""geodesic"":false,""type"":""Point"",""coordinates"":[-76.01805562620015,8.598068211832626]}"
4425,0.0,0.0,2977.415,3.0,1,0.27212846,0.17181148,90.0,0.6904,-0.58752817,0.0,0.31694518695092977,"{""geodesic"":false,""type"":""Point"",""coordinates"":[-75.81071338108038,9.148272170513675]}"
4428,0.0,-0.21403885,108.16654,20.270277,1,0.008453587,0.257339,30.0,0.6194666,-0.5966387,0.3850822,0.021788687488459524,"{""geodesic"":false,""type"":""Point"",""coordinates"":[-76.03987637656734,8.60262225945529]}"
4431,0.0,0.29465222,3440.7266,3.8775246,1,0.115561835,0.049685687,90.0,0.6325926,-0.54298514,1.1321938,0.4544002236577782,"{""geodesic"":false,""type"":""Point"",""coordinates"":[-75.89988209705814,9.212906862859622]}"
4432,0.0,0.0,1320.0,3.0,1,1.267191,1.6899743,90.0,0.72249335,-0.6216358,0.0,0.33708524579550136,"{""geodesic"":false,""type"":""Point"",""coordinates"":[-75.72234990688781,9.196755624970718]}"
4433,0.0,0.0,0.0,3.0,1,675.81287,0.774053,90.0,0.047644258,-0.056029882,0.0,0.619786273237429,"{""geodesic"":false,""type"":""Point"",""coordinates"":[-75.68569399081962,9.163182053779938]}"
4434,0.0,0.40323043,3207.616,3.5,1,0.03139395,0.7360175,90.0,0.10245901,-0.077077076,0.39240718,0.3848772884180801,"{""geodesic"":false,""type"":""Point"",""coordinates"":[-75.77994074696684,9.184697379193851]}"
4436,0.0,0.0,408.04413,3.0,1,0.008440873,1.2302711,30.0,0.5960247,-0.49184033,0.0,0.32265171194300024,"{""geodesic"":false,""type"":""Point"",""coordinates"":[-75.68924827624365,9.165617288385915]}"
4437,0.0,0.9461651,1023.9629,20.238478,1,3.2958412,0.8006619,30.0,0.33825135,-0.44398585,0.25735733,0.09037386989568741,"{""geodesic"":false,""type"":""Point"",""coordinates"":[-75.92890393282978,8.594495082506906]}"
4439,0.0,-0.70934486,421.07007,12.940058,1,0.031885624,0.45027345,30.0,0.5346623,-0.5443114,0.26278967,0.4562518604040592,"{""geodesic"":false,""type"":""Point"",""coordinates"":[-75.90678320276156,8.804824210852692]}"
4441,0.0,0.0,2330.944,3.0,1,0.031272475,0.0,90.0,0.35751295,-0.25358853,0.0,0.5782270750238494,"{""geodesic"":false,""type"":""Point"",""coordinates"":[-75.7616692017317,9.195589447843636]}"
4442,0.0,-6.1777415,3899.1921,8.51804,1,0.12253022,0.8395498,30.0,0.6762306,-0.6416602,3.0401354,0.31838901948430687,"{""geodesic"":false,""type"":""Point"",""coordinates"":[-75.93353854177776,9.239138745923816]}"
4443,0.0,0.9118147,1082.0813,10.380989,1,0.008450453,2.026981,30.0,0.4989148,-0.52224827,0.43513173,0.16702431486805025,"{""geodesic"":false,""type"":""Point"",""coordinates"":[-75.75636543556568,8.744377987197486]}"
4445,0.0,0.094810486,4694.593,12.84784,1,6.887548,1.0094496,30.0,0.75975126,-0.68772024,0.20113029,0.03793395083545925,"{""geodesic"":false,""type"":""Point"",""coordinates"":[-75.92303474861147,8.868545204834076]}"
4447,0.0,0.0,2135.2751,3.5,1,1.0990815,0.013019283,90.0,0.17388079,-0.15082444,0.0,0.2200766223795575,"{""geodesic"":false,""type"":""Point"",""coordinates"":[-75.68910447872159,9.090729914759583]}"
4448,0.0,-1.4895973,366.19666,5.830722,1,0.3472982,0.23307152,90.0,0.68901795,-0.5963074,0.49008888,0.33932511695734746,"{""geodesic"":false,""type"":""Point"",""coordinates"":[-75.84860784316334,9.124580431754735]}"
4449,0.0,5.184498,2670.674,20.778944,1,0.013864664,0.8781929,30.0,0.6320375,-0.6195544,3.3005004,0.6564036222681038,"{""geodesic"":false,""type"":""Point"",""coordinates"":[-76.01230936191496,8.589943828364039]}"
4450,0.0,1.0464249,1465.0939,16.894222,1,0.21514188,0.1665194,30.0,0.6280788,-0.55118805,0.26143247,0.5270738488171667,"{""geodesic"":false,""type"":""Point"",""coordinates"":[-76.01527759958726,8.680555903605086]}"
4453,48.685074,0.3896513,67.08204,10.163136,1,45.53228,1.166885,90.0,0.54173845,-0.510511,0.280146,0.08084222513854755,"{""geodesic"":false,""type"":""Point"",""coordinates"":[-75.78224679719285,8.731030144780556]}"
4455,0.0,-0.102030754,2914.9443,6.124472,1,0.2814212,0.31200412,30.0,0.63946116,-0.56683075,1.1231493,0.6325967699536441,"{""geodesic"":false,""type"":""Point"",""coordinates"":[-75.62347157743847,9.024099202018377]}"
4456,0.0,0.0,517.8803,3.0,1,0.019960955,0.0,90.0,0.5057655,-0.4782306,0.0,0.27771977258569214,"{""geodesic"":false,""type"":""Point"",""coordinates"":[-75.71549814635432,9.184288113835139]}"
4457,0.0,0.91203785,3246.7983,11.823639,1,0.012008941,0.5641227,30.0,0.7516038,-0.61715233,0.37404612,0.05881382120054013,"{""geodesic"":false,""type"":""Point"",""coordinates"":[-75.90234310684387,8.885689048348647]}"
4458,0.0,0.42348576,570.0,11.293763,1,0.8560589,0.024550762,30.0,0.6976744,-0.5790349,0.8572068,0.28910215232782377,"{""geodesic"":false,""type"":""Point"",""coordinates"":[-75.88252924019942,8.928334206715569]}"
4461,0.0,0.0,2289.6506,3.0,1,0.008440929,1.2814271,90.0,0.41093475,-0.3590034,0.0,0.240170747165818,"{""geodesic"":false,""type"":""Point"",""coordinates"":[-75.65756932647899,9.162691561287584]}"
4465,0.0,0.3562994,84.85281,11.19831,1,0.008445914,1.6699055,30.0,0.49909255,-0.535316,2.0147984,0.2650857353745092,"{""geodesic"":false,""type"":""Point"",""coordinates"":[-75.86647373592477,8.94655072967572]}"
4466,0.0,0.0,0.0,16.5,1,335.19623,0.0,90.0,0.6838906,-0.5314444,0.0,0.2703776961709313,"{""geodesic"":false,""type"":""Point"",""coordinates"":[-75.99106042368506,8.699611861344472]}"
4467,0.0,-0.52704,3362.142,5.01809,1,0.008442632,1.3637241,30.0,0.3138634,-0.4479769,0.47265416,0.2866817420923147,"{""geodesic"":false,""type"":""Point"",""coordinates"":[-75.67108513671558,9.08967817080003]}"
4468,0.0,0.0,2915.0986,3.0,1,1.5769093,5.7906535E-4,90.0,-0.1586241,0.10242872,0.0,0.0010081399109480582,"{""geodesic"":false,""type"":""Point"",""coordinates"":[-75.68749658800479,9.106470237717952]}"
4469,0.0,0.91209316,626.4184,10.612485,1,0.20169172,0.13710342,30.0,0.5674419,-0.51699305,0.29192933,0.3330530033325475,"{""geodesic"":false,""type"":""Point"",""coordinates"":[-75.86311890331531,8.912371705204096]}"
4470,0.0,0.77248955,6139.088,5.284169,1,0.7296523,0.6612478,90.0,0.6577308,-0.5880675,0.05327038,0.01949290492535649,"{""geodesic"":false,""type"":""Point"",""coordinates"":[-75.89953706253633,9.184419353798653]}"
4471,0.0,0.46578813,3072.4746,4.036222,1,0.030358516,1.681682,40.0,0.3256146,-0.4301848,0.30576745,0.11488378220511608,"{""geodesic"":false,""type"":""Point"",""coordinates"":[-75.77828111244622,9.17493321817912]}"
4472,0.0,0.0,2991.7385,3.5,1,0.010597202,1.0564667,90.0,0.37235203,-0.29353642,0.0,0.15512623887604982,"{""geodesic"":false,""type"":""Point"",""coordinates"":[-75.7793987874767,9.186597830785471]}"
4473,0.0,0.0,2532.1138,3.0,1,2.3655329,0.0,90.0,0.67477304,-0.6042864,0.0,0.3272954498900674,"{""geodesic"":false,""type"":""Point"",""coordinates"":[-75.65456979736528,9.164867663386469]}"
4474,0.0,0.0,2741.6782,3.0,1,8.915351,0.51339227,90.0,0.624364,-0.5511471,0.0,0.5958729595675476,"{""geodesic"":false,""type"":""Point"",""coordinates"":[-75.67717162646531,9.132537531873082]}"
4475,0.0,1.1274471,3661.9668,29.0,1,0.1520628,6.1212573,80.0,0.35285506,-0.26402187,0.0,0.3762710403983043,"{""geodesic"":false,""type"":""Point"",""coordinates"":[-76.00025043897882,8.565285286626771]}"
4476,0.0,0.0,240.0,3.0,1,0.021415956,0.047340207,90.0,0.18588448,-0.19339515,0.0,0.14707673681441646,"{""geodesic"":false,""type"":""Point"",""coordinates"":[-75.7357739864837,9.217892101505791]}"
4477,0.0,0.40630078,1030.9705,3.0,1,0.015109283,1.0070406,30.0,0.33863175,-0.44612795,1.6175774,0.629442199235696,"{""geodesic"":false,""type"":""Point"",""coordinates"":[-75.69357914302131,9.146073154298701]}"
4478,0.0,5.738575,152.97058,16.5,1,35.919106,1.2467599,80.0,0.09280656,-0.13248359,5.5054765,0.4321360752952432,"{""geodesic"":false,""type"":""Point"",""coordinates"":[-75.92164073372126,8.634668556894995]}"
4481,0.0,0.0,764.8529,3.0,1,0.04050504,0.10529046,90.0,0.40321946,-0.35996956,0.0,0.020161662848388162,"{""geodesic"":false,""type"":""Point"",""coordinates"":[-75.76743280342747,9.209143557840543]}"
4482,0.0,0.0,4454.571,3.0,1,1.0111516,0.011901538,90.0,0.38689932,-0.41078287,0.0,0.23544277185656637,"{""geodesic"":false,""type"":""Point"",""coordinates"":[-75.67604633536757,9.114902994382838]}"
4484,0.0,1.1907074,2080.625,0.64838886,1,31.2523,0.3185782,90.0,0.3298969,-0.37691796,0.76475966,0.37118937371693084,"{""geodesic"":false,""type"":""Point"",""coordinates"":[-75.96546509311375,9.329943764423502]}"
4485,0.0,0.6909206,1106.752,3.0,1,0.07331756,0.10104297,90.0,0.45822713,-0.4877203,1.0308785,0.6803409446416417,"{""geodesic"":false,""type"":""Point"",""coordinates"":[-75.69756399229279,9.229092711911704]}"
4486,0.0,0.03489113,60.0,16.726248,1,4.974059,0.099067874,30.0,0.55549556,-0.54465,0.1773697,0.6750956747713993,"{""geodesic"":false,""type"":""Point"",""coordinates"":[-76.0027070229037,8.67000777088855]}"
4488,0.0,-0.09343052,2827.3308,15.38279,1,0.008450082,0.37276053,30.0,0.54663587,-0.53072304,0.21163365,0.3893675206008712,"{""geodesic"":false,""type"":""Point"",""coordinates"":[-75.97540500047478,8.761241678936049]}"
4489,4.8276076,-3.7367477,1190.966,15.458098,1,0.010554219,1.599846,30.0,0.55465794,-0.5733265,3.3301086,0.0928948054305877,"{""geodesic"":false,""type"":""Point"",""coordinates"":[-75.88138931681036,8.79348890899282]}"
4490,0.0,0.64003944,2013.5789,10.9903965,1,2.1959,0.2053004,30.0,0.595082,-0.57290655,0.20065743,0.612557473560185,"{""geodesic"":false,""type"":""Point"",""coordinates"":[-75.78520247823329,8.709860119913827]}"
4491,0.0,-0.0066051483,1682.4089,18.071371,1,0.02327282,0.7240612,30.0,0.56879675,-0.5642939,0.44275337,0.6085949139239599,"{""geodesic"":false,""type"":""Point"",""coordinates"":[-75.98495255545987,8.657844614220863]}"
4494,0.0,1.0212421,3525.4788,15.11231,1,0.04753994,1.5625875,30.0,0.43579474,-0.55954325,0.3054069,0.3443732247704041,"{""geodesic"":false,""type"":""Point"",""coordinates"":[-75.95856704961719,8.788959336716385]}"
4495,0.0,1.5918508,480.0,4.375865,1,0.2563279,0.023784082,30.0,0.5987842,-0.6012176,0.21828678,0.22886030804609558,"{""geodesic"":false,""type"":""Point"",""coordinates"":[-75.82669651806454,9.211997001624297]}"
4496,0.0,0.88145065,108.16654,23.398508,1,0.011341354,2.0596168,30.0,0.676605,-0.6167891,0.2338515,0.11303109148154811,"{""geodesic"":false,""type"":""Point"",""coordinates"":[-75.96958421347848,8.511099054329607]}"
4502,0.0,0.0,2204.949,3.0,1,0.23496123,0.5483739,30.0,0.1496227,-0.24363124,0.0,0.36912603047572823,"{""geodesic"":false,""type"":""Point"",""coordinates"":[-75.76912320263224,9.106307015767866]}"
4504,0.0,0.0,1080.0,3.0,1,0.024033288,0.3275829,90.0,0.342202,-0.3038599,0.0,0.4013862870071324,"{""geodesic"":false,""type"":""Point"",""coordinates"":[-75.77288250634655,9.203705387460797]}"
4507,0.0,0.0577116,258.06976,10.017347,1,0.013665045,0.7855497,30.0,0.62909496,-0.5782679,0.06643366,0.6384009295747606,"{""geodesic"":false,""type"":""Point"",""coordinates"":[-75.86592414927948,8.944924071621806]}"
4510,0.0,0.4380741,1682.4089,24.432463,1,0.10618492,1.3324052,30.0,0.59109044,-0.5384121,0.52984303,0.5830698921685615,"{""geodesic"":false,""type"":""Point"",""coordinates"":[-75.99492032245631,8.506965247329536]}"
4511,0.0,0.10890484,90.0,11.606683,1,0.010413173,1.4393878,30.0,0.5116485,-0.5519225,0.1755198,0.28032884979785344,"{""geodesic"":false,""type"":""Point"",""coordinates"":[-75.86610230321264,8.904767687318401]}"
4512,0.0,0.0,6212.97,3.0,1,27.108126,0.0,90.0,-0.08116386,0.17864476,0.0,0.6617656544737329,"{""geodesic"":false,""type"":""Point"",""coordinates"":[-75.63485260995189,9.132342629480664]}"
4515,0.0,-0.642766,606.71246,14.844617,1,0.029935397,0.3199709,30.0,0.58166707,-0.6124599,0.40568686,0.589143483804145,"{""geodesic"":false,""type"":""Point"",""coordinates"":[-75.96062775282597,8.741744495786183]}"
4516,0.0,0.34551144,1343.3168,3.935974,1,0.008440615,1.4111546,30.0,0.61485255,-0.5438515,0.09627919,0.4624309970992442,"{""geodesic"":false,""type"":""Point"",""coordinates"":[-75.69145417904149,9.176737664197514]}"
4518,0.0,0.9612665,3350.4775,4.9021974,1,0.016812569,0.83920115,30.0,0.46500945,-0.5111483,0.18617748,0.6990547753367393,"{""geodesic"":false,""type"":""Point"",""coordinates"":[-75.87165506390168,9.171735667135925]}"
4519,0.0,0.5420685,2887.646,14.19275,1,0.6431205,0.022236241,30.0,0.42351234,-0.52820194,0.9807576,0.5129655415977525,"{""geodesic"":false,""type"":""Point"",""coordinates"":[-75.92699319342768,8.815085176707315]}"
4520,0.0,0.0,240.0,3.0,1,0.008440458,0.53418124,90.0,0.5230826,-0.5007278,0.0,0.07469618065726857,"{""geodesic"":false,""type"":""Point"",""coordinates"":[-75.71795294500716,9.182926595190072]}"
4521,0.0,0.83506775,2619.6375,20.555136,1,50.145897,0.17977114,30.0,0.5751062,-0.56688213,0.2540651,0.2810823441894391,"{""geodesic"":false,""type"":""Point"",""coordinates"":[-76.02806088701016,8.567925473656729]}"
4522,0.0,0.2947893,488.36462,13.565672,1,0.008592158,0.76251596,30.0,0.5682211,-0.5741115,0.31314188,0.3049671110838281,"{""geodesic"":false,""type"":""Point"",""coordinates"":[-75.92607309741243,8.774117870175683]}"
4523,0.0,0.0,120.0,3.0,1,0.18591207,0.17576133,30.0,0.48027778,-0.54486156,0.0,0.4584939395645967,"{""geodesic"":false,""type"":""Point"",""coordinates"":[-75.710114917017,9.223370224412692]}"
4524,0.0,5.8761425,3046.4404,0.0,1,0.016860798,2.2184715,95.0,0.22209945,0.043252595,3.1085072,0.25728049739366887,"{""geodesic"":false,""type"":""Point"",""coordinates"":[-75.88591098098539,9.412088251582329]}"
4525,0.0,0.10753822,180.0,15.030513,1,2.7350626,0.03221154,30.0,0.53059125,-0.5533525,0.17442858,0.6971548728608347,"{""geodesic"":false,""type"":""Point"",""coordinates"":[-75.95324385689632,8.733623530989401]}"
4527,0.0,0.36601257,276.58633,3.5,1,0.013401118,0.0054294732,90.0,0.4385965,-0.47561634,0.4274468,0.5833266968209038,"{""geodesic"":false,""type"":""Point"",""coordinates"":[-75.74981635616983,9.142705313854648]}"
4528,0.0,0.0,713.09186,5.0,1,0.05928144,0.0,90.0,0.42490843,-0.29450914,0.0,0.19467443628955783,"{""geodesic"":false,""type"":""Point"",""coordinates"":[-75.84944547999639,9.132446822190172]}"
4529,0.0,-0.22099495,60.0,9.572283,1,119.00783,0.15545312,90.0,0.5578358,-0.52392125,0.1415979,0.3083606005672914,"{""geodesic"":false,""type"":""Point"",""coordinates"":[-75.77897757375345,8.732664867070179]}"
4530,0.0,0.120723724,3567.8564,14.532302,1,5.874023,0.7087282,30.0,0.40483382,-0.494376,0.69288856,0.5735104867275366,"{""geodesic"":false,""type"":""Point"",""coordinates"":[-75.93787652651346,8.80420535190629]}"
4531,0.0,0.36837196,1159.1808,11.596454,1,0.014100084,0.6915414,30.0,0.6051297,-0.5862069,2.7619534,0.698374508778415,"{""geodesic"":false,""type"":""Point"",""coordinates"":[-75.88105259778929,8.881398773370835]}"
4533,0.0,0.0,2102.784,3.0,1,0.033766218,0.0,90.0,0.11046931,-0.04024349,0.0,0.6496256350077971,"{""geodesic"":false,""type"":""Point"",""coordinates"":[-75.7072253151726,9.14333349437654]}"
4534,0.0,-2.3336086,2550.0,5.68095,1,0.010757543,0.8161595,30.0,0.599169,-0.5556348,0.8974117,0.15226274899642422,"{""geodesic"":false,""type"":""Point"",""coordinates"":[-75.7045164195016,9.014456099140059]}"
4535,0.0,0.11974907,858.021,10.5,1,3.5698912,0.0,40.0,0.6764785,-0.6004125,0.0,0.6757293532184369,"{""geodesic"":false,""type"":""Point"",""coordinates"":[-75.8428526507957,8.879316407091835]}"
4536,0.0037500623,0.62100756,1570.3502,1.6401479,1,0.010362375,1.5403081,30.0,0.587,-0.58660334,0.24764287,0.1529204131938372,"{""geodesic"":false,""type"":""Point"",""coordinates"":[-75.96055277796356,9.331584929038797]}"
4537,0.0,0.76496124,2896.9812,18.724579,1,7.395168,0.01863239,30.0,0.59701097,-0.5839068,0.6409513,0.2058824816806727,"{""geodesic"":false,""type"":""Point"",""coordinates"":[-75.99761103729925,8.598393046578238]}"
4539,0.0,1.902524,1462.9423,10.422777,1,0.01036437,0.4634656,30.0,0.52122873,-0.56748813,0.8204744,0.3853999882255089,"{""geodesic"":false,""type"":""Point"",""coordinates"":[-75.8673521737319,8.971781762792016]}"
4540,0.0,1.392539,1728.8435,13.227125,1,0.026947716,1.6261184,30.0,0.45226297,-0.51117224,0.07511713,0.28838530211151225,"{""geodesic"":false,""type"":""Point"",""coordinates"":[-75.91526216183563,8.814299960917731]}"
4541,0.0,1.0764256,60.0,14.323594,1,1.0827941,0.061334588,30.0,0.69023293,-0.6315582,0.3165835,0.6971296774756279,"{""geodesic"":false,""type"":""Point"",""coordinates"":[-75.95597160786032,8.733887985011735]}"
4542,0.0,0.15422106,690.65186,4.3396597,1,0.038198713,0.5982601,30.0,0.5900383,-0.53846157,0.6215267,0.20542003561754207,"{""geodesic"":false,""type"":""Point"",""coordinates"":[-75.82611447177781,9.196532940936537]}"
4543,0.0,0.0,1379.0214,3.0,1,0.00844113,0.57017,90.0,0.5507269,-0.54541206,0.0,0.45394757735755964,"{""geodesic"":false,""type"":""Point"",""coordinates"":[-75.73318568536416,9.154406460660015]}"
4544,0.0,-0.46807098,2934.0247,14.702447,1,0.012897205,0.73001724,30.0,0.6095017,-0.582906,0.35698634,0.3926071149335354,"{""geodesic"":false,""type"":""Point"",""coordinates"":[-75.93214586973865,8.80313430701904]}"
4547,0.0,-0.86361,1236.9316,3.0,1,0.015512522,0.29164156,90.0,0.49451888,-0.42219648,1.1059946,0.09471876287262793,"{""geodesic"":false,""type"":""Point"",""coordinates"":[-75.74716888341501,9.182324700989458]}"
4548,0.0,0.40075302,2773.3374,22.941158,1,0.15858026,0.1637372,30.0,0.46856466,-0.52839506,0.15577298,0.12123669607295062,"{""geodesic"":false,""type"":""Point"",""coordinates"":[-76.03649472025509,8.561933981247353]}"
4552,0.0,0.44939423,342.0526,13.715281,1,0.014787929,0.35972258,90.0,0.73486716,-0.66334033,0.18801649,0.6860147613150557,"{""geodesic"":false,""type"":""Point"",""coordinates"":[-75.91704279394884,8.761930390294811]}"
4555,0.0,1.2135878,3226.2207,14.787017,1,0.50355464,0.04200391,30.0,0.38964733,-0.50431037,2.3912013,0.5805314804302801,"{""geodesic"":false,""type"":""Point"",""coordinates"":[-75.92999567184518,8.815891722607029]}"
4556,0.0,-0.5165181,1387.1554,4.828506,1,0.009156488,0.5148889,30.0,0.66118693,-0.6026882,0.9260478,0.19859658405316283,"{""geodesic"":false,""type"":""Point"",""coordinates"":[-75.83405039654328,9.203840383090679]}"
4557,0.0,-1.981329,241.86774,20.279505,1,1.1671867,0.046092864,30.0,0.6713588,-0.6116344,1.0741199,0.210924493911968,"{""geodesic"":false,""type"":""Point"",""coordinates"":[-75.91297119824313,8.657480572007158]}"
4558,0.0,5.1130896,787.4643,15.085579,1,0.026078532,0.7034652,30.0,0.56558186,-0.57920915,0.16272944,0.20971609665447388,"{""geodesic"":false,""type"":""Point"",""coordinates"":[-75.94614460223515,8.73011413530376]}"
4559,0.0,0.19281006,2005.5173,17.65358,1,0.012088445,0.5934159,30.0,0.490082,-0.5088377,0.83855194,0.018846101351905564,"{""geodesic"":false,""type"":""Point"",""coordinates"":[-76.02150924293336,8.66588820388185]}"
4560,0.0,1.1400223,1064.0488,17.811836,1,0.008548659,0.9952849,30.0,0.6321127,-0.5926333,0.5630942,0.3984238615446495,"{""geodesic"":false,""type"":""Point"",""coordinates"":[-75.95291131087492,8.710019465821757]}"
4561,0.0,0.0,4579.3013,3.0,1,0.05746941,0.68075955,90.0,0.018249882,0.036315322,0.0,0.6512291007864266,"{""geodesic"":false,""type"":""Point"",""coordinates"":[-75.64143431062661,9.148611129249757]}"
4562,0.0,-0.2778988,300.0,18.437208,1,0.013072788,0.43862522,30.0,0.57240623,-0.5461642,0.19711567,0.1899090566057431,"{""geodesic"":false,""type"":""Point"",""coordinates"":[-76.00565362956243,8.650193849688028]}"
4563,0.0,0.0,342.0526,3.5,1,0.070919916,0.4768506,90.0,0.5754494,-0.52183825,0.0,0.1804897705338825,"{""geodesic"":false,""type"":""Point"",""coordinates"":[-75.7626577543035,9.147019790100646]}"
4564,0.0,0.0092897415,5862.3716,4.850248,1,1.1475425,0.16447161,40.0,0.6266832,-0.54649794,0.39693618,0.40072612246233696,"{""geodesic"":false,""type"":""Point"",""coordinates"":[-75.64460606075345,9.090268580853717]}"
4566,0.0,0.1470964,150.0,3.5,1,0.008441228,0.1790519,90.0,0.4244382,-0.5117007,0.0,0.5594385522502662,"{""geodesic"":false,""type"":""Point"",""coordinates"":[-75.75092438351298,9.15030021387973]}"
4567,0.0,-0.28878117,5548.6216,5.727789,1,0.049466886,1.2324072,30.0,0.5658321,-0.5562061,0.35360903,0.10826755394343202,"{""geodesic"":false,""type"":""Point"",""coordinates"":[-75.89736498020866,9.18930848288192]}"
4569,1.7121943,2.9623642,3097.1277,19.0774,1,0.019078372,2.0218089,30.0,0.51869553,-0.5390313,0.13500816,0.15041657726816815,"{""geodesic"":false,""type"":""Point"",""coordinates"":[-76.03538401603123,8.654726942615838]}"
4570,0.08219214,1.5273739,30.0,0.0,1,0.013240484,1.4464314,80.0,-0.41904762,0.45708838,0.0,0.6208136172852853,"{""geodesic"":false,""type"":""Point"",""coordinates"":[-75.94035885519297,9.338964331610136]}"
4571,0.0,-0.07842636,381.83768,19.188105,1,0.091528565,0.3152365,30.0,0.46136492,-0.53132385,0.42390606,0.6482642750392625,"{""geodesic"":false,""type"":""Point"",""coordinates"":[-76.00235683269507,8.64070637012731]}"
4573,0.0,0.22695446,360.0,14.205456,1,0.8709688,0.27886313,30.0,0.5328016,-0.54753244,0.6670289,0.29214325250637585,"{""geodesic"":false,""type"":""Point"",""coordinates"":[-75.94535519428597,8.741511588352486]}"
4574,0.0,0.003317356,212.13203,4.7661076,1,0.08549552,0.9427984,30.0,0.6069869,-0.592668,0.32652855,0.2506621151418257,"{""geodesic"":false,""type"":""Point"",""coordinates"":[-75.82798368348192,9.178350023979666]}"
4576,0.0,-5.5558805,1838.8312,7.6329827,1,0.008437443,1.0418351,30.0,0.5665259,-0.56984127,4.844959,0.46657115620992096,"{""geodesic"":false,""type"":""Point"",""coordinates"":[-75.95448880599069,9.31152416426765]}"
4577,0.0,0.28866768,323.1099,18.824526,1,0.048082445,0.67255026,30.0,0.69569427,-0.6155796,0.18403295,0.5186406262091697,"{""geodesic"":false,""type"":""Point"",""coordinates"":[-76.01217529521418,8.642037146332035]}"
4579,0.0,-0.22604656,768.37494,5.6009593,1,0.064373896,0.40306446,30.0,0.8202498,-0.6552423,2.7280293,0.4740020256481787,"{""geodesic"":false,""type"":""Point"",""coordinates"":[-75.85352450302646,9.125654209167166]}"
4580,0.0,0.4728737,1650.2727,4.285898,1,0.37407842,0.5532293,30.0,0.5909954,-0.5601064,0.16043505,0.35957414040461033,"{""geodesic"":false,""type"":""Point"",""coordinates"":[-75.8424686039916,9.184014315827511]}"
4582,0.0,0.0,1871.096,3.0,1,0.008441024,1.4829408,90.0,0.3696286,-0.32580462,0.0,0.4365190075346652,"{""geodesic"":false,""type"":""Point"",""coordinates"":[-75.66411586804739,9.159152284755429]}"
4584,0.0,1.2607746,3150.0,3.0523176,1,84.36247,0.022597238,30.0,0.6218852,-0.6188159,1.4081925,0.32290290158477375,"{""geodesic"":false,""type"":""Point"",""coordinates"":[-75.92678384076842,9.26683037538947]}"
4585,0.0,0.19056702,0.0,11.418596,1,673.6973,0.0,30.0,0.71586066,-0.62236434,0.14693944,0.10868010565363784,"{""geodesic"":false,""type"":""Point"",""coordinates"":[-75.88940889060353,8.839323821270467]}"
4587,0.0,0.52879477,1682.4089,4.8874364,1,0.025915964,0.77961767,30.0,0.35733268,-0.4597895,0.39122483,0.22046490852421252,"{""geodesic"":false,""type"":""Point"",""coordinates"":[-75.67074512804932,9.053591391154486]}"
4590,6.9346075,5.7737217,3079.4968,16.447895,1,1.7943733,0.59282047,30.0,0.72854173,-0.6006601,0.3039019,0.40141752689646304,"{""geodesic"":false,""type"":""Point"",""coordinates"":[-75.99475251368328,8.755222295693809]}"
4592,0.0,0.0,1566.046,3.0,1,0.73114216,0.15732561,90.0,0.52213514,-0.39317566,0.0,0.2979292856364506,"{""geodesic"":false,""type"":""Point"",""coordinates"":[-75.76588135488657,9.122322189894874]}"
4594,0.0,0.0,1626.0996,3.0,1,0.09879857,0.3465306,90.0,0.50466275,-0.43258312,0.0,0.5002369030400272,"{""geodesic"":false,""type"":""Point"",""coordinates"":[-75.70121922418322,9.143616483669714]}"
4599,0.0,0.0,2912.4731,3.0,1,0.034193616,0.0,90.0,0.12264151,-0.030940594,0.0,0.17186125687538267,"{""geodesic"":false,""type"":""Point"",""coordinates"":[-75.66971545660444,9.232944304436426]}"
4600,0.0,-0.091534615,1540.5519,9.255474,1,1.165584,0.26276982,30.0,0.63073456,-0.55669,1.7461674,0.5586508995056721,"{""geodesic"":false,""type"":""Point"",""coordinates"":[-75.86979526366468,9.08030498151727]}"
4601,0.0,2.2699633,684.1052,7.320203,1,0.008443418,1.4993415,30.0,0.49734104,-0.54965305,0.54581445,0.6896208997415891,"{""geodesic"":false,""type"":""Point"",""coordinates"":[-75.85335874254555,9.05565336995057]}"
4602,0.0,0.0,960.4686,3.0,1,0.11051709,0.0,90.0,0.54980594,-0.38625318,0.0,0.291821670291712,"{""geodesic"":false,""type"":""Point"",""coordinates"":[-75.7125493249669,9.21169824511894]}"
4604,0.0,-0.11372471,5532.0522,4.644532,1,0.021455677,0.5265805,30.0,0.5315729,-0.5156938,0.09267274,0.6132676117029721,"{""geodesic"":false,""type"":""Point"",""coordinates"":[-75.6465126200156,9.087823193542558]}"
4605,0.0,0.0,1195.4916,3.0,1,0.026945656,1.3906757,30.0,0.46318477,-0.30097765,0.0,0.3088179855824482,"{""geodesic"":false,""type"":""Point"",""coordinates"":[-75.65844351784904,9.19253659816188]}"
4606,0.0,0.08474946,2267.7302,1.1987237,1,0.04108022,0.24519335,40.0,0.51724136,-0.55497384,0.19347891,0.4574359097221812,"{""geodesic"":false,""type"":""Point"",""coordinates"":[-75.94680583551411,9.298521638817876]}"
4607,0.0,-0.5230403,579.39624,5.087359,1,0.013348118,0.98017216,30.0,0.6791612,-0.60350436,1.331138,0.4291717852298963,"{""geodesic"":false,""type"":""Point"",""coordinates"":[-75.84352490243568,9.168817818865563]}"
4609,0.0,1.0940909,2434.6252,7.276574,1,0.22878635,0.87533265,30.0,0.7231353,-0.61092067,0.2141648,0.18058228436286228,"{""geodesic"":false,""type"":""Point"",""coordinates"":[-75.86941599028223,9.036080403903105]}"
4611,0.0,0.4607277,1502.6976,21.11988,1,0.01203713,1.4035378,30.0,0.5264938,-0.5425805,0.1431294,0.2892725181819351,"{""geodesic"":false,""type"":""Point"",""coordinates"":[-76.02811414875733,8.58773145520681]}"
4613,0.0,-0.15254426,1741.0342,3.4605289,1,0.2086275,0.0,30.0,0.5197724,-0.51245755,0.24571174,0.053414265319329135,"{""geodesic"":false,""type"":""Point"",""coordinates"":[-75.9158278940031,9.254649352180499]}"
4615,0.0,0.10204959,384.18747,3.5,1,0.3354496,1.7765561,30.0,0.39922017,-0.3971249,0.0,0.4462403886564086,"{""geodesic"":false,""type"":""Point"",""coordinates"":[-75.76101382470249,9.144309966682755]}"
4616,0.0,0.858511,254.55844,19.387768,1,0.020245878,0.45221242,30.0,0.41392758,-0.516129,0.4214606,0.2646975010563779,"{""geodesic"":false,""type"":""Point"",""coordinates"":[-76.01756114660861,8.617061723759848]}"
4617,0.0,0.0,1938.8915,3.0,1,0.0575895,0.52706635,90.0,0.558062,-0.4321395,0.0,0.45885073340452276,"{""geodesic"":false,""type"":""Point"",""coordinates"":[-75.80018211415953,9.200389933101286]}"
4618,0.0,0.40872097,84.85281,9.493648,1,5.750563,0.89803445,90.0,0.15420023,-0.17447306,0.3588353,0.667915826042849,"{""geodesic"":false,""type"":""Point"",""coordinates"":[-75.7784372015604,8.735107969193683]}"
4620,0.0,0.572773,1035.7606,10.083836,1,0.008445445,0.5547323,30.0,0.56175834,-0.5364818,0.7047341,0.603087300478518,"{""geodesic"":false,""type"":""Point"",""coordinates"":[-75.86488526121381,8.96717504496374]}"
4621,0.0,-0.9613724,3152.4277,8.341723,1,0.12412676,1.040813,90.0,0.60740453,-0.5890202,1.2963588,0.20749996332260723,"{""geodesic"":false,""type"":""Point"",""coordinates"":[-75.87317967713383,9.012195113853052]}"
4622,0.0,-0.62352276,1868.9302,13.078445,1,0.008502734,0.7091089,30.0,0.5208389,-0.5483165,0.37532884,0.06842924171273568,"{""geodesic"":false,""type"":""Point"",""coordinates"":[-75.90491876115057,8.823278660065398]}"
4625,0.0,0.09180641,2319.526,4.2644997,1,0.041406285,0.38725978,30.0,0.6971387,-0.5959412,0.19367698,0.6667782820268929,"{""geodesic"":false,""type"":""Point"",""coordinates"":[-75.81253793312102,9.110011301349985]}"
4626,0.0,0.5754719,3788.6804,22.418022,1,0.008454693,2.7542326,30.0,0.519388,-0.5458937,0.276187,0.37076431589212855,"{""geodesic"":false,""type"":""Point"",""coordinates"":[-76.03837628588722,8.552161548985953]}"
4627,0.0,1.5450788,655.2099,7.790084,1,0.015868777,0.92360735,30.0,0.69865125,-0.6136669,0.5158349,0.6000934769210609,"{""geodesic"":false,""type"":""Point"",""coordinates"":[-75.84971182976511,9.01360668519776]}"
4630,0.0,0.18804932,2299.652,2.3815763,1,0.009040505,0.49728495,40.0,0.8010577,-0.73339796,0.27177957,0.19308665987548734,"{""geodesic"":false,""type"":""Point"",""coordinates"":[-75.91833723452687,9.274448966176202]}"
4631,0.0,0.37521553,721.2489,15.7405615,1,0.40864214,0.27930337,30.0,0.5839095,-0.57009345,0.1712434,0.04081498545610995,"{""geodesic"":false,""type"":""Point"",""coordinates"":[-75.95493468538534,8.755053575677977]}"
4632,0.0,0.0,1260.0,2.5,1,0.32222283,0.35366824,30.0,0.6096876,-0.5281573,0.0,0.10692715924040053,"{""geodesic"":false,""type"":""Point"",""coordinates"":[-75.87861155064192,9.224626098967805]}"
4633,0.0,0.97331333,7259.814,7.02263,1,0.011242258,1.495173,30.0,0.6293223,-0.5743986,1.1021894,0.47167824816384796,"{""geodesic"":false,""type"":""Point"",""coordinates"":[-75.63902438456584,8.86479745252103]}"
4634,0.0,-1.3815212,2503.5176,20.43087,1,0.008453496,1.3660527,30.0,0.61427635,-0.5547146,1.8337809,0.4513313239171757,"{""geodesic"":false,""type"":""Point"",""coordinates"":[-75.9981782715396,8.606802460157745]}"
4636,0.0,2.0860596,2861.5032,20.46411,1,0.034149602,0.77005875,30.0,0.61835885,-0.5870158,0.70068073,0.03023281438155445,"{""geodesic"":false,""type"":""Point"",""coordinates"":[-76.0087713249416,8.592123651041181]}"
4637,0.0,0.32966018,2461.6458,3.0,1,0.08205293,0.56544024,90.0,0.28558874,-0.26831383,0.0,0.22587734923351765,"{""geodesic"":false,""type"":""Point"",""coordinates"":[-75.71703857590259,9.135445652551596]}"
4638,0.0,0.19390416,1261.4277,2.5,1,0.011386374,0.009635518,90.0,0.77440566,-0.63925236,0.0,0.21321980367579219,"{""geodesic"":false,""type"":""Point"",""coordinates"":[-75.90212868251261,9.237319794688085]}"
4639,0.0,0.5514126,1265.7014,16.9577,1,0.503567,0.35425287,30.0,0.5409617,-0.53243303,0.49032825,0.263522520222926,"{""geodesic"":false,""type"":""Point"",""coordinates"":[-75.9866124918309,8.667065179052345]}"
4640,0.0,-0.44529915,4797.937,16.974072,1,9.503792,0.0,30.0,0.41428572,-0.53201705,2.349599,0.6067007557465813,"{""geodesic"":false,""type"":""Point"",""coordinates"":[-75.99316735246393,8.774489966902783]}"
4641,0.0,0.0,1614.4349,3.0,1,0.04294576,0.47647816,90.0,0.69297403,-0.61080587,0.0,0.23637389190099722,"{""geodesic"":false,""type"":""Point"",""coordinates"":[-75.72473588528521,9.161478028573594]}"
4642,0.0,0.0,2557.049,3.0,1,0.13032366,0.46285197,90.0,0.6571339,-0.59836316,0.0,0.3962435570958899,"{""geodesic"":false,""type"":""Point"",""coordinates"":[-75.65701525927666,9.15835123454878]}"
4643,0.0,0.8961239,2623.9285,1.5438966,1,0.8996285,0.16399519,30.0,0.5085181,-0.5212991,0.22320914,0.04159016556361428,"{""geodesic"":false,""type"":""Point"",""coordinates"":[-75.96351729242124,9.316926103151065]}"
4644,0.0,1.2066569,30.0,2.0,1,0.020771647,2.44966,80.0,0.12569521,-0.034236077,4.1967306,0.1607055116665309,"{""geodesic"":false,""type"":""Point"",""coordinates"":[-75.8709986329252,9.238210580115288]}"
4645,0.0,3.347601,94.86833,22.50108,1,0.031088823,1.4535167,30.0,0.5041364,-0.5388561,0.61900866,0.2738117642854577,"{""geodesic"":false,""type"":""Point"",""coordinates"":[-75.96510369053163,8.571886383541678]}"
4647,0.0,0.0,1868.6893,3.5,1,0.008508801,2.6145494,30.0,0.6852955,-0.63576674,0.0,0.3595817255409004,"{""geodesic"":false,""type"":""Point"",""coordinates"":[-75.72165865710939,9.124854621441093]}"
4650,0.0,0.0,840.5355,3.0,1,0.028807541,0.42001456,90.0,0.49050805,-0.41600823,0.0,0.5860692754452245,"{""geodesic"":false,""type"":""Point"",""coordinates"":[-75.75876364798464,9.113111952900693]}"
4651,0.0,0.9043422,2404.6829,4.0,1,5.762575,0.98234767,90.0,0.6722158,-0.5515313,0.814372,0.07639509621065665,"{""geodesic"":false,""type"":""Point"",""coordinates"":[-75.85910830911521,9.177192104512642]}"
4652,0.0,-0.60798264,120.0,6.873593,1,0.11218279,0.32280943,90.0,0.6620769,-0.58090043,0.45269293,0.4102804236665403,"{""geodesic"":false,""type"":""Point"",""coordinates"":[-75.85370993671641,9.088753937209008]}"
4653,0.0,-0.4893875,3954.7693,23.271437,1,68.70086,0.7973751,30.0,0.58703846,-0.5775281,0.5423596,0.07828670348780886,"{""geodesic"":false,""type"":""Point"",""coordinates"":[-76.02230771792607,8.557088042843175]}"
4654,0.0,-0.681653,234.3075,6.6827636,1,0.009373875,1.2880087,30.0,0.57355374,-0.54545456,0.13869922,0.30019311215732214,"{""geodesic"":false,""type"":""Point"",""coordinates"":[-75.84361231164458,9.08986271469755]}"
4655,0.0,0.5048275,2190.2056,18.350504,1,0.3796028,0.6417081,30.0,0.7253701,-0.6499878,0.097713515,0.3103320165858183,"{""geodesic"":false,""type"":""Point"",""coordinates"":[-75.96334845404347,8.63239547251282]}"
4656,0.0,0.3531227,400.2499,25.897984,1,0.015935069,1.8450063,30.0,0.3997296,-0.50411624,0.27263454,0.2619670548135148,"{""geodesic"":false,""type"":""Point"",""coordinates"":[-76.08592918409065,8.596526203793095]}"
4657,0.0,0.60132027,910.9336,10.127459,1,1.3518895,0.16853613,30.0,0.52480966,-0.5399708,0.21834692,0.17208916942740582,"{""geodesic"":false,""type"":""Point"",""coordinates"":[-75.8687004881574,8.964995512606052]}"
4658,0.0,1.3042717,2957.854,17.30197,1,0.011457982,0.7547165,30.0,0.47968793,-0.51598674,0.65320265,0.08144823163014614,"{""geodesic"":false,""type"":""Point"",""coordinates"":[-75.96862970342544,8.67199495856585]}"
4660,0.0,-0.64568615,900.0,6.481802,1,0.07264787,0.8080849,30.0,0.54648525,-0.55530214,0.9674637,0.6608827854928473,"{""geodesic"":false,""type"":""Point"",""coordinates"":[-75.8280385177109,9.201954983768223]}"
4661,0.0,0.6110096,5558.021,7.915714,1,13.492793,0.12030166,30.0,0.45608914,-0.41043434,0.567263,0.41058006871191144,"{""geodesic"":false,""type"":""Point"",""coordinates"":[-75.93346863056442,9.21255006096257]}"
4662,0.0,1.1791973,3150.0,18.537031,1,0.033285648,0.95191634,30.0,0.60646653,-0.58198774,0.8861475,0.5408724597879131,"{""geodesic"":false,""type"":""Point"",""coordinates"":[-75.97348037553193,8.649734385574584]}"
4664,0.0,0.4977653,3690.122,2.2010303,1,0.47203386,0.0,40.0,0.6197948,-0.6071856,0.32359478,0.4980577511712466,"{""geodesic"":false,""type"":""Point"",""coordinates"":[-75.93170621610344,9.26925943332431]}"
4665,0.0,0.038930893,1050.0,25.424751,1,0.023369318,0.8895206,30.0,0.6898042,-0.65159047,0.6151436,0.40877551393280764,"{""geodesic"":false,""type"":""Point"",""coordinates"":[-75.99078763662459,8.489611261525946]}"
4666,0.0,0.5006747,496.58835,6.647147,1,0.5075173,0.0013338703,30.0,0.67860025,-0.5779352,0.71614915,0.4770535376057029,"{""geodesic"":false,""type"":""Point"",""coordinates"":[-75.83778725332881,9.04999151864442]}"
4668,0.0,0.0,3064.7021,3.0,1,0.7871404,0.22533165,90.0,0.25405404,-0.17045045,0.0,0.5955572733896779,"{""geodesic"":false,""type"":""Point"",""coordinates"":[-75.70310328994454,9.129774947985467]}"
4670,0.0,1.3307781,2401.8743,18.903658,1,0.060985416,0.7412972,30.0,0.40530884,-0.50027245,2.2376466,0.4799796122215305,"{""geodesic"":false,""type"":""Point"",""coordinates"":[-76.0186008213004,8.699539164371272]}"
4671,0.0,1.4952602,4806.1836,2.2844567,1,0.008437989,1.4054085,30.0,0.65011036,-0.6040773,0.2591103,0.3664230385041436,"{""geodesic"":false,""type"":""Point"",""coordinates"":[-75.97026661497245,9.288148811681685]}"
4672,0.0,0.0,6252.7515,3.0,1,37.91482,0.0,90.0,-0.052998606,0.18389423,0.0,0.37016907258275744,"{""geodesic"":false,""type"":""Point"",""coordinates"":[-75.63539529383421,9.130442336835527]}"
4673,0.0,3.1442375,4815.444,21.899096,1,0.37143022,0.4834909,30.0,0.6850162,-0.6160361,0.56892645,0.4301889594537771,"{""geodesic"":false,""type"":""Point"",""coordinates"":[-76.02141131488459,8.527516772369191]}"
4677,0.0,4.4328227,4202.142,2.3841474,1,0.47558066,0.9089572,30.0,0.58007115,-0.568113,0.29302028,0.48957753471144494,"{""geodesic"":false,""type"":""Point"",""coordinates"":[-75.9675495540592,9.293311096763588]}"
4678,0.0,0.0,510.0,5.0,1,0.34142146,0.0,90.0,0.736168,-0.62347305,0.0,0.22805252579066881,"{""geodesic"":false,""type"":""Point"",""coordinates"":[-75.85028767541591,9.1422124478583]}"
4680,0.0,0.0,1934.9419,3.0,1,0.02640225,0.38018444,90.0,0.7218894,-0.57160884,0.0,0.2896201441363382,"{""geodesic"":false,""type"":""Point"",""coordinates"":[-75.7401116990633,9.202688842968843]}"
4681,0.0,0.10990906,637.8088,9.546977,1,0.19384944,0.10882329,90.0,0.18645558,-0.23027816,0.20312877,0.1416627765343874,"{""geodesic"":false,""type"":""Point"",""coordinates"":[-75.76045965590538,8.745997790659708]}"
4682,0.0,1.1298409,258.06976,10.480915,1,0.03333114,0.7442023,30.0,0.4703684,-0.5156852,0.12430007,0.16751823094709373,"{""geodesic"":false,""type"":""Point"",""coordinates"":[-75.85846029091444,8.903700092758001]}"
4683,0.0,-0.8098974,488.36462,10.591105,1,0.4706833,0.11889037,40.0,0.34354627,-0.43324062,0.3392023,0.6801890825054409,"{""geodesic"":false,""type"":""Point"",""coordinates"":[-75.86067664438423,8.918075182553205]}"
4684,0.0,-0.16040039,349.85712,17.846338,1,0.023134802,1.2638605,30.0,0.42469546,-0.5320036,0.34113255,0.5388024396675734,"{""geodesic"":false,""type"":""Point"",""coordinates"":[-75.95176847798967,8.68940192516794]}"
4686,0.0,0.057522774,2036.9094,4.17767,1,0.008440288,0.10120028,30.0,0.70547605,-0.64619046,0.30336452,0.3279621309355192,"{""geodesic"":false,""type"":""Point"",""coordinates"":[-75.83920732411366,9.190533637874761]}"
4689,0.0,0.0,3249.0151,3.0,1,0.008441828,0.16556288,90.0,0.5409385,-0.55549383,0.0,0.47831628246880986,"{""geodesic"":false,""type"":""Point"",""coordinates"":[-75.70036305024777,9.124624942941894]}"
4690,0.0,0.34964943,408.04413,20.62361,1,0.6710805,0.1352439,30.0,0.37102288,-0.5043278,0.6128273,0.6116807276406354,"{""geodesic"":false,""type"":""Point"",""coordinates"":[-76.0379799683046,8.606968428591577]}"
4691,0.0,0.13812256,42.426407,16.060522,1,0.008608065,2.0855448,30.0,0.78695333,-0.6641638,0.18730988,0.5207750117992406,"{""geodesic"":false,""type"":""Point"",""coordinates"":[-75.97910841558561,8.71727851745149]}"
4693,0.0,0.0,3445.954,3.5,1,0.028884161,0.8134565,90.0,0.5848334,-0.5110462,0.0,0.09732633699906856,"{""geodesic"":false,""type"":""Point"",""coordinates"":[-75.79299615998482,9.161606302835002]}"
4694,0.0,0.23085022,1090.367,3.0,1,0.4611238,0.3967094,90.0,-0.027901785,0.10849539,0.0,0.11665610597372245,"{""geodesic"":false,""type"":""Point"",""coordinates"":[-75.80782425702596,9.198744951354998]}"
4698,0.0,2.6521025,330.0,4.937986,1,0.019991592,0.6283328,30.0,0.618475,-0.57290834,0.74793625,0.3899444559138616,"{""geodesic"":false,""type"":""Point"",""coordinates"":[-75.82451948488408,9.215257864199831]}"
4699,0.0,-0.054128647,1539.3829,5.278945,1,94.30093,0.20283765,30.0,0.5718604,-0.5480379,0.85262257,0.6655635783554745,"{""geodesic"":false,""type"":""Point"",""coordinates"":[-75.84736997586411,9.178305096828968]}"
4700,0.0,0.341599,806.10175,4.60466,1,0.008457176,3.1585536,30.0,0.47495043,-0.5102869,0.2580002,0.27378413990932204,"{""geodesic"":false,""type"":""Point"",""coordinates"":[-75.69783068596078,9.225836233044857]}"
4701,0.0,0.07968521,339.41125,4.6493397,1,0.013184511,1.3373755,30.0,0.63965887,-0.57139206,0.5406995,0.14008516123622927,"{""geodesic"":false,""type"":""Point"",""coordinates"":[-75.82343912791715,9.220415468066934]}"
4702,0.0,0.0,0.0,3.5,1,377.0214,0.93721765,90.0,0.5568707,-0.48403963,0.0,0.2961328637393097,"{""geodesic"":false,""type"":""Point"",""coordinates"":[-75.70545567530134,9.07631807796624]}"
4704,0.0,1.7341163,2640.1704,1.3093537,1,0.24000415,0.07669757,30.0,0.4767025,-0.49441963,0.6486007,0.1510425426962586,"{""geodesic"":false,""type"":""Point"",""coordinates"":[-75.97562309533944,9.348365142962777]}"
4705,0.0,1.2217293,1637.1316,17.385172,1,0.3641141,0.175428,30.0,0.6801529,-0.6172953,0.77199185,0.39448029926638883,"{""geodesic"":false,""type"":""Point"",""coordinates"":[-76.01394052066442,8.690326851557353]}"
4706,0.0,-0.14646244,2468.4004,15.169692,1,12.801911,0.024735874,30.0,0.58942,-0.57149714,0.59441733,0.5662272128961371,"{""geodesic"":false,""type"":""Point"",""coordinates"":[-75.97321614875159,8.758534133472788]}"
4707,0.0,-0.1344943,0.0,3.0,1,700.69116,1.3825259,90.0,0.3578189,-0.45548153,0.74542016,0.12232437558800202,"{""geodesic"":false,""type"":""Point"",""coordinates"":[-75.74031829645155,9.17067167895791]}"
4710,0.0,2.833435,3603.1235,29.0,1,0.31030235,5.0432835,90.0,0.5495208,-0.44452718,1.185764,0.6893093397028616,"{""geodesic"":false,""type"":""Point"",""coordinates"":[-75.99997927502292,8.565828626768077]}"
4712,0.0,2.2014904,2061.286,17.632887,1,0.12376947,0.30492315,30.0,0.5365854,-0.6058532,0.22898589,0.4013349577988098,"{""geodesic"":false,""type"":""Point"",""coordinates"":[-76.00528893258343,8.718024094838668]}"
4714,0.0,0.2774248,90.0,10.356187,1,0.2450374,0.055875596,30.0,0.6735387,-0.6277424,0.26556337,0.19057271526660713,"{""geodesic"":false,""type"":""Point"",""coordinates"":[-75.87149748106204,8.878707969296775]}"
4716,0.0,0.0,530.75415,3.0,1,0.3299403,0.0,90.0,0.6690673,-0.5501672,0.0,0.490254119088977,"{""geodesic"":false,""type"":""Point"",""coordinates"":[-75.71714304690158,9.187540807890564]}"
4717,0.0,0.0,496.58835,3.0,1,0.013582426,0.49155477,90.0,0.1033347,-0.08108108,0.0,0.49545690958505473,"{""geodesic"":false,""type"":""Point"",""coordinates"":[-75.67890914176806,9.184901394817976]}"
4718,0.0,-0.23086166,1053.423,13.851799,1,0.05592078,0.51235217,30.0,0.3871352,-0.51676977,0.4101825,0.18219357875504938,"{""geodesic"":false,""type"":""Point"",""coordinates"":[-75.93780556744555,8.775988156933959]}"
4719,0.0,0.0,685.41956,3.0,1,0.01278522,1.1974723,90.0,0.25733095,-0.23624596,0.0,0.46277734644798596,"{""geodesic"":false,""type"":""Point"",""coordinates"":[-75.66688630564697,9.18058247239197]}"
4720,0.0,0.0,835.7033,3.0,1,0.33711848,0.0,90.0,0.0063091484,0.005197505,0.0,0.10909677839964549,"{""geodesic"":false,""type"":""Point"",""coordinates"":[-75.66171933080136,9.191987942137859]}"
4721,0.0,1.1887219,1697.5865,3.0,1,0.008440966,2.426439,90.0,0.59011453,-0.5393144,0.0,0.07375528744201754,"{""geodesic"":false,""type"":""Point"",""coordinates"":[-75.8156575178462,9.161284641703906]}"
4722,0.0,12.369938,4620.5845,0.0,1,0.07948965,1.0489569,90.0,0.23887974,-0.04299584,0.0,0.06801726735757918,"{""geodesic"":false,""type"":""Point"",""coordinates"":[-75.8686294984405,9.384728205209363]}"
4723,0.0,1.1996999,1986.3534,4.0,1,0.021131674,0.35837823,90.0,0.768125,-0.6719858,0.72357565,0.33398970694423,"{""geodesic"":false,""type"":""Point"",""coordinates"":[-75.65899391286247,9.046015347335253]}"
4724,0.0,-0.5776911,1955.7607,10.605549,1,0.20822643,1.0,30.0,0.48449472,-0.49458218,0.20352183,0.6043266783042442,"{""geodesic"":false,""type"":""Point"",""coordinates"":[-75.7903872140792,8.711477370844714]}"
4725,0.0,3.1815538,424.26407,15.570343,1,0.008450373,0.91310304,30.0,0.3490858,-0.4862101,0.40540648,0.16663285233920255,"{""geodesic"":false,""type"":""Point"",""coordinates"":[-75.9440087114937,8.748297971646828]}"
4726,0.0,-0.41513634,1884.0382,21.809029,1,0.14061536,0.6187503,30.0,0.57179666,-0.5900474,0.9427658,0.6660293952427708,"{""geodesic"":false,""type"":""Point"",""coordinates"":[-76.04605487109761,8.569233748501423]}"
4729,0.0,0.0,1358.3077,3.0,1,0.44228894,0.8031204,90.0,0.612459,-0.42262077,0.0,0.5369099281037745,"{""geodesic"":false,""type"":""Point"",""coordinates"":[-75.66630930922625,9.164032246458472]}"
4730,0.0,0.67775154,2736.5854,14.286071,1,0.2263924,0.3319075,30.0,0.56139034,-0.5486111,0.18040363,0.20976890182534247,"{""geodesic"":false,""type"":""Point"",""coordinates"":[-75.95609286934584,8.78136867260676]}"
4732,0.0,0.04127407,1032.279,10.986387,1,0.020226566,1.0251155,30.0,0.65946263,-0.607355,0.5936601,0.3023238806315557,"{""geodesic"":false,""type"":""Point"",""coordinates"":[-75.8575925298204,8.88253873211257]}"
4733,0.0,0.0,30.0,3.0,1,0.06864658,0.016555637,90.0,0.31040177,-0.3353898,0.0,0.3684078381220127,"{""geodesic"":false,""type"":""Point"",""coordinates"":[-75.74904668893613,9.16631246258261]}"
4736,0.0,-0.15107441,391.15213,14.694399,1,0.02944306,0.9000006,30.0,0.51737326,-0.5193106,0.34022552,0.5643023027177745,"{""geodesic"":false,""type"":""Point"",""coordinates"":[-75.93067047239445,8.75836990406372]}"
4737,0.0,0.9382105,270.0,11.392979,1,0.044775803,2.2681603,30.0,0.5929746,-0.577146,1.3364294,0.150312355779203,"{""geodesic"":false,""type"":""Point"",""coordinates"":[-75.83658760013145,8.883671730580366]}"
4739,0.0,0.65854263,2982.0967,18.865026,1,0.10849764,1.2043782,30.0,0.43645382,-0.5143791,0.44439545,0.6974040259409389,"{""geodesic"":false,""type"":""Point"",""coordinates"":[-75.98323580213304,8.626647293129647]}"
4741,0.0,0.7718148,2312.3364,3.0,1,0.010659585,0.8685042,30.0,0.43302992,-0.413626,0.0,0.09221825759066371,"{""geodesic"":false,""type"":""Point"",""coordinates"":[-75.74419472652498,9.196439896964131]}"
4742,0.0,0.0,1734.0415,3.0,1,0.14042047,0.0,90.0,0.030129125,0.009655172,0.0,0.05268532421113159,"{""geodesic"":false,""type"":""Point"",""coordinates"":[-75.70012339844995,9.141719281389237]}"
4743,0.0,0.0,241.86774,3.0,1,0.009059594,0.055631116,80.0,-0.10814647,0.1027984,0.0,0.6622104789943567,"{""geodesic"":false,""type"":""Point"",""coordinates"":[-75.69879692584118,9.161529014434144]}"
4744,0.0,-0.74719524,270.0,11.271985,1,0.05364925,2.0897045,30.0,0.5932026,-0.5932026,0.19182904,0.06230248855398324,"{""geodesic"":false,""type"":""Point"",""coordinates"":[-75.83657652928518,8.878787874453085]}"
4745,0.0,0.0,2082.7866,3.0,1,0.008439839,2.7863822,90.0,0.635183,-0.5388889,0.0,0.2800481796199328,"{""geodesic"":false,""type"":""Point"",""coordinates"":[-75.65765588826034,9.20963199133885]}"
4746,0.0,0.9327545,150.0,9.737319,1,0.011638755,1.0161343,30.0,0.5071393,-0.52744514,0.27923465,0.0021920562710348035,"{""geodesic"":false,""type"":""Point"",""coordinates"":[-75.85638580389285,8.950101402083936]}"
4747,0.0,-0.45909357,2113.6697,5.0741186,1,0.43806276,0.04566412,90.0,0.66793215,-0.61956257,0.75333405,0.5110774867112086,"{""geodesic"":false,""type"":""Point"",""coordinates"":[-75.86235012235784,9.162804382086494]}"
4748,0.0,5.275587,1073.3126,10.875348,1,0.0102884825,0.97213215,30.0,0.4626763,-0.50141245,0.036435336,0.4581228960802166,"{""geodesic"":false,""type"":""Point"",""coordinates"":[-75.88606587208714,8.923984618992382]}"
4749,0.0,-0.343374,351.141,3.5,1,0.29704177,0.86577743,90.0,0.5312869,-0.4784839,0.32818082,0.4669225557291141,"{""geodesic"":false,""type"":""Point"",""coordinates"":[-75.69559348669628,9.058157701943491]}"
4750,0.0,-0.35744667,1462.6346,19.512062,1,0.021109568,0.67531246,30.0,0.5646859,-0.5541315,0.37092227,0.020801149547725384,"{""geodesic"":false,""type"":""Point"",""coordinates"":[-76.0009350507266,8.618461990706697]}"
4751,0.0,0.0,5559.3164,4.0,1,5.0549603,0.10573347,90.0,0.5020822,-0.47432023,0.0,0.6352413205725405,"{""geodesic"":false,""type"":""Point"",""coordinates"":[-75.65802626537885,9.114122023923155]}"
4752,0.0,0.0,90.0,4.5,1,0.01939462,0.2548458,30.0,0.74411553,-0.6284212,0.0,0.3251211726349532,"{""geodesic"":false,""type"":""Point"",""coordinates"":[-75.61981716608078,8.961697732752352]}"
4754,101.01015,0.6379795,1064.0488,12.085429,1,0.008447118,1.7656041,30.0,0.4945267,-0.5340383,1.1069825,0.04823648777212697,"{""geodesic"":false,""type"":""Point"",""coordinates"":[-75.87944544074536,8.89388345564747]}"
4756,0.0,0.0,1463.8647,3.0,1,0.008440203,0.08762045,90.0,0.6424802,-0.5540646,0.0,0.0858525981272118,"{""geodesic"":false,""type"":""Point"",""coordinates"":[-75.71169482084558,9.194063503597432]}"
4757,0.0,0.0,67.08204,3.0,1,1.1193655,0.21887024,90.0,0.4453436,-0.44832024,0.0,0.47399727788770496,"{""geodesic"":false,""type"":""Point"",""coordinates"":[-75.71876719843816,9.180483009641348]}"
4759,0.0,1.000845,424.26407,10.74662,1,0.041960627,1.9908472,30.0,0.7304612,-0.61453235,0.068353884,0.1612636525656076,"{""geodesic"":false,""type"":""Point"",""coordinates"":[-75.83795480532696,8.885025294877787]}"
4760,0.0,0.38554764,1140.3947,24.95117,1,0.06285641,0.11868577,30.0,0.5542229,-0.579081,0.39769506,0.0014752333771176351,"{""geodesic"":false,""type"":""Point"",""coordinates"":[-75.99352687830897,8.495030703127386]}"
4761,0.0,-0.17475128,240.0,11.053575,1,0.045440994,1.176146,30.0,0.48497057,-0.52854866,0.21974738,0.4576596963371623,"{""geodesic"":false,""type"":""Point"",""coordinates"":[-75.87353923618383,8.934324586820024]}"
4764,0.0,0.077500105,3380.429,3.9279242,1,0.010539441,1.3194118,40.0,0.43882352,-0.4045363,0.25911576,0.6869143947510535,"{""geodesic"":false,""type"":""Point"",""coordinates"":[-75.77693300225663,9.18280457781556]}"
4766,0.0,1.0407114,300.0,10.251728,1,0.047061466,0.758359,30.0,0.6809577,-0.59693205,0.13089593,0.06534782503366898,"{""geodesic"":false,""type"":""Point"",""coordinates"":[-75.86180688626926,8.93462335057921]}"
4770,0.0,-2.8546162,573.1492,20.77269,1,5.5890536,0.2902035,30.0,0.5208389,-0.5390476,1.5309782,0.1407693551485708,"{""geodesic"":false,""type"":""Point"",""coordinates"":[-76.02031060293817,8.62573656950783]}"
4771,0.0,0.27287674,2286.504,17.01744,1,0.013260887,1.1834872,30.0,0.7124289,-0.6400415,0.14325643,0.45769884954248763,"{""geodesic"":false,""type"":""Point"",""coordinates"":[-75.97844756503031,8.672783885514963]}"
4772,0.0,-0.2239995,1410.0,4.4695144,1,0.064888254,0.8594183,30.0,0.4985591,-0.5441722,0.9487261,0.45184830052184133,"{""geodesic"":false,""type"":""Point"",""coordinates"":[-75.72658827196352,9.132442040256679]}"
4773,0.0,0.25997615,3945.884,2.3791308,1,0.04881145,1.1148806,30.0,0.61445785,-0.58055234,0.18749347,0.19262996112914188,"{""geodesic"":false,""type"":""Point"",""coordinates"":[-75.96235424672163,9.291154639356977]}"
4774,0.0,0.7092743,2080.625,17.871147,1,0.028743526,0.46039662,30.0,0.44516972,-0.5112628,0.56583655,0.2373938381598092,"{""geodesic"":false,""type"":""Point"",""coordinates"":[-76.02100204180523,8.67999799347396]}"
4776,0.0,6.701317,67.08204,20.024673,1,16.18252,0.7069505,30.0,0.67483294,-0.5383566,0.44460776,0.4512329262282915,"{""geodesic"":false,""type"":""Point"",""coordinates"":[-75.9156669313966,8.644721878926223]}"
4777,0.0,0.0,1544.3445,2.5,1,1.880618,0.007893894,90.0,0.7786582,-0.63367295,0.0,0.5949931106169927,"{""geodesic"":false,""type"":""Point"",""coordinates"":[-75.90294172601077,9.23487589873149]}"
4778,0.0,-0.20822057,2564.2544,0.5186354,1,0.7379881,0.1999861,90.0,0.4036568,-0.4318508,0.16034746,0.004314956578251317,"{""geodesic"":false,""type"":""Point"",""coordinates"":[-75.9009656934064,9.42263139121897]}"
4780,0.0,0.13733268,1053.423,3.0,1,0.13504487,0.0,90.0,0.35211268,-0.33069307,0.0,0.6239482039861415,"{""geodesic"":false,""type"":""Point"",""coordinates"":[-75.75578859547477,9.126413233143829]}"
4783,0.0,-0.27297127,4752.136,1.9975392,1,0.17320222,0.49589616,30.0,0.7422888,-0.65046424,0.30111057,0.40016093092625005,"{""geodesic"":false,""type"":""Point"",""coordinates"":[-75.98591424173418,9.316593517060925]}"
4785,0.0,0.9397123,2160.8333,2.115262,1,0.011056035,0.9069654,30.0,0.41249567,-0.5251584,0.50575197,0.45979588090743373,"{""geodesic"":false,""type"":""Point"",""coordinates"":[-75.95942531813876,9.318836328103151]}"
4789,0.0,0.5601897,3234.718,3.934518,1,0.010522318,0.8115596,30.0,0.5948036,-0.50760233,0.25049052,0.43363214891167756,"{""geodesic"":false,""type"":""Point"",""coordinates"":[-75.89277550090746,9.210211368508947]}"
4790,0.0,0.0,3732.0771,3.0,1,0.3154469,0.05239184,90.0,0.21649484,-0.14009662,0.0,0.20811708764952108,"{""geodesic"":false,""type"":""Point"",""coordinates"":[-75.89905260303921,9.208839169392297]}"
4791,0.0,0.17034054,1201.499,6.05496,1,0.015675826,0.2120122,30.0,0.6218823,-0.56557596,0.3862666,0.24940725138422437,"{""geodesic"":false,""type"":""Point"",""coordinates"":[-75.81763928657926,9.072285713519019]}"
4792,0.0,0.47528934,789.17676,7.3082476,1,0.26234955,0.1984662,30.0,0.5764139,-0.5379598,0.24561268,0.6827714448808885,"{""geodesic"":false,""type"":""Point"",""coordinates"":[-75.85440383112935,9.035844341555041]}"
4794,5.7924523,2.487916,3386.8127,4.124588,1,0.4651954,0.2727329,90.0,0.20340681,-0.06566105,3.5362377,0.4183882497853245,"{""geodesic"":false,""type"":""Point"",""coordinates"":[-75.66972570385265,9.238370915505632]}"
4795,0.0,1.7526293,182.48288,13.727925,1,0.008449995,0.43613803,30.0,0.7891935,-0.6940524,1.5762551,0.5624949768657844,"{""geodesic"":false,""type"":""Point"",""coordinates"":[-75.92386973677087,8.765440958107622]}"
4797,0.0,8.8648815,7622.893,30.0,1,0.045318305,2.3801591,90.0,0.17558022,-0.06831729,6.9084272,0.6057061492982673,"{""geodesic"":false,""type"":""Point"",""coordinates"":[-75.75260055138361,9.297084662565895]}"
4798,0.0,0.0,724.9828,3.0,1,0.053593524,0.7688922,30.0,0.5435649,-0.4623685,0.0,0.11706330704618673,"{""geodesic"":false,""type"":""Point"",""coordinates"":[-75.67923758083627,9.213933252064894]}"
4799,0.0,0.0,67.08204,3.0,1,3.257467,0.96858716,30.0,0.59175086,-0.51542675,0.0,0.4084637507198572,"{""geodesic"":false,""type"":""Point"",""coordinates"":[-75.69507747097644,9.214445688575495]}"
4800,0.0,0.56489277,342.0526,10.6433325,1,0.010759734,1.0253946,30.0,0.6591928,-0.6038145,0.38998193,0.13823222717817318,"{""geodesic"":false,""type"":""Point"",""coordinates"":[-75.86711836386449,8.872749024441108]}"
4802,0.0,0.47250175,408.04413,20.498077,1,0.008453922,0.44305372,30.0,0.6190253,-0.5815976,0.16606395,0.5136437967719536,"{""geodesic"":false,""type"":""Point"",""coordinates"":[-76.03819940431444,8.587433108418828]}"
4805,0.0,0.53540397,429.53464,3.5,1,0.008441155,0.32670316,90.0,0.41769138,-0.33060312,0.0,0.5163482340361689,"{""geodesic"":false,""type"":""Point"",""coordinates"":[-75.76048678903702,9.15326488489191]}"
4806,0.0,0.0,812.2192,3.0,1,37.526676,0.41599584,90.0,0.49506494,-0.35053965,0.0,0.1265749397701541,"{""geodesic"":false,""type"":""Point"",""coordinates"":[-75.77234166573189,9.206148481662886]}"
4807,0.0,0.44723368,2089.2583,4.1186213,1,0.012563403,3.2431352,30.0,0.719652,-0.6042257,0.1471236,0.12769803328021645,"{""geodesic"":false,""type"":""Point"",""coordinates"":[-75.79852972733606,9.194153129676682]}"
4808,0.0,0.0,30.0,3.0,1,0.02490659,0.0,90.0,-0.20609395,0.2453741,0.0,0.06297757505622237,"{""geodesic"":false,""type"":""Point"",""coordinates"":[-75.70245929207236,9.218772644661207]}"
4810,0.0,1.0776577,5742.473,23.492004,1,0.0220447,0.4242079,30.0,0.5805243,-0.5919907,0.17310703,0.6252469354963824,"{""geodesic"":false,""type"":""Point"",""coordinates"":[-76.03342402830891,8.535081846614277]}"
4811,0.0,-2.7217631,210.0,3.7901077,1,0.00843776,1.8180053,30.0,0.4822493,-0.53557044,2.3616939,0.21660744282929179,"{""geodesic"":false,""type"":""Point"",""coordinates"":[-75.90283079878105,9.298364258688574]}"
4812,0.0,1.6364574,849.58813,10.298222,1,10.439381,0.11650444,30.0,0.7166754,-0.62856436,0.23669593,0.5482597614356362,"{""geodesic"":false,""type"":""Point"",""coordinates"":[-75.88118647139179,8.937291053815642]}"
4813,0.0,0.0,67.08204,3.0,1,0.03346987,0.25225165,90.0,0.37933502,-0.29724276,0.0,0.3609285582466286,"{""geodesic"":false,""type"":""Point"",""coordinates"":[-75.68606257469561,9.212834990719747]}"
4814,0.0,-1.6712894,416.77332,22.656544,1,0.014345098,1.518458,30.0,0.5778527,-0.5650962,0.52279544,0.5748749824040872,"{""geodesic"":false,""type"":""Point"",""coordinates"":[-76.0543198775785,8.600955073278922]}"
4816,0.0,2.2193327,510.8816,15.463977,1,0.020006265,1.0644561,30.0,0.6508631,-0.6116781,0.18459356,0.33376315095400855,"{""geodesic"":false,""type"":""Point"",""coordinates"":[-75.95003120126981,8.757236484028313]}"
4817,0.0,0.85608983,1499.3999,3.0,1,0.014620465,0.2364198,40.0,0.33055845,-0.34478527,0.83797103,0.27790142095163073,"{""geodesic"":false,""type"":""Point"",""coordinates"":[-75.7653151118604,9.112826908045745]}"
4818,0.0,0.0,212.13203,3.0,1,0.012280509,0.42633253,30.0,0.6171217,-0.47020072,0.0,0.3295549834920849,"{""geodesic"":false,""type"":""Point"",""coordinates"":[-75.6772373153921,9.167267953688961]}"
4820,0.0,0.0,0.0,3.0,1,1124.6113,0.2954393,90.0,0.24073018,-0.1862558,0.0,0.30977338854203507,"{""geodesic"":false,""type"":""Point"",""coordinates"":[-75.68414003657946,9.207140694265538]}"
4821,0.0,0.0,510.0,3.0,1,0.01828593,0.0,90.0,0.22912033,-0.117690325,0.0,0.4699453369227058,"{""geodesic"":false,""type"":""Point"",""coordinates"":[-75.76692354345062,9.226238196783367]}"
4822,0.0,3.4940453,2790.0,24.93568,1,0.0103320535,0.8938425,30.0,0.7086551,-0.6459723,1.277522,0.21058437305462652,"{""geodesic"":false,""type"":""Point"",""coordinates"":[-76.00851822821491,8.495806138638942]}"
4823,0.0,0.18631077,150.0,4.6907234,1,0.021052837,0.2722013,30.0,0.54889214,-0.54683983,0.5303579,0.4082574276431541,"{""geodesic"":false,""type"":""Point"",""coordinates"":[-75.70626113825281,8.928711402409457]}"
4824,0.0,1.7391701,1250.32,11.997885,1,0.008447024,1.5011474,30.0,0.44658384,-0.48770362,0.23118067,0.48392784111127884,"{""geodesic"":false,""type"":""Point"",""coordinates"":[-75.87945450766642,8.897681964618933]}"
4825,0.0,1.4853649,3617.0845,16.192612,1,0.020762578,0.9867871,30.0,0.5645067,-0.542446,0.3031636,0.37134470584028567,"{""geodesic"":false,""type"":""Point"",""coordinates"":[-75.97380044982798,8.77345514633051]}"
4827,0.0,1.1750698,750.59973,16.784239,1,0.010565447,0.49975884,30.0,0.545565,-0.56988585,0.79565674,0.6875573503557203,"{""geodesic"":false,""type"":""Point"",""coordinates"":[-75.98485200347018,8.723775310319077]}"
4828,0.0,0.55742073,361.24783,3.5,1,0.011621599,2.580121,90.0,0.43224853,-0.41178185,0.0,0.28570301404670606,"{""geodesic"":false,""type"":""Point"",""coordinates"":[-75.76183520921377,9.145393553206452]}"
4829,0.0,-0.7293682,1675.9773,16.922312,1,0.00845125,1.2431893,30.0,0.5120255,-0.54653233,0.07754775,0.06520823695004063,"{""geodesic"":false,""type"":""Point"",""coordinates"":[-76.00580965446518,8.708797948585518]}"
4830,0.0,-0.15542793,2918.801,22.676275,1,0.35498518,0.1474711,30.0,0.5405237,-0.5262508,0.2906206,0.6428555715571377,"{""geodesic"":false,""type"":""Point"",""coordinates"":[-76.03758061367958,8.560303171115171]}"
4832,0.0,-0.31370306,30.0,3.0,1,0.008439711,2.1818757,30.0,0.5450644,-0.5265998,0.7695577,0.4938941146930108,"{""geodesic"":false,""type"":""Point"",""coordinates"":[-75.77509189958118,9.215096331296886]}"
4833,0.0,0.0,1233.2883,3.0,1,0.00888187,0.29317397,90.0,0.5674967,-0.5040872,0.0,0.08585565084924007,"{""geodesic"":false,""type"":""Point"",""coordinates"":[-75.81349547107591,9.171057173405648]}"
4835,0.0,0.5827322,827.58685,5.851185,1,40.18117,0.35330838,30.0,0.5708312,-0.56755346,0.3313625,0.3318461929543878,"{""geodesic"":false,""type"":""Point"",""coordinates"":[-75.84789223121442,9.168264967232863]}"
4837,0.0,0.0,2160.2083,3.5,1,0.008442748,1.75731,90.0,0.17282677,-0.16250512,0.0,0.04514742018675888,"{""geodesic"":false,""type"":""Point"",""coordinates"":[-75.68062951295056,9.08423382936606]}"
4838,0.0,10.446091,5260.6177,0.0,1,0.060658526,0.10874189,10.0,0.16063139,-0.123090744,4.9250264,0.679933333096596,"{""geodesic"":false,""type"":""Point"",""coordinates"":[-75.88027888316627,9.34562980533284]}"
4839,0.0,0.0,295.46573,3.0,1,0.009305182,0.08330545,90.0,0.7300854,-0.6563463,0.0,0.329492133901921,"{""geodesic"":false,""type"":""Point"",""coordinates"":[-75.71768316278944,9.184555109095056]}"
4840,0.0,-0.007203102,540.8327,4.112019,1,0.0705861,0.2010049,30.0,0.6723511,-0.6067687,0.32866582,0.6972267692308153,"{""geodesic"":false,""type"":""Point"",""coordinates"":[-75.82697590204553,9.21470958576887]}"
4841,0.0,-0.37766457,1290.3488,15.783639,1,0.098688275,0.40669942,30.0,0.46961635,-0.53495175,0.1133465,0.05681358887936616,"{""geodesic"":false,""type"":""Point"",""coordinates"":[-75.96528200779187,8.748786972281236]}"
4843,0.0,1.1413307,3160.8384,23.226364,1,74.77549,0.41876942,30.0,0.614011,-0.553719,0.6447556,0.17117675563257284,"{""geodesic"":false,""type"":""Point"",""coordinates"":[-76.00564298788298,8.542751823023346]}"
4844,0.0,1.3054867,900.0,17.690214,1,0.008452472,0.7646488,30.0,0.63434285,-0.5845905,0.9020714,0.19393762618306187,"{""geodesic"":false,""type"":""Point"",""coordinates"":[-75.99393856140486,8.653480271110098]}"
4845,0.0,0.6246996,60.0,3.0,1,0.009739079,0.8517195,30.0,0.6596371,-0.57054454,0.0,0.5700943869717705,"{""geodesic"":false,""type"":""Point"",""coordinates"":[-75.74102631586223,9.116947108562576]}"
4846,0.0,2.7025528,1019.11725,25.079561,1,0.008470999,1.4144233,30.0,0.5239054,-0.5978892,1.6847883,0.42423394539040826,"{""geodesic"":false,""type"":""Point"",""coordinates"":[-75.9818438902567,8.509169041645032]}"
4847,0.0,0.019007921,6449.1626,2.7857862,1,0.06651786,0.42539203,30.0,0.60260755,-0.60260755,0.29912755,0.10694385060970935,"{""geodesic"":false,""type"":""Point"",""coordinates"":[-75.97048602695334,9.268613794008026]}"
4848,0.0,0.0,563.6488,3.0,1,0.022398526,0.0,90.0,-0.09388971,0.15964064,0.0,0.47391946748105884,"{""geodesic"":false,""type"":""Point"",""coordinates"":[-75.66471144046237,9.185741797713314]}"
4849,0.0,0.15936661,483.73547,19.090155,1,0.020263245,0.77738434,30.0,0.5548961,-0.5600397,0.017376257,0.007239717384395994,"{""geodesic"":false,""type"":""Point"",""coordinates"":[-76.01326873386877,8.643119524327725]}"
4850,0.0,0.0,30.0,3.0,1,103.981895,1.7785197,90.0,0.31095257,-0.3104027,0.0,0.6121398334512502,"{""geodesic"":false,""type"":""Point"",""coordinates"":[-75.72431885243127,9.224969879969127]}"
4851,0.0,-0.12628198,2395.4958,0.74723476,1,0.3332008,0.43305722,30.0,0.67826384,-0.5947627,0.6685337,0.5741054683080471,"{""geodesic"":false,""type"":""Point"",""coordinates"":[-75.97176039486443,9.334538904593257]}"
4852,0.0,0.0,2860.0874,3.5,1,0.008442873,0.46790972,90.0,0.20448914,-0.2521212,0.0,0.5629828305751287,"{""geodesic"":false,""type"":""Point"",""coordinates"":[-75.67106544766514,9.079096193973431]}"
4853,0.0,0.5386429,3934.1199,5.2057223,1,0.022735462,2.864651,30.0,0.54528046,-0.5584989,1.1005077,0.32101974997395255,"{""geodesic"":false,""type"":""Point"",""coordinates"":[-75.87900374835532,9.162221693156246]}"
4854,0.0,6.4140377,0.0,14.0,1,3103.9827,1.5595313,80.0,-0.31479967,0.39450866,0.0,0.3665667186959113,"{""geodesic"":false,""type"":""Point"",""coordinates"":[-75.93706898474552,8.69947727607847]}"
4855,0.0,0.36113548,228.47319,13.711452,1,0.008449891,0.5060313,90.0,0.7263383,-0.62737185,0.44138202,0.18274143941821464,"{""geodesic"":false,""type"":""Point"",""coordinates"":[-75.9173354889675,8.770069361967385]}"
4856,0.0,-0.4927883,1141.5779,25.072563,1,0.019326081,0.3059187,30.0,0.5752567,-0.58918643,0.98696136,0.10317786873320312,"{""geodesic"":false,""type"":""Point"",""coordinates"":[-75.99353386128747,8.497743891713398]}"
4857,0.0,-1.3024585,2757.7166,3.9598553,1,0.01508809,0.4007422,90.0,0.60579926,-0.5190972,0.6535866,0.6058760254021922,"{""geodesic"":false,""type"":""Point"",""coordinates"":[-75.70827724562146,9.122981622957496]}"
4858,0.0,0.23123693,5760.703,3.0,1,0.07142716,1.8811578,90.0,0.42476368,-0.44878665,0.0,0.051443853402109885,"{""geodesic"":false,""type"":""Point"",""coordinates"":[-75.64003812298932,9.13124819091852]}"
4860,0.0,0.34754372,1251.7588,24.711464,1,0.061442677,0.27375805,30.0,0.5324965,-0.56837,0.3534869,0.6412350249625163,"{""geodesic"":false,""type"":""Point"",""coordinates"":[-75.99055688664582,8.505891099354823]}"
4863,19.46347,3.5268393,60.0,10.669098,1,0.008446173,1.7790357,30.0,0.47137567,-0.5114102,2.0404902,0.1549925311386967,"{""geodesic"":false,""type"":""Point"",""coordinates"":[-75.85962527089505,8.935171060973301]}"
4867,0.0,-0.5511265,276.58633,14.992187,1,0.019419689,0.5091991,30.0,0.5782924,-0.54465497,0.530863,0.5238536096742886,"{""geodesic"":false,""type"":""Point"",""coordinates"":[-75.9323095306735,8.759451154024998]}"
4868,0.0,0.0,3824.2646,3.0,1,43.09855,0.41083163,40.0,0.1456903,-0.10930576,0.0,0.5657078160021818,"{""geodesic"":false,""type"":""Point"",""coordinates"":[-75.65098808923022,9.147237434254833]}"
4869,0.0,-1.078697,390.0,3.9823816,1,0.008441684,1.5640068,30.0,0.6313862,-0.5413509,0.71796924,0.13177908784406034,"{""geodesic"":false,""type"":""Point"",""coordinates"":[-75.73614057340284,9.13079483008657]}"
4870,0.0,-0.14105129,3311.027,5.5182095,1,0.03197104,0.7572601,30.0,0.5554971,-0.55060303,1.6150206,0.4684347514959829,"{""geodesic"":false,""type"":""Point"",""coordinates"":[-75.87111030956058,9.172279619876218]}"
4871,0.0,-0.36350822,750.0,18.082407,1,1.5119809,0.22420612,30.0,0.41806722,-0.5020862,0.23682316,0.43478077940163407,"{""geodesic"":false,""type"":""Point"",""coordinates"":[-75.99529109795398,8.649406979457112]}"
4875,0.0,-0.044324875,180.0,23.604643,1,0.14101166,0.57222337,30.0,0.7963714,-0.67183155,0.34985295,0.4806678187966692,"{""geodesic"":false,""type"":""Point"",""coordinates"":[-75.97129415520048,8.540668882544564]}"
4876,0.0,0.39799237,2036.4675,3.5,1,0.028315462,0.52686375,40.0,0.42973015,-0.50040925,0.0,0.17435060476239728,"{""geodesic"":false,""type"":""Point"",""coordinates"":[-75.72002166610491,9.125400528322768]}"
4877,0.0,0.3867321,201.24612,16.211813,1,0.033983335,0.8356139,30.0,0.600168,-0.5928094,0.49269447,0.16919977772519312,"{""geodesic"":false,""type"":""Point"",""coordinates"":[-75.98290554993454,8.709400475883312]}"
4878,0.0,0.46080714,1176.1377,0.9795244,1,0.012850336,0.5352304,40.0,0.61372703,-0.5690636,0.06363682,0.2240683169426667,"{""geodesic"":false,""type"":""Point"",""coordinates"":[-75.94821023142534,9.31289748382445]}"
4879,0.0,0.38307858,342.0526,6.867118,1,0.09740605,0.22329085,30.0,0.62400204,-0.5765,0.20217504,0.44884191733884127,"{""geodesic"":false,""type"":""Point"",""coordinates"":[-75.84328481135897,9.066529655308269]}"
4880,0.0,0.013927937,2832.4194,4.139125,1,0.008442751,0.53620714,40.0,0.5302573,-0.49229044,0.11845181,0.6465541774344115,"{""geodesic"":false,""type"":""Point"",""coordinates"":[-75.75324287419687,9.084091235177535]}"
4881,0.0,0.0,1913.6614,0.0,1,0.031104825,1.2388979,90.0,0.10029791,0.10064935,0.0,0.49907313344242243,"{""geodesic"":false,""type"":""Point"",""coordinates"":[-75.94754773686982,9.370960058847952]}"
4883,0.0,0.0,1061.5083,3.0,1,0.049133766,0.0,90.0,0.21288458,-0.21313506,0.0,0.3385268958826194,"{""geodesic"":false,""type"":""Point"",""coordinates"":[-75.67530752928694,9.15750359723542]}"
4884,0.0,0.0,2135.0645,3.0,1,0.014503293,1.4748474,90.0,0.26808906,-0.2593275,0.0,0.39036713153932145,"{""geodesic"":false,""type"":""Point"",""coordinates"":[-75.72252909316201,9.150357917412071]}"
4886,0.0,0.3583889,295.46573,16.900728,1,0.014123903,0.34822956,30.0,0.4364832,-0.47686833,0.20947756,0.10637858667632649,"{""geodesic"":false,""type"":""Point"",""coordinates"":[-76.00489764448254,8.673529138909636]}"
4887,0.0,0.29239607,394.58838,3.5,1,0.033613704,0.49813223,90.0,0.14270705,-0.1689056,0.0,0.49551524016506865,"{""geodesic"":false,""type"":""Point"",""coordinates"":[-75.74820258247222,9.154375766545863]}"
4888,0.0,1.0038757,1452.4462,3.0,1,0.033517182,0.22666317,90.0,0.38592234,-0.420398,0.98223126,0.6767001862344869,"{""geodesic"":false,""type"":""Point"",""coordinates"":[-75.76288517789153,9.125584423127725]}"
4889,0.0,0.0,853.81494,3.0,1,0.058108725,0.30887255,90.0,0.6631501,-0.4855348,0.0,0.5197026159362241,"{""geodesic"":false,""type"":""Point"",""coordinates"":[-75.73566197307537,9.163626627451869]}"
4891,0.0,0.9757545,5100.0,2.859725,1,0.044776123,1.4004776,30.0,0.44860128,-0.48155808,0.9335386,0.635019705769263,"{""geodesic"":false,""type"":""Point"",""coordinates"":[-75.94640762217762,9.251856810422524]}"
4892,0.0,-0.21298742,4080.1104,4.233776,1,0.34346473,0.6735984,90.0,0.8003565,-0.697479,0.16410838,0.17208254525284417,"{""geodesic"":false,""type"":""Point"",""coordinates"":[-75.87580059699545,9.192074633042248]}"
4896,0.0,1.3471375,301.49628,25.38775,1,0.0148066515,2.9305935,30.0,0.6037685,-0.5761905,0.19300374,0.28640881796682516,"{""geodesic"":false,""type"":""Point"",""coordinates"":[-75.96245132168241,8.492395488918705]}"
4897,0.0,-0.53441143,1699.1763,10.556196,1,0.039086685,1.0329992,30.0,0.49738652,-0.5524815,0.3131673,0.48677995369468463,"{""geodesic"":false,""type"":""Point"",""coordinates"":[-75.757436625028,8.734607832741982]}"
4898,0.0,0.7576661,2484.2102,3.5,1,0.010519575,0.5181043,30.0,0.4365429,-0.37097096,0.0,0.533108078256179,"{""geodesic"":false,""type"":""Point"",""coordinates"":[-75.67023542080261,9.073128373554255]}"
4899,0.0,1.4050522,702.282,11.849097,1,0.013248348,0.5041853,30.0,0.55859494,-0.5470534,0.4533998,0.09475593263132986,"{""geodesic"":false,""type"":""Point"",""coordinates"":[-75.87686381528289,8.840710000126577]}"
4900,0.0,-0.38340163,1909.6597,3.9838681,1,0.2526328,0.14235288,30.0,0.39429334,-0.38873193,0.18282165,0.25125581367861627,"{""geodesic"":false,""type"":""Point"",""coordinates"":[-75.76972732853032,9.133438492589724]}"
4901,0.0,0.8267803,1120.0892,5.731331,1,0.008441334,0.5462634,30.0,0.5097526,-0.53341216,0.6381217,0.466822595826772,"{""geodesic"":false,""type"":""Point"",""coordinates"":[-75.85521041403985,9.145728060360021]}"
4903,0.0,1.5897903,2121.3203,11.841226,1,0.99726516,0.04793393,30.0,0.5404455,-0.54815906,0.49433735,0.21072834101075455,"{""geodesic"":false,""type"":""Point"",""coordinates"":[-75.90819339027499,8.82381339955213]}"
4904,0.0,3.4391155,3601.1248,18.91382,1,0.065998055,4.2415504,30.0,0.5458602,-0.47912714,3.2956948,0.2942797016182451,"{""geodesic"":false,""type"":""Point"",""coordinates"":[-75.88543987582348,9.114996384956157]}"
4906,0.0,0.20895958,848.52814,11.713032,1,0.32980594,0.47456583,30.0,0.5689655,-0.5522388,0.09235001,0.5168903403061302,"{""geodesic"":false,""type"":""Point"",""coordinates"":[-75.89648040002426,8.830624631575528]}"
4907,0.0,1.3357029,2818.2441,18.39334,1,0.034760416,0.8681932,30.0,0.46614042,-0.5501867,0.46437246,0.1290217249490474,"{""geodesic"":false,""type"":""Point"",""coordinates"":[-75.98404314801405,8.622575429258099]}"
4908,0.0,0.0,2277.828,3.0,1,0.008439796,1.8337209,90.0,0.7721819,-0.6552297,0.0,0.05368503435152061,"{""geodesic"":false,""type"":""Point"",""coordinates"":[-75.6568396499688,9.21126147569567]}"
4909,0.0,0.5828457,2997.8992,5.008038,1,0.009133462,0.60067636,90.0,0.47931606,-0.50971013,0.34672642,0.008683198200657105,"{""geodesic"":false,""type"":""Point"",""coordinates"":[-75.86837793597326,9.171472229173167]}"
4910,0.0,-1.1145487,2010.0,3.6420386,1,0.02132411,0.48344886,40.0,0.75030154,-0.62349653,1.1439011,0.02464175503326327,"{""geodesic"":false,""type"":""Point"",""coordinates"":[-75.72278898395595,9.143845481775962]}"
4912,0.0,0.9970627,247.38634,16.487246,1,0.01855303,0.48629388,30.0,0.679677,-0.6324395,0.14180177,0.253257971871902,"{""geodesic"":false,""type"":""Point"",""coordinates"":[-76.00355236598219,8.680315612194645]}"
4913,0.0,0.28489542,123.69317,6.184184,1,0.024210643,0.9533427,30.0,0.77762836,-0.654151,1.8008859,0.4236866167662092,"{""geodesic"":false,""type"":""Point"",""coordinates"":[-75.83414865889505,9.128955071879888]}"
4915,0.0,1.5208225,408.04413,20.93711,1,0.008453888,2.3557217,30.0,0.49452502,-0.54151404,1.9691206,0.11136733488503459,"{""geodesic"":false,""type"":""Point"",""coordinates"":[-75.96296604603693,8.588984998365635]}"
4916,0.0,-1.0125029,1867.9668,4.422424,1,0.042940427,0.42395625,30.0,0.52074826,-0.42677048,0.49980855,0.5220831845751099,"{""geodesic"":false,""type"":""Point"",""coordinates"":[-75.72199506956262,9.156328238086063]}"
4918,0.0,-0.08061504,4034.4146,11.328361,1,0.04313413,0.39136097,60.0,0.51567304,-0.47026384,1.1976883,0.23511438308154864,"{""geodesic"":false,""type"":""Point"",""coordinates"":[-75.81848367516014,8.715216544408209]}"
4919,0.0,0.43074036,2903.033,18.524406,1,0.1388626,0.5654831,30.0,0.686747,-0.64007974,0.38308436,0.47300384157496445,"{""geodesic"":false,""type"":""Point"",""coordinates"":[-75.97699818752007,8.639415266392282]}"
4920,0.0,0.0,330.0,3.5,1,15.249687,0.45318654,90.0,0.794018,-0.696767,0.0,0.17350027985354255,"{""geodesic"":false,""type"":""Point"",""coordinates"":[-75.6920086539635,9.039171181408173]}"
4921,0.0,-1.1954117,403.60873,15.7706375,1,0.0165668,0.69565713,30.0,0.48332042,-0.5498514,2.357355,0.07565862294864323,"{""geodesic"":false,""type"":""Point"",""coordinates"":[-75.93666840000616,8.757541132569216]}"
4922,0.0,0.28176594,1195.4916,3.0,1,0.009814547,0.34121308,90.0,0.6468356,-0.5135135,0.0,0.3898920184267327,"{""geodesic"":false,""type"":""Point"",""coordinates"":[-75.743619726841,9.182603351081553]}"
4924,0.0,2.6730442,990.0,13.251977,1,0.018132694,0.5326384,30.0,0.5210356,-0.55801105,0.4338511,0.1140766361776192,"{""geodesic"":false,""type"":""Point"",""coordinates"":[-75.91196234781154,8.80345508088241]}"
4925,0.0,0.0,2350.1702,3.0,1,0.13975666,0.7869176,90.0,0.4927307,-0.46381527,0.0,0.3886834878836216,"{""geodesic"":false,""type"":""Point"",""coordinates"":[-75.71022754755154,9.14278496828087]}"
4926,0.0,0.3183241,1382.9316,4.152732,1,0.013335547,0.96705854,30.0,0.415134,-0.49819192,0.47862658,0.07766697730128935,"{""geodesic"":false,""type"":""Point"",""coordinates"":[-75.85153827925573,9.208683276997112]}"
4927,0.0,0.868248,966.0745,13.146134,1,0.022535352,0.580356,30.0,0.6403659,-0.5703339,0.35558018,0.10504194944098799,"{""geodesic"":false,""type"":""Point"",""coordinates"":[-75.90451624267497,8.7698289545648]}"
4928,0.0,-0.11777544,7269.9727,7.582211,1,0.021320257,1.0219302,30.0,0.46978897,-0.49485445,0.31574962,0.4175450752636575,"{""geodesic"":false,""type"":""Point"",""coordinates"":[-75.64144922576634,8.847156296472678]}"
4929,0.0,1.4178505,4170.971,22.337322,1,0.14057067,0.0,30.0,0.6093591,-0.61305124,0.45036575,0.6918288163132676,"{""geodesic"":false,""type"":""Point"",""coordinates"":[-76.00895015847743,8.556580478060079]}"
4931,0.0,0.0,975.8074,3.0,1,0.008440839,0.17223759,90.0,0.2711111,-0.18059856,0.0,0.28064311505110207,"{""geodesic"":false,""type"":""Point"",""coordinates"":[-75.72802342615107,9.16689802084991]}"
4932,0.0,0.009493828,366.19666,4.0968776,1,0.507318,0.0,40.0,0.32960314,-0.34341308,0.33871815,0.4984562650136234,"{""geodesic"":false,""type"":""Point"",""coordinates"":[-75.72762813777223,9.106663606146956]}"
4933,0.0,0.0,1854.4271,3.0,1,0.055379488,0.6984159,80.0,0.5649069,-0.43130395,0.0,0.04489479771941163,"{""geodesic"":false,""type"":""Point"",""coordinates"":[-75.80100070119926,9.200116791430581]}"
4934,0.0,-0.15926361,900.4999,20.9167,1,0.04662417,0.66670704,30.0,0.55316,-0.5977386,0.28017396,0.5193317365963404,"{""geodesic"":false,""type"":""Point"",""coordinates"":[-76.03276440676505,8.593687980573593]}"
4936,0.0,0.0,2287.0942,3.0,1,0.08458626,0.21692598,30.0,0.37375084,-0.4486441,0.0,0.096396309677386,"{""geodesic"":false,""type"":""Point"",""coordinates"":[-75.69383011371144,9.134676746300856]}"
4940,0.0,0.0,450.9989,3.0,1,0.024531677,0.7641509,90.0,0.18234837,-0.13533694,0.0,0.018228582547031746,"{""geodesic"":false,""type"":""Point"",""coordinates"":[-75.76828722121594,9.225421308124393]}"
4942,6.429556,1.9261298,6270.0,2.4293618,1,0.027461676,1.5719823,30.0,0.698371,-0.57697,0.28004885,0.5381653695304014,"{""geodesic"":false,""type"":""Point"",""coordinates"":[-75.95706196756032,9.253185104050308]}"
4943,0.0,0.0,785.1751,3.0,1,0.011862183,1.9441264,30.0,0.63204265,-0.53138256,0.0,0.08502627736820512,"{""geodesic"":false,""type"":""Point"",""coordinates"":[-75.6895312706717,9.170772046823627]}"
4944,2.093717,3.3404999,1390228.5,66.247284,1,0.02102327,5.567895,30.0,0.4876133,-0.40981102,1.3690417,0.3220076089886874,"{""geodesic"":false,""type"":""Point"",""coordinates"":[-75.49530983206952,9.113837175831225]}"
4946,0.0,0.0,300.0,5.5,1,0.018759428,0.0,90.0,0.6929348,-0.56532663,0.0,0.6502239522896275,"{""geodesic"":false,""type"":""Point"",""coordinates"":[-75.8398653397525,9.121887505296346]}"
4947,0.0,0.0,1850.5404,3.0,1,0.039722066,0.15464018,90.0,0.49859983,-0.47267723,0.0,0.33662306027543554,"{""geodesic"":false,""type"":""Point"",""coordinates"":[-75.69711534778997,9.139283089792917]}"
4948,0.0,1.2669086,1535.8711,8.210275,1,0.052780315,0.33087307,30.0,0.6495566,-0.58032954,0.508231,0.45217342567860785,"{""geodesic"":false,""type"":""Point"",""coordinates"":[-75.86952556354672,9.08166223186529]}"
4950,0.0,1.9624939,1872.7787,12.040856,1,0.013633472,0.32616612,30.0,0.48776978,-0.510371,0.6777507,0.3496099262745277,"{""geodesic"":false,""type"":""Point"",""coordinates"":[-75.8911436457836,8.880018194512978]}"
4952,0.0,1.4735899,2986.1682,13.898837,1,0.15451086,0.20804149,30.0,0.39056832,-0.4877102,0.56926805,0.5155220930325453,"{""geodesic"":false,""type"":""Point"",""coordinates"":[-75.92808358666045,8.814811164484166]}"
4956,0.0,0.0,361.24783,3.0,1,0.008440448,0.34135094,40.0,0.6234498,-0.47976878,0.0,0.5434596685512718,"{""geodesic"":false,""type"":""Point"",""coordinates"":[-75.67808737812321,9.183546279246883]}"
4957,0.0,-0.35000664,90.0,1.1783924,1,0.011440617,0.33428293,90.0,0.6167401,-0.6242931,0.78813666,0.09028045620229119,"{""geodesic"":false,""type"":""Point"",""coordinates"":[-75.91564804645246,9.395190880270496]}"
4958,0.0,1.5682497,4280.0234,3.0170164,1,0.13957548,0.739795,30.0,0.697201,-0.6356057,0.49289504,0.33227335025533977,"{""geodesic"":false,""type"":""Point"",""coordinates"":[-75.94154392210282,9.271404207373248]}"
4959,0.0,4.517048,2429.8147,11.5,1,0.15432999,1.4416455,10.0,0.52592593,-0.4816813,1.7563658,0.08512241482967065,"{""geodesic"":false,""type"":""Point"",""coordinates"":[-75.88671598349515,8.967123326176734]}"
4961,10.986392,0.2532091,360.0,5.9376264,1,0.35389662,0.20518093,30.0,0.38866398,-0.49641633,0.09522449,0.18950577054390316,"{""geodesic"":false,""type"":""Point"",""coordinates"":[-75.8559459978065,9.11072580396703]}"
4962,0.0,0.0,468.615,3.0,1,0.010901904,0.9754579,90.0,0.35137656,-0.3065644,0.0,0.5182118877349586,"{""geodesic"":false,""type"":""Point"",""coordinates"":[-75.70971914983919,9.161779102497125]}"
4963,0.0,1.2476463,708.02545,21.002361,1,0.026300594,1.3515626,30.0,0.6264118,-0.553527,0.5795838,0.18495628343791082,"{""geodesic"":false,""type"":""Point"",""coordinates"":[-76.0262417403282,8.601030962267583]}"
4964,0.0,2.982781,829.759,1.3007017,1,0.008437435,0.80011874,30.0,0.60503954,-0.61354935,0.8318148,0.6619412907370554,"{""geodesic"":false,""type"":""Point"",""coordinates"":[-75.94301762237205,9.311826008546932]}"
4965,0.0,0.0,4995.2476,4.0,1,1.880188,0.3897471,90.0,0.6412497,-0.575173,0.0,0.6871629762342396,"{""geodesic"":false,""type"":""Point"",""coordinates"":[-75.6569476242156,9.121449988446328]}"
4966,0.0,-0.038966417,6796.705,2.8613164,1,2.930359,0.08361511,90.0,0.6489875,-0.55666816,0.027235419,0.6560403139147227,"{""geodesic"":false,""type"":""Point"",""coordinates"":[-75.96527404887074,9.260217210285292]}"
4967,0.0,1.3881083,1592.2626,13.589376,1,0.034217756,1.1126413,30.0,0.50107265,-0.5335003,0.19513117,0.537005070584807,"{""geodesic"":false,""type"":""Point"",""coordinates"":[-75.91199293720362,8.815935841851624]}"
4968,0.0,2.378024,3300.0,3.0,1,0.008630574,1.0589013,90.0,0.49364766,-0.5044855,0.0,0.28042844591885585,"{""geodesic"":false,""type"":""Point"",""coordinates"":[-75.6883519678248,9.125461881470587]}"
4969,0.0,0.0,445.98206,3.5,1,0.07872241,0.39269474,90.0,0.45976156,-0.37691092,0.0,0.5150210441194095,"{""geodesic"":false,""type"":""Point"",""coordinates"":[-75.70106802373559,9.066015897935541]}"
4971,0.0,4.2009563,0.0,23.5,1,976.89825,0.0094103785,80.0,-0.38204923,0.45594406,0.0,0.5489940536144573,"{""geodesic"":false,""type"":""Point"",""coordinates"":[-75.96658349183127,8.510021234929711]}"
4972,0.0,0.38784695,0.0,10.500119,1,540.76117,0.11387747,30.0,0.5197385,-0.5410505,0.17157115,0.42463282670290814,"{""geodesic"":false,""type"":""Point"",""coordinates"":[-75.87202838230493,8.872466268101386]}"
4973,0.0,-0.31437016,870.5171,3.9701865,1,0.015657973,0.15539841,30.0,0.2561961,-0.31407636,0.08049207,0.6482028486537051,"{""geodesic"":false,""type"":""Point"",""coordinates"":[-75.76757340923615,9.14755207392008]}"
4974,7.8715944,-0.113285065,1897.3666,5.593157,1,9.183773,1.1135018,30.0,0.55987054,-0.5498392,1.2155921,0.30763637798438837,"{""geodesic"":false,""type"":""Point"",""coordinates"":[-75.85986674031304,9.15195744144009]}"
4975,0.0,0.66518974,1772.2866,4.8579025,1,20.827404,1.2874817,30.0,0.60141927,-0.5386364,0.20163354,0.4439693335811329,"{""geodesic"":false,""type"":""Point"",""coordinates"":[-75.84901147685004,9.179657852934687]}"
4976,21.066805,3.8241873,0.0,4.0,1,7817.902,0.059429146,80.0,-0.2397892,0.3251462,4.5254965,0.27645398479332683,"{""geodesic"":false,""type"":""Point"",""coordinates"":[-75.83816788297008,9.096387028220859]}"
4978,0.0,-4.767809,212.13203,16.395939,1,0.00845017,1.1351438,30.0,0.5089469,-0.540581,5.56783,0.2992362871455436,"{""geodesic"":false,""type"":""Point"",""coordinates"":[-75.94730396472352,8.757243324155228]}"
4979,0.0,0.07719326,540.8327,13.683737,1,0.155204,0.42583266,30.0,0.609933,-0.60545355,0.14852689,0.24628421660075006,"{""geodesic"":false,""type"":""Point"",""coordinates"":[-75.89421985823488,8.798071180735413]}"
4980,0.0,0.3748665,2214.7234,15.082509,1,0.043427274,0.2596494,30.0,0.6402289,-0.6654213,0.3889198,0.5185332108232625,"{""geodesic"":false,""type"":""Point"",""coordinates"":[-75.9688525838503,8.758545337332931]}"
4981,0.0,0.86726665,1453.9945,10.823945,1,0.013755326,1.1424177,30.0,0.53388745,-0.5537565,0.41894555,0.24493671046915833,"{""geodesic"":false,""type"":""Point"",""coordinates"":[-75.88448765484785,8.948407421233943]}"
4982,0.0,1.1240377,268.32816,9.935657,1,0.09526912,0.108827524,30.0,0.5835141,-0.5823699,0.14390808,0.6236195918241425,"{""geodesic"":false,""type"":""Point"",""coordinates"":[-75.87180428700636,8.893087439046402]}"
4983,0.0,-0.5208936,2040.0,3.9939759,1,0.031132957,0.69611126,30.0,0.5794685,-0.6045527,0.3347782,0.1790333737344919,"{""geodesic"":false,""type"":""Point"",""coordinates"":[-75.91855747732953,9.254099739050064]}"
4984,0.0,0.45926785,1972.942,0.9359217,1,0.10538303,0.9202908,30.0,0.32787305,-0.39387426,0.25335512,0.25159296110750307,"{""geodesic"":false,""type"":""Point"",""coordinates"":[-75.96327762907173,9.329135760007077]}"
4985,0.0,-0.9133005,872.0665,11.429674,1,0.08736158,0.25383312,40.0,0.6381791,-0.59645104,0.4776591,0.2706628287820412,"{""geodesic"":false,""type"":""Point"",""coordinates"":[-75.85919033196262,8.865712887245133]}"
4987,0.0,0.010922432,1950.0,4.372068,1,1.6297034,1.3268249,90.0,0.44168988,-0.44678345,0.5334065,0.21462789314592123,"{""geodesic"":false,""type"":""Point"",""coordinates"":[-75.76064884517854,9.100898245866748]}"
4989,0.0,0.23015213,426.38013,10.651161,1,0.054576382,0.3137183,30.0,0.48451784,-0.5427521,0.06294267,0.26543370317414816,"{""geodesic"":false,""type"":""Point"",""coordinates"":[-75.86643398432435,8.929728741107018]}"
4990,0.0,-0.29842758,711.19617,11.8401985,1,0.016578076,0.519491,30.0,0.4790313,-0.4790313,0.57909685,0.41875015375590796,"{""geodesic"":false,""type"":""Point"",""coordinates"":[-75.88294287148727,8.873254596702001]}"
4991,0.0,0.5931916,933.381,3.0,1,1.1074747,0.01723134,30.0,0.23937288,-0.31144178,0.0,0.5951028977148807,"{""geodesic"":false,""type"":""Point"",""coordinates"":[-75.7579266997246,9.233311761312466]}"
4992,0.0,-1.4083211,2191.8486,3.8581727,1,0.15463112,0.93654823,40.0,0.34210145,-0.45891595,1.5279989,0.48322082708884817,"{""geodesic"":false,""type"":""Point"",""coordinates"":[-75.72115409542779,9.145476715513364]}"
4993,0.0,0.42359257,1295.5693,3.5,1,0.4990913,0.106065966,40.0,0.54846215,-0.4589599,0.6624771,0.058960194563068447,"{""geodesic"":false,""type"":""Point"",""coordinates"":[-75.6742941403855,9.053856208814496]}"
4994,0.0,0.0,400.2499,3.0,1,0.80405635,0.0,90.0,0.41948766,-0.26112577,0.0,0.18487462707193225,"{""geodesic"":false,""type"":""Point"",""coordinates"":[-75.67591472273143,9.189790984488322]}"
4995,0.0,0.84388924,1851.513,18.514408,1,0.13026622,0.37041175,30.0,0.5322664,-0.54141784,0.51591593,0.17748977489972828,"{""geodesic"":false,""type"":""Point"",""coordinates"":[-75.99468538364671,8.626346470618007]}"
4996,0.0,0.4591236,1173.4564,12.370524,1,0.11378018,0.5485155,30.0,0.40967044,-0.50256413,0.26634246,0.5535793524581213,"{""geodesic"":false,""type"":""Point"",""coordinates"":[-75.89617947015704,8.818958443243812]}"
4998,0.0,-0.056703568,590.93146,18.59325,1,0.011957614,0.7779329,30.0,0.45547727,-0.5202409,0.48274273,0.4100934358831827,"{""geodesic"":false,""type"":""Point"",""coordinates"":[-76.01030951240773,8.658049786677703]}"
4999,0.0,0.21405816,5366.9824,2.7638724,1,0.15921308,9.074138E-4,40.0,0.5366619,-0.5539527,0.11887296,0.5969203691752925,"{""geodesic"":false,""type"":""Point"",""coordinates"":[-75.94834400813103,9.261076351928077]}"
